id,type,statut,dateCommande,produitId,quantite,prixApplique,montant
d82b9428-4aca-4d98-8807-b11ecc66376a,ACHAT_FOURNISSEUR,RECUE,2024-08-04 18:53:00,b1d3e895-75e6-42ad-a3f8-6bd8b9d22be8,11,15.0,165.0
d82b9428-4aca-4d98-8807-b11ecc66376a,ACHAT_FOURNISSEUR,RECUE,2024-08-04 18:53:00,3d69487c-f6bf-4558-b7c5-86dfd5caedb4,11,4.0,44.0
b7e74f97-87a1-4657-86ec-561e28517ddd,ACHAT_FOURNISSEUR,RECUE,2024-08-08 12:24:00,1d4729fb-527d-4107-b1d8-d718e7f64323,21,18.0,378.0
4477dd7c-2e29-40dd-9ae9-6c1264760f9e,ACHAT_FOURNISSEUR,RECUE,2024-08-05 16:45:00,2f9f7915-0f2d-4aa0-98fa-fbff272def4e,9,6.0,54.0
4477dd7c-2e29-40dd-9ae9-6c1264760f9e,ACHAT_FOURNISSEUR,RECUE,2024-08-05 16:45:00,82c9b156-9e48-4772-b6a4-610f88eed060,10,6.0,60.0
ee794b02-ea6c-4f5a-853f-5af8217d94cb,ACHAT_FOURNISSEUR,ANNULEE,2024-08-29 11:23:00,2f9f7915-0f2d-4aa0-98fa-fbff272def4e,16,6.0,96.0
d17890ab-dc50-45ef-b978-146501046696,ACHAT_FOURNISSEUR,RECUE,2024-08-09 17:39:00,82c9b156-9e48-4772-b6a4-610f88eed060,19,6.0,114.0
70f60f4c-22c6-4351-a861-2e54db84ab48,ACHAT_FOURNISSEUR,RECUE,2024-08-28 16:18:00,05c220e2-16b4-44dc-b5fd-5c6af2a0e444,17,22.0,374.0
508541d3-89b9-4325-8b07-90b637b2c5a4,VENTE_CLIENT,ANNULEE,2024-08-19 10:52:00,82c9b156-9e48-4772-b6a4-610f88eed060,2,14.9,29.8
077171c0-cfaf-4e51-baec-51212e384f05,VENTE_CLIENT,RECUE,2024-08-04 15:03:00,3d69487c-f6bf-4558-b7c5-86dfd5caedb4,3,12.9,38.7
0eab7f2f-e8a8-4cdc-ae5a-cd28580e4f28,VENTE_CLIENT,RECUE,2024-08-29 11:05:00,2f9f7915-0f2d-4aa0-98fa-fbff272def4e,1,14.9,14.9
0f0f4234-150e-4238-aecc-db782cef3e97,VENTE_CLIENT,RECUE,2024-08-31 18:05:00,1d4729fb-527d-4107-b1d8-d718e7f64323,2,44.9,89.8
0f0f4234-150e-4238-aecc-db782cef3e97,VENTE_CLIENT,RECUE,2024-08-31 18:05:00,b1d3e895-75e6-42ad-a3f8-6bd8b9d22be8,2,39.9,79.8
041edeaa-ca33-402f-aebf-f10e42b70795,VENTE_CLIENT,RECUE,2024-08-01 08:35:00,2f9f7915-0f2d-4aa0-98fa-fbff272def4e,3,14.9,44.7
ee4d0ab5-f23b-4647-9932-c3697a283e42,VENTE_CLIENT,RECUE,2024-08-17 13:58:00,05c220e2-16b4-44dc-b5fd-5c6af2a0e444,1,54.9,54.9
ee4d0ab5-f23b-4647-9932-c3697a283e42,VENTE_CLIENT,RECUE,2024-08-17 13:58:00,1d4729fb-527d-4107-b1d8-d718e7f64323,1,44.9,44.9
6a9ddb14-3e69-4e5f-bdad-6ccfdd696d40,VENTE_CLIENT,RECUE,2024-08-26 09:56:00,b1d3e895-75e6-42ad-a3f8-6bd8b9d22be8,2,39.9,79.8
f68cbd7b-0e68-41d6-8ae5-d5af9064cdb0,VENTE_CLIENT,RECUE,2024-08-03 16:14:00,2f9f7915-0f2d-4aa0-98fa-fbff272def4e,1,14.9,14.9
33c298a3-89c9-4a21-b457-7f0bd1a581a1,VENTE_CLIENT,RECUE,2024-08-03 14:47:00,05c220e2-16b4-44dc-b5fd-5c6af2a0e444,2,54.9,109.8
744de76b-fe23-4715-9524-58359d75db2f,VENTE_CLIENT,RECUE,2024-08-28 13:33:00,b1d3e895-75e6-42ad-a3f8-6bd8b9d22be8,2,39.9,79.8
2aa30e41-9ada-436e-9179-efb471e6b254,VENTE_CLIENT,RECUE,2024-08-29 18:23:00,3d69487c-f6bf-4558-b7c5-86dfd5caedb4,3,12.9,38.7
98d9acfc-f068-4819-90e7-2cd82e9462ea,VENTE_CLIENT,RECUE,2024-08-08 10:33:00,b1d3e895-75e6-42ad-a3f8-6bd8b9d22be8,1,39.9,39.9
98d9acfc-f068-4819-90e7-2cd82e9462ea,VENTE_CLIENT,RECUE,2024-08-08 10:33:00,82c9b156-9e48-4772-b6a4-610f88eed060,2,14.9,29.8
d440486d-cc93-4ddd-9857-4f0264343ddf,VENTE_CLIENT,RECUE,2024-08-28 16:47:00,2f9f7915-0f2d-4aa0-98fa-fbff272def4e,1,14.9,14.9
68b20cdc-2194-4a49-bc20-e2b93bc2afd4,VENTE_CLIENT,RECUE,2024-08-29 15:27:00,82c9b156-9e48-4772-b6a4-610f88eed060,1,14.9,14.9
68b20cdc-2194-4a49-bc20-e2b93bc2afd4,VENTE_CLIENT,RECUE,2024-08-29 15:27:00,1d4729fb-527d-4107-b1d8-d718e7f64323,2,44.9,89.8
b2313eba-8e1f-43b6-b130-a08e0f5cfd6c,VENTE_CLIENT,RECUE,2024-08-11 09:30:00,2f9f7915-0f2d-4aa0-98fa-fbff272def4e,3,14.9,44.7
c6e43575-37b7-4b7d-a3d5-9bfa77739324,VENTE_CLIENT,RECUE,2024-08-16 07:52:00,05c220e2-16b4-44dc-b5fd-5c6af2a0e444,3,54.9,164.7
e9b1acc2-c87c-446e-93dc-639485ad2926,VENTE_CLIENT,RECUE,2024-08-20 13:50:00,82c9b156-9e48-4772-b6a4-610f88eed060,3,14.9,44.7
f9a25f7c-2315-4b4d-af42-ff2f5610d30c,VENTE_CLIENT,RECUE,2024-08-21 11:40:00,05c220e2-16b4-44dc-b5fd-5c6af2a0e444,1,54.9,54.9
ff5dc859-0ed9-44e9-a3f8-dc31018a4465,VENTE_CLIENT,RECUE,2024-08-02 08:22:00,3d69487c-f6bf-4558-b7c5-86dfd5caedb4,2,12.9,25.8
cfdbbfd9-4704-4fd8-b854-e68f98a1ffcb,VENTE_CLIENT,RECUE,2024-08-06 14:33:00,05c220e2-16b4-44dc-b5fd-5c6af2a0e444,3,54.9,164.7
8af49b8d-3c18-4a2b-82dd-79741e0d9c62,ACHAT_FOURNISSEUR,RECUE,2024-09-18 08:50:00,6807df5e-79b3-4b3d-ad75-2360dc5da848,22,15.0,330.0
0ae98e5f-2f97-4333-b7f0-535bda7caf4f,ACHAT_FOURNISSEUR,RECUE,2024-09-29 07:29:00,6807df5e-79b3-4b3d-ad75-2360dc5da848,20,15.0,300.0
a2ecd97a-b079-4518-8399-05017db35961,ACHAT_FOURNISSEUR,RECUE,2024-09-20 14:58:00,4b036e43-3c29-4f80-bddb-d0b09c2ddfae,17,5.0,85.0
27d56a26-9f70-484b-b868-e379c6374b66,ACHAT_FOURNISSEUR,RECUE,2024-09-23 09:50:00,61fa2627-0c32-4b7e-867e-a04aaeaf12aa,10,6.0,60.0
27d56a26-9f70-484b-b868-e379c6374b66,ACHAT_FOURNISSEUR,RECUE,2024-09-23 09:50:00,dbee0582-7f92-49c0-b98d-beef835602c0,10,7.0,70.0
2b4180ef-d849-4937-8456-b054a5999bb8,ACHAT_FOURNISSEUR,RECUE,2024-09-17 08:26:00,05c220e2-16b4-44dc-b5fd-5c6af2a0e444,13,22.0,286.0
2b4180ef-d849-4937-8456-b054a5999bb8,ACHAT_FOURNISSEUR,RECUE,2024-09-17 08:26:00,4b036e43-3c29-4f80-bddb-d0b09c2ddfae,12,5.0,60.0
e636da4f-dc85-444f-b9a0-61b52f7c3c63,ACHAT_FOURNISSEUR,RECUE,2024-09-06 08:51:00,61fa2627-0c32-4b7e-867e-a04aaeaf12aa,20,6.0,120.0
27f86ac3-0bcb-44c3-b97b-962b20e47ab4,VENTE_CLIENT,RECUE,2024-09-28 15:26:00,1d4729fb-527d-4107-b1d8-d718e7f64323,1,44.9,44.9
d9d9994f-f36d-4b7c-810f-94e65f763824,VENTE_CLIENT,RECUE,2024-09-26 14:06:00,4b036e43-3c29-4f80-bddb-d0b09c2ddfae,1,16.9,16.9
d1a2c56a-7d64-4df3-be1a-3a979c216a0b,VENTE_CLIENT,RECUE,2024-09-20 14:16:00,82c9b156-9e48-4772-b6a4-610f88eed060,1,14.9,14.9
3f8df2ad-a550-41b9-b664-0aa0ac3eab45,VENTE_CLIENT,RECUE,2024-09-08 08:20:00,61fa2627-0c32-4b7e-867e-a04aaeaf12aa,1,14.9,14.9
daaa4be7-2978-4dc7-9741-ce21f6c44f9c,VENTE_CLIENT,RECUE,2024-09-11 13:13:00,05c220e2-16b4-44dc-b5fd-5c6af2a0e444,2,54.9,109.8
83e73b95-33dd-4c06-b32a-5557ca67e06c,VENTE_CLIENT,RECUE,2024-09-23 15:40:00,1d4729fb-527d-4107-b1d8-d718e7f64323,2,44.9,89.8
b58902e7-5769-4c88-8576-0ff18572ce13,VENTE_CLIENT,RECUE,2024-09-14 13:59:00,6807df5e-79b3-4b3d-ad75-2360dc5da848,1,39.9,39.9
7691caee-6dfa-4354-9d3b-ebe523cbe5d8,VENTE_CLIENT,ANNULEE,2024-09-30 08:20:00,6807df5e-79b3-4b3d-ad75-2360dc5da848,2,39.9,79.8
b5602fef-cb21-4b2e-96dd-cc9d447234b0,VENTE_CLIENT,RECUE,2024-09-17 17:03:00,dbee0582-7f92-49c0-b98d-beef835602c0,3,19.9,59.699999999999996
bd1ce9ea-b342-4c8e-8957-c4b4f396f834,VENTE_CLIENT,ANNULEE,2024-09-28 13:42:00,6807df5e-79b3-4b3d-ad75-2360dc5da848,3,39.9,119.69999999999999
adc9d3dd-8971-4e97-8e97-b4e660ba826d,VENTE_CLIENT,RECUE,2024-09-03 07:38:00,05c220e2-16b4-44dc-b5fd-5c6af2a0e444,1,54.9,54.9
95791e2e-1c66-4714-b4e9-c22eac0f22cd,VENTE_CLIENT,RECUE,2024-09-27 13:50:00,6807df5e-79b3-4b3d-ad75-2360dc5da848,3,39.9,119.69999999999999
ba04b539-13ba-48cf-b4bd-1cd0fbd149a5,VENTE_CLIENT,RECUE,2024-09-21 12:54:00,b1d3e895-75e6-42ad-a3f8-6bd8b9d22be8,2,39.9,79.8
1de32e99-24a1-4053-bf57-e6904f76559b,VENTE_CLIENT,ANNULEE,2024-09-29 09:20:00,b1d3e895-75e6-42ad-a3f8-6bd8b9d22be8,1,39.9,39.9
95d79152-ef14-4b29-b0cb-4fff3f5db6d3,VENTE_CLIENT,RECUE,2024-09-19 15:44:00,82c9b156-9e48-4772-b6a4-610f88eed060,1,14.9,14.9
83560502-7ce5-43be-8dfc-a19108c1a66b,VENTE_CLIENT,RECUE,2024-09-15 11:58:00,4b036e43-3c29-4f80-bddb-d0b09c2ddfae,2,16.9,33.8
6f599c16-8113-489c-bf3c-2d56e46c89d9,VENTE_CLIENT,RECUE,2024-09-20 12:49:00,3d69487c-f6bf-4558-b7c5-86dfd5caedb4,1,12.9,12.9
6ff9dba4-c339-4ff2-b142-25d837a4fcbd,VENTE_CLIENT,RECUE,2024-09-17 12:40:00,05c220e2-16b4-44dc-b5fd-5c6af2a0e444,2,54.9,109.8
4772d3ae-84db-4284-be75-b1a125e2e972,VENTE_CLIENT,RECUE,2024-09-11 09:13:00,6807df5e-79b3-4b3d-ad75-2360dc5da848,1,39.9,39.9
2a782756-a039-4001-80a9-da24adf411be,VENTE_CLIENT,RECUE,2024-09-03 11:54:00,4b036e43-3c29-4f80-bddb-d0b09c2ddfae,1,16.9,16.9
2a782756-a039-4001-80a9-da24adf411be,VENTE_CLIENT,RECUE,2024-09-03 11:54:00,6807df5e-79b3-4b3d-ad75-2360dc5da848,2,39.9,79.8
31b04bb3-e217-48d6-9cc0-3b4323b513e7,VENTE_CLIENT,RECUE,2024-09-20 11:19:00,6807df5e-79b3-4b3d-ad75-2360dc5da848,2,39.9,79.8
a6229740-68ab-4496-96ce-93dd83bab60e,VENTE_CLIENT,RECUE,2024-09-02 10:19:00,b1d3e895-75e6-42ad-a3f8-6bd8b9d22be8,2,39.9,79.8
a6229740-68ab-4496-96ce-93dd83bab60e,VENTE_CLIENT,RECUE,2024-09-02 10:19:00,6807df5e-79b3-4b3d-ad75-2360dc5da848,3,39.9,119.69999999999999
46420f7a-75ce-4d19-9a9f-94ef99c8f476,VENTE_CLIENT,RECUE,2024-09-15 16:28:00,4b036e43-3c29-4f80-bddb-d0b09c2ddfae,3,16.9,50.699999999999996
d4146fa8-26de-460e-9adf-81a400589d28,VENTE_CLIENT,RECUE,2024-09-02 14:54:00,61fa2627-0c32-4b7e-867e-a04aaeaf12aa,3,14.9,44.7
501c1806-e1d3-43d4-84d6-28fffc7f3d8e,VENTE_CLIENT,RECUE,2024-09-22 16:05:00,05c220e2-16b4-44dc-b5fd-5c6af2a0e444,3,54.9,164.7
6d3e8d31-7f55-4353-89e3-cfdb74823713,VENTE_CLIENT,RECUE,2024-09-01 08:44:00,1d4729fb-527d-4107-b1d8-d718e7f64323,1,44.9,44.9
ec8a3576-4946-4328-9970-2a23e85faeb8,VENTE_CLIENT,RECUE,2024-09-24 09:53:00,6807df5e-79b3-4b3d-ad75-2360dc5da848,1,39.9,39.9
2b069bae-810d-4074-aa9c-73a7ca104050,VENTE_CLIENT,RECUE,2024-09-29 12:16:00,61fa2627-0c32-4b7e-867e-a04aaeaf12aa,3,14.9,44.7
6185fb6d-50cd-4966-8169-253d6b24c274,VENTE_CLIENT,ANNULEE,2024-09-18 11:17:00,05c220e2-16b4-44dc-b5fd-5c6af2a0e444,1,54.9,54.9
19a50506-8b6e-4acb-b0f3-4a634338122c,VENTE_CLIENT,RECUE,2024-09-06 10:37:00,dbee0582-7f92-49c0-b98d-beef835602c0,1,19.9,19.9
b5f64a23-9fab-4f9e-b3e5-c81f9457a34e,VENTE_CLIENT,ANNULEE,2024-09-20 12:40:00,4b036e43-3c29-4f80-bddb-d0b09c2ddfae,3,16.9,50.699999999999996
feeb3454-ccf2-4d9e-94c2-0fb5d50ced7f,VENTE_CLIENT,RECUE,2024-09-07 08:47:00,6807df5e-79b3-4b3d-ad75-2360dc5da848,3,39.9,119.69999999999999
feeb3454-ccf2-4d9e-94c2-0fb5d50ced7f,VENTE_CLIENT,RECUE,2024-09-07 08:47:00,61fa2627-0c32-4b7e-867e-a04aaeaf12aa,3,14.9,44.7
43cc0979-df5c-4f70-8ee4-96b61bc1b64b,ACHAT_FOURNISSEUR,RECUE,2024-10-02 14:43:00,6807df5e-79b3-4b3d-ad75-2360dc5da848,20,15.0,300.0
5f8380b8-b8bc-422b-9cd0-2048a2a9dbbc,ACHAT_FOURNISSEUR,RECUE,2024-10-20 13:01:00,1d4729fb-527d-4107-b1d8-d718e7f64323,8,18.0,144.0
5f8380b8-b8bc-422b-9cd0-2048a2a9dbbc,ACHAT_FOURNISSEUR,RECUE,2024-10-20 13:01:00,82c9b156-9e48-4772-b6a4-610f88eed060,13,6.0,78.0
34d5903f-edc2-43b3-9aa5-5bcc1f790011,ACHAT_FOURNISSEUR,RECUE,2024-10-21 13:58:00,1d4729fb-527d-4107-b1d8-d718e7f64323,11,18.0,198.0
34d5903f-edc2-43b3-9aa5-5bcc1f790011,ACHAT_FOURNISSEUR,RECUE,2024-10-21 13:58:00,05c220e2-16b4-44dc-b5fd-5c6af2a0e444,10,22.0,220.0
07a6518e-cd14-4c71-8cbc-5744f6ad2dc4,ACHAT_FOURNISSEUR,RECUE,2024-10-29 17:02:00,61fa2627-0c32-4b7e-867e-a04aaeaf12aa,9,6.0,54.0
07a6518e-cd14-4c71-8cbc-5744f6ad2dc4,ACHAT_FOURNISSEUR,RECUE,2024-10-29 17:02:00,3cfcc465-ff37-402e-9c1b-ba5d3ea94f01,14,18.0,252.0
403684cd-aeba-4a2e-bec6-914aff6ccf57,ACHAT_FOURNISSEUR,RECUE,2024-10-30 15:03:00,3d69487c-f6bf-4558-b7c5-86dfd5caedb4,13,4.0,52.0
403684cd-aeba-4a2e-bec6-914aff6ccf57,ACHAT_FOURNISSEUR,RECUE,2024-10-30 15:03:00,61fa2627-0c32-4b7e-867e-a04aaeaf12aa,14,6.0,84.0
ed34bf5b-d491-4fe7-bb47-bd26c8efb75c,ACHAT_FOURNISSEUR,RECUE,2024-10-19 16:25:00,1d4729fb-527d-4107-b1d8-d718e7f64323,9,18.0,162.0
ed34bf5b-d491-4fe7-bb47-bd26c8efb75c,ACHAT_FOURNISSEUR,RECUE,2024-10-19 16:25:00,82c9b156-9e48-4772-b6a4-610f88eed060,8,6.0,48.0
09305429-7bab-4cd6-9e8b-ed876c803829,VENTE_CLIENT,RECUE,2024-10-09 18:51:00,05c220e2-16b4-44dc-b5fd-5c6af2a0e444,1,54.9,54.9
09305429-7bab-4cd6-9e8b-ed876c803829,VENTE_CLIENT,RECUE,2024-10-09 18:51:00,61fa2627-0c32-4b7e-867e-a04aaeaf12aa,2,14.9,29.8
cb9e1691-8388-41b5-b47a-db20f2e8caf7,VENTE_CLIENT,RECUE,2024-10-25 12:02:00,dbee0582-7f92-49c0-b98d-beef835602c0,1,19.9,19.9
2b6262c2-2ed5-4c21-9f9a-2b5ff228b870,VENTE_CLIENT,RECUE,2024-10-30 08:12:00,61fa2627-0c32-4b7e-867e-a04aaeaf12aa,1,14.9,14.9
2b6262c2-2ed5-4c21-9f9a-2b5ff228b870,VENTE_CLIENT,RECUE,2024-10-30 08:12:00,6807df5e-79b3-4b3d-ad75-2360dc5da848,3,39.9,119.69999999999999
628084b9-e655-4e46-b851-128fe53f54bd,VENTE_CLIENT,RECUE,2024-10-14 15:59:00,1d4729fb-527d-4107-b1d8-d718e7f64323,1,44.9,44.9
2e4a5c73-a5d9-4c72-bea4-2a0439a00aee,VENTE_CLIENT,RECUE,2024-10-16 07:11:00,dbee0582-7f92-49c0-b98d-beef835602c0,2,19.9,39.8
2e4a5c73-a5d9-4c72-bea4-2a0439a00aee,VENTE_CLIENT,RECUE,2024-10-16 07:11:00,05c220e2-16b4-44dc-b5fd-5c6af2a0e444,1,54.9,54.9
7eda1c15-a212-4853-9c56-f2a32098ee32,VENTE_CLIENT,RECUE,2024-10-07 18:15:00,82c9b156-9e48-4772-b6a4-610f88eed060,1,14.9,14.9
1ad50383-1d58-41e0-8762-1f1d658b5cc8,VENTE_CLIENT,RECUE,2024-10-23 11:06:00,05c220e2-16b4-44dc-b5fd-5c6af2a0e444,1,54.9,54.9
73237dd5-db0c-465d-9b90-a760c1f30348,VENTE_CLIENT,RECUE,2024-10-03 07:43:00,dbee0582-7f92-49c0-b98d-beef835602c0,1,19.9,19.9
d6021678-e540-4b9e-8ff5-4fc38cc2f702,VENTE_CLIENT,RECUE,2024-10-09 11:55:00,3d69487c-f6bf-4558-b7c5-86dfd5caedb4,2,12.9,25.8
d6021678-e540-4b9e-8ff5-4fc38cc2f702,VENTE_CLIENT,RECUE,2024-10-09 11:55:00,4b036e43-3c29-4f80-bddb-d0b09c2ddfae,3,16.9,50.699999999999996
fea7144a-2544-4c22-af71-383f5ea65d43,VENTE_CLIENT,RECUE,2024-10-26 17:02:00,3d69487c-f6bf-4558-b7c5-86dfd5caedb4,3,12.9,38.7
3f6d38f3-3bfd-48bf-8db8-bcc1e0966aa6,VENTE_CLIENT,RECUE,2024-10-07 14:38:00,82c9b156-9e48-4772-b6a4-610f88eed060,3,14.9,44.7
ca551bde-9bfd-4a22-aabf-376c6fca3a59,VENTE_CLIENT,RECUE,2024-10-20 18:26:00,3d69487c-f6bf-4558-b7c5-86dfd5caedb4,3,12.9,38.7
ca551bde-9bfd-4a22-aabf-376c6fca3a59,VENTE_CLIENT,RECUE,2024-10-20 18:26:00,05c220e2-16b4-44dc-b5fd-5c6af2a0e444,2,54.9,109.8
42ae29da-4d27-47bd-8504-5c2f271f9065,VENTE_CLIENT,ANNULEE,2024-10-24 12:07:00,4b036e43-3c29-4f80-bddb-d0b09c2ddfae,2,16.9,33.8
59b8e228-499f-4735-a3cb-7e737535df10,VENTE_CLIENT,RECUE,2024-10-23 15:45:00,4b036e43-3c29-4f80-bddb-d0b09c2ddfae,3,16.9,50.699999999999996
15cbb9c3-4225-4c85-b133-82cec2d2a3e6,VENTE_CLIENT,RECUE,2024-10-17 12:10:00,6807df5e-79b3-4b3d-ad75-2360dc5da848,1,39.9,39.9
4e266bad-d74f-4b65-ab96-470fcc3f7533,VENTE_CLIENT,RECUE,2024-10-08 12:12:00,1d4729fb-527d-4107-b1d8-d718e7f64323,1,44.9,44.9
d46d080b-debc-48aa-a70f-84abc7123f7c,VENTE_CLIENT,RECUE,2024-10-31 13:49:00,3d69487c-f6bf-4558-b7c5-86dfd5caedb4,3,12.9,38.7
30c16946-b548-4adc-a480-20467164ca8b,VENTE_CLIENT,RECUE,2024-10-09 10:59:00,05c220e2-16b4-44dc-b5fd-5c6af2a0e444,1,54.9,54.9
c4c9651e-6248-493c-9422-0570d2806bb4,VENTE_CLIENT,RECUE,2024-10-24 13:27:00,05c220e2-16b4-44dc-b5fd-5c6af2a0e444,2,54.9,109.8
d7962740-31ff-40f6-95e3-d162db531cd8,VENTE_CLIENT,RECUE,2024-10-01 10:32:00,3d69487c-f6bf-4558-b7c5-86dfd5caedb4,3,12.9,38.7
e9e323f8-2590-453b-8d65-bea19f7b01b9,VENTE_CLIENT,RECUE,2024-10-04 18:25:00,61fa2627-0c32-4b7e-867e-a04aaeaf12aa,2,14.9,29.8
b7c013d3-0f26-40d8-943a-3ae159cbe64b,VENTE_CLIENT,ANNULEE,2024-10-21 12:12:00,3d69487c-f6bf-4558-b7c5-86dfd5caedb4,1,12.9,12.9
45d37383-01af-4807-87cf-f9f8e618db27,VENTE_CLIENT,RECUE,2024-10-04 12:03:00,1d4729fb-527d-4107-b1d8-d718e7f64323,2,44.9,89.8
45d37383-01af-4807-87cf-f9f8e618db27,VENTE_CLIENT,RECUE,2024-10-04 12:03:00,61fa2627-0c32-4b7e-867e-a04aaeaf12aa,3,14.9,44.7
22814abe-d0f3-432b-815b-7cb62789f822,VENTE_CLIENT,RECUE,2024-10-04 16:28:00,dbee0582-7f92-49c0-b98d-beef835602c0,1,19.9,19.9
26e72c04-d134-4df9-9e92-056ac120a7a6,VENTE_CLIENT,RECUE,2024-10-28 13:47:00,3cfcc465-ff37-402e-9c1b-ba5d3ea94f01,1,44.9,44.9
26e72c04-d134-4df9-9e92-056ac120a7a6,VENTE_CLIENT,RECUE,2024-10-28 13:47:00,3d69487c-f6bf-4558-b7c5-86dfd5caedb4,1,12.9,12.9
7cde8dea-fcf9-4318-9e83-ecf8d5c443c0,VENTE_CLIENT,RECUE,2024-10-11 14:33:00,82c9b156-9e48-4772-b6a4-610f88eed060,2,14.9,29.8
a4477f48-1b9c-491f-aa39-e3df9f9014c3,VENTE_CLIENT,RECUE,2024-10-14 17:10:00,1d4729fb-527d-4107-b1d8-d718e7f64323,1,44.9,44.9
5639e44f-71a4-435b-9ee4-7d2180db51c5,VENTE_CLIENT,RECUE,2024-10-05 11:15:00,61fa2627-0c32-4b7e-867e-a04aaeaf12aa,3,14.9,44.7
3cea9d8b-f0fb-488b-80f9-ef5b8acbb943,VENTE_CLIENT,ANNULEE,2024-10-23 13:34:00,4b036e43-3c29-4f80-bddb-d0b09c2ddfae,1,16.9,16.9
faf11e2d-d64e-4ad9-9ed4-50b74141559e,ACHAT_FOURNISSEUR,RECUE,2024-11-20 07:08:00,61fa2627-0c32-4b7e-867e-a04aaeaf12aa,23,6.0,138.0
b350fda7-4f85-4484-af3f-8731e639749d,ACHAT_FOURNISSEUR,RECUE,2024-11-19 15:55:00,dbee0582-7f92-49c0-b98d-beef835602c0,12,7.0,84.0
b350fda7-4f85-4484-af3f-8731e639749d,ACHAT_FOURNISSEUR,RECUE,2024-11-19 15:55:00,4b036e43-3c29-4f80-bddb-d0b09c2ddfae,12,5.0,60.0
c6af1384-6e6e-4565-ae15-b7101d26f1a2,ACHAT_FOURNISSEUR,RECUE,2024-11-25 09:36:00,61fa2627-0c32-4b7e-867e-a04aaeaf12aa,10,6.0,60.0
c6af1384-6e6e-4565-ae15-b7101d26f1a2,ACHAT_FOURNISSEUR,RECUE,2024-11-25 09:36:00,394e86b1-2529-4787-99f0-efc1a9651537,10,3.0,30.0
4c6720f5-8734-457f-9b09-dcb098259436,ACHAT_FOURNISSEUR,RECUE,2024-11-07 17:14:00,3cfcc465-ff37-402e-9c1b-ba5d3ea94f01,26,18.0,468.0
b046b6f7-dd71-4759-8fb2-a648caf10f56,ACHAT_FOURNISSEUR,RECUE,2024-11-28 12:44:00,80736db9-6fe9-46c5-b942-d8e6d8873264,10,9.0,90.0
b046b6f7-dd71-4759-8fb2-a648caf10f56,ACHAT_FOURNISSEUR,RECUE,2024-11-28 12:44:00,3cfcc465-ff37-402e-9c1b-ba5d3ea94f01,14,18.0,252.0
d663895f-ffa1-40fc-b8d3-49725cceddbc,ACHAT_FOURNISSEUR,RECUE,2024-11-15 16:37:00,61fa2627-0c32-4b7e-867e-a04aaeaf12aa,10,6.0,60.0
d663895f-ffa1-40fc-b8d3-49725cceddbc,ACHAT_FOURNISSEUR,RECUE,2024-11-15 16:37:00,6807df5e-79b3-4b3d-ad75-2360dc5da848,12,15.0,180.0
e6d6ded1-e0f3-48d9-b370-151da7ce50c7,ACHAT_FOURNISSEUR,RECUE,2024-11-22 07:57:00,82c9b156-9e48-4772-b6a4-610f88eed060,24,6.0,144.0
4fff1632-ec26-46d3-82f9-09d40ffda2f8,VENTE_CLIENT,RECUE,2024-11-18 15:24:00,6807df5e-79b3-4b3d-ad75-2360dc5da848,3,39.9,119.69999999999999
4fff1632-ec26-46d3-82f9-09d40ffda2f8,VENTE_CLIENT,RECUE,2024-11-18 15:24:00,3cfcc465-ff37-402e-9c1b-ba5d3ea94f01,1,44.9,44.9
0f0808f8-f8ed-4dfb-aa58-b309baa8649a,VENTE_CLIENT,RECUE,2024-11-29 12:38:00,3cfcc465-ff37-402e-9c1b-ba5d3ea94f01,1,44.9,44.9
2e4865c0-8221-4223-81c0-f4d056276b94,VENTE_CLIENT,RECUE,2024-11-04 10:51:00,3cfcc465-ff37-402e-9c1b-ba5d3ea94f01,1,44.9,44.9
aa7f8d5f-a350-426b-a9b6-44504c2cad52,VENTE_CLIENT,RECUE,2024-11-25 17:57:00,82c9b156-9e48-4772-b6a4-610f88eed060,2,14.9,29.8
aa7f8d5f-a350-426b-a9b6-44504c2cad52,VENTE_CLIENT,RECUE,2024-11-25 17:57:00,05c220e2-16b4-44dc-b5fd-5c6af2a0e444,3,54.9,164.7
095bcd6e-09cc-43ca-abb5-eb735cc0e85d,VENTE_CLIENT,RECUE,2024-11-23 08:04:00,1d4729fb-527d-4107-b1d8-d718e7f64323,1,44.9,44.9
095bcd6e-09cc-43ca-abb5-eb735cc0e85d,VENTE_CLIENT,RECUE,2024-11-23 08:04:00,6807df5e-79b3-4b3d-ad75-2360dc5da848,3,39.9,119.69999999999999
6b5569d6-a1fe-4690-9ba4-e8e18e2d1bc7,VENTE_CLIENT,RECUE,2024-11-22 08:30:00,4b036e43-3c29-4f80-bddb-d0b09c2ddfae,1,16.9,16.9
2729508a-f480-4d00-851a-855f1f91c979,VENTE_CLIENT,RECUE,2024-11-22 16:22:00,394e86b1-2529-4787-99f0-efc1a9651537,3,9.9,29.700000000000003
2729508a-f480-4d00-851a-855f1f91c979,VENTE_CLIENT,RECUE,2024-11-22 16:22:00,4b036e43-3c29-4f80-bddb-d0b09c2ddfae,3,16.9,50.699999999999996
a2b164de-5f34-45d8-bf9e-180a0245adc1,VENTE_CLIENT,RECUE,2024-11-09 07:48:00,4b036e43-3c29-4f80-bddb-d0b09c2ddfae,2,16.9,33.8
482829f6-b6a5-4d34-8212-d10bbeff4e3d,VENTE_CLIENT,RECUE,2024-11-08 17:38:00,1d4729fb-527d-4107-b1d8-d718e7f64323,3,44.9,134.7
8e668633-2f72-429a-8f4a-1a3cad8027ba,VENTE_CLIENT,RECUE,2024-11-01 10:29:00,05c220e2-16b4-44dc-b5fd-5c6af2a0e444,1,54.9,54.9
ee401584-ce0e-4a75-8565-8f344a6f0e33,VENTE_CLIENT,ANNULEE,2024-11-02 13:58:00,6807df5e-79b3-4b3d-ad75-2360dc5da848,3,39.9,119.69999999999999
1290efd9-9424-45ff-9c7c-c8b0c234077c,VENTE_CLIENT,RECUE,2024-11-28 13:31:00,4b036e43-3c29-4f80-bddb-d0b09c2ddfae,2,16.9,33.8
1290efd9-9424-45ff-9c7c-c8b0c234077c,VENTE_CLIENT,RECUE,2024-11-28 13:31:00,dbee0582-7f92-49c0-b98d-beef835602c0,3,19.9,59.699999999999996
d48c8644-defd-4e1c-b3ff-c1460db14531,VENTE_CLIENT,RECUE,2024-11-01 16:50:00,4b036e43-3c29-4f80-bddb-d0b09c2ddfae,1,16.9,16.9
d48c8644-defd-4e1c-b3ff-c1460db14531,VENTE_CLIENT,RECUE,2024-11-01 16:50:00,82c9b156-9e48-4772-b6a4-610f88eed060,1,14.9,14.9
c17a92bd-c2b3-47a3-86ff-2474aef0f499,VENTE_CLIENT,ANNULEE,2024-11-01 14:02:00,61fa2627-0c32-4b7e-867e-a04aaeaf12aa,2,14.9,29.8
c17a92bd-c2b3-47a3-86ff-2474aef0f499,VENTE_CLIENT,ANNULEE,2024-11-01 14:02:00,05c220e2-16b4-44dc-b5fd-5c6af2a0e444,2,54.9,109.8
87dc53d8-54a8-4c39-999d-9928104a6cdc,VENTE_CLIENT,RECUE,2024-11-05 07:01:00,6807df5e-79b3-4b3d-ad75-2360dc5da848,3,39.9,119.69999999999999
75068ffd-aa95-4379-8b53-a736bf9930b0,VENTE_CLIENT,RECUE,2024-11-07 09:56:00,82c9b156-9e48-4772-b6a4-610f88eed060,3,14.9,44.7
2ede5290-f284-4de2-966f-1a360cb5e6e7,VENTE_CLIENT,RECUE,2024-11-18 15:11:00,80736db9-6fe9-46c5-b942-d8e6d8873264,1,24.9,24.9
63c6fbd1-811c-4e8f-9d8c-360de2db86a7,VENTE_CLIENT,RECUE,2024-11-11 17:27:00,4b036e43-3c29-4f80-bddb-d0b09c2ddfae,2,16.9,33.8
58ebd469-58eb-4576-879d-9eb1f39a096b,VENTE_CLIENT,RECUE,2024-11-07 18:33:00,6807df5e-79b3-4b3d-ad75-2360dc5da848,1,39.9,39.9
fc75cb86-8dd1-4e2f-af66-05c379b2cc19,VENTE_CLIENT,RECUE,2024-11-10 15:00:00,6807df5e-79b3-4b3d-ad75-2360dc5da848,3,39.9,119.69999999999999
fc75cb86-8dd1-4e2f-af66-05c379b2cc19,VENTE_CLIENT,RECUE,2024-11-10 15:00:00,61fa2627-0c32-4b7e-867e-a04aaeaf12aa,1,14.9,14.9
75d7947d-a24e-4432-aa17-c95843d292aa,VENTE_CLIENT,RECUE,2024-11-25 15:51:00,4b036e43-3c29-4f80-bddb-d0b09c2ddfae,2,16.9,33.8
68636872-ae14-4c01-8400-5c9f65cfc59b,VENTE_CLIENT,RECUE,2024-11-29 16:10:00,1d4729fb-527d-4107-b1d8-d718e7f64323,1,44.9,44.9
cb74130c-6401-4252-bed6-5e9e1f00d016,VENTE_CLIENT,RECUE,2024-11-04 09:21:00,61fa2627-0c32-4b7e-867e-a04aaeaf12aa,1,14.9,14.9
cb74130c-6401-4252-bed6-5e9e1f00d016,VENTE_CLIENT,RECUE,2024-11-04 09:21:00,dbee0582-7f92-49c0-b98d-beef835602c0,1,19.9,19.9
8ef2d5e3-3b60-4a57-a321-6e4aa2d5c658,VENTE_CLIENT,RECUE,2024-11-17 14:46:00,3cfcc465-ff37-402e-9c1b-ba5d3ea94f01,3,44.9,134.7
eb34966e-2484-4ae2-9f6a-fae506eda65a,VENTE_CLIENT,RECUE,2024-11-26 13:40:00,05c220e2-16b4-44dc-b5fd-5c6af2a0e444,2,54.9,109.8
d0e99a45-d2be-4032-959d-81b8be1b0e80,VENTE_CLIENT,RECUE,2024-11-25 11:18:00,4b036e43-3c29-4f80-bddb-d0b09c2ddfae,2,16.9,33.8
d0e99a45-d2be-4032-959d-81b8be1b0e80,VENTE_CLIENT,RECUE,2024-11-25 11:18:00,05c220e2-16b4-44dc-b5fd-5c6af2a0e444,3,54.9,164.7
23230e96-7513-4545-9144-f53387fc5969,VENTE_CLIENT,RECUE,2024-11-02 16:49:00,1d4729fb-527d-4107-b1d8-d718e7f64323,3,44.9,134.7
23230e96-7513-4545-9144-f53387fc5969,VENTE_CLIENT,RECUE,2024-11-02 16:49:00,3cfcc465-ff37-402e-9c1b-ba5d3ea94f01,2,44.9,89.8
1e7363e8-6fe5-41ea-98de-db3747aa42ad,VENTE_CLIENT,RECUE,2024-11-03 12:44:00,4b036e43-3c29-4f80-bddb-d0b09c2ddfae,2,16.9,33.8
6eb946c2-a0ef-4265-9a39-4faf84dc733f,VENTE_CLIENT,RECUE,2024-11-13 10:11:00,dbee0582-7f92-49c0-b98d-beef835602c0,3,19.9,59.699999999999996
6eb946c2-a0ef-4265-9a39-4faf84dc733f,VENTE_CLIENT,RECUE,2024-11-13 10:11:00,82c9b156-9e48-4772-b6a4-610f88eed060,2,14.9,29.8
52f4c6f2-3f1f-4949-9887-6a5464441f12,VENTE_CLIENT,RECUE,2024-11-04 14:20:00,82c9b156-9e48-4772-b6a4-610f88eed060,1,14.9,14.9
b143463d-605b-4e8f-8f97-108c223299e2,VENTE_CLIENT,RECUE,2024-11-15 08:58:00,05c220e2-16b4-44dc-b5fd-5c6af2a0e444,3,54.9,164.7
b143463d-605b-4e8f-8f97-108c223299e2,VENTE_CLIENT,RECUE,2024-11-15 08:58:00,dbee0582-7f92-49c0-b98d-beef835602c0,2,19.9,39.8
587f0152-948e-457a-a78b-7d8be5f6278d,VENTE_CLIENT,RECUE,2024-11-02 16:18:00,82c9b156-9e48-4772-b6a4-610f88eed060,2,14.9,29.8
44b3f49b-9862-4f6e-aacd-bc6812bc0043,VENTE_CLIENT,RECUE,2024-11-21 11:13:00,4b036e43-3c29-4f80-bddb-d0b09c2ddfae,3,16.9,50.699999999999996
37017e9f-9fc2-4db1-b553-ada944a18e7d,VENTE_CLIENT,RECUE,2024-11-04 17:37:00,3cfcc465-ff37-402e-9c1b-ba5d3ea94f01,3,44.9,134.7
1dd3b36b-ffe9-4ca7-8b75-e6a16506fe51,VENTE_CLIENT,RECUE,2024-11-12 18:37:00,4b036e43-3c29-4f80-bddb-d0b09c2ddfae,1,16.9,16.9
4b41008d-88b5-4723-adc6-092dd1344cd2,VENTE_CLIENT,RECUE,2024-11-16 10:21:00,1d4729fb-527d-4107-b1d8-d718e7f64323,3,44.9,134.7
4b41008d-88b5-4723-adc6-092dd1344cd2,VENTE_CLIENT,RECUE,2024-11-16 10:21:00,4b036e43-3c29-4f80-bddb-d0b09c2ddfae,2,16.9,33.8
bfb05448-b6ff-4db7-ac21-7b18cc13a333,VENTE_CLIENT,RECUE,2024-11-17 12:13:00,1d4729fb-527d-4107-b1d8-d718e7f64323,3,44.9,134.7
bfb05448-b6ff-4db7-ac21-7b18cc13a333,VENTE_CLIENT,RECUE,2024-11-17 12:13:00,4b036e43-3c29-4f80-bddb-d0b09c2ddfae,3,16.9,50.699999999999996
c5bf4f4c-037c-4246-9548-703aadc9f311,VENTE_CLIENT,RECUE,2024-11-24 13:40:00,1d4729fb-527d-4107-b1d8-d718e7f64323,1,44.9,44.9
ac2eb43f-c2df-4a7e-9961-88781f747163,VENTE_CLIENT,RECUE,2024-11-28 15:54:00,82c9b156-9e48-4772-b6a4-610f88eed060,3,14.9,44.7
ac2eb43f-c2df-4a7e-9961-88781f747163,VENTE_CLIENT,RECUE,2024-11-28 15:54:00,61fa2627-0c32-4b7e-867e-a04aaeaf12aa,3,14.9,44.7
a8aba26a-dc69-4ddd-8d38-d4a8b4cdbb93,VENTE_CLIENT,RECUE,2024-11-04 17:42:00,4b036e43-3c29-4f80-bddb-d0b09c2ddfae,2,16.9,33.8
a8aba26a-dc69-4ddd-8d38-d4a8b4cdbb93,VENTE_CLIENT,RECUE,2024-11-04 17:42:00,dbee0582-7f92-49c0-b98d-beef835602c0,1,19.9,19.9
411dc29f-7875-4c60-927d-2fae50fa9671,VENTE_CLIENT,RECUE,2024-11-18 15:07:00,61fa2627-0c32-4b7e-867e-a04aaeaf12aa,1,14.9,14.9
1d3f8123-05b8-479a-b889-12e541b36f6c,VENTE_CLIENT,RECUE,2024-11-09 07:04:00,6807df5e-79b3-4b3d-ad75-2360dc5da848,3,39.9,119.69999999999999
1d3f8123-05b8-479a-b889-12e541b36f6c,VENTE_CLIENT,RECUE,2024-11-09 07:04:00,05c220e2-16b4-44dc-b5fd-5c6af2a0e444,2,54.9,109.8
469aaf73-aa51-447a-8d9e-fb9cc4a7c1b2,VENTE_CLIENT,RECUE,2024-11-16 14:36:00,3cfcc465-ff37-402e-9c1b-ba5d3ea94f01,2,44.9,89.8
469aaf73-aa51-447a-8d9e-fb9cc4a7c1b2,VENTE_CLIENT,RECUE,2024-11-16 14:36:00,6807df5e-79b3-4b3d-ad75-2360dc5da848,3,39.9,119.69999999999999
e6aec77f-abbe-4879-9214-a4bdb2582eb6,VENTE_CLIENT,RECUE,2024-11-20 08:51:00,61fa2627-0c32-4b7e-867e-a04aaeaf12aa,1,14.9,14.9
383d21cd-ff4d-4be8-a151-d8c4b77cde5e,VENTE_CLIENT,RECUE,2024-11-25 14:11:00,394e86b1-2529-4787-99f0-efc1a9651537,2,9.9,19.8
0dfa60f2-c2da-4854-aabd-7cc0d1c8bde5,VENTE_CLIENT,RECUE,2024-11-08 18:58:00,1d4729fb-527d-4107-b1d8-d718e7f64323,2,44.9,89.8
a5d29643-3196-4ed6-9e8b-520699c1b9e0,VENTE_CLIENT,RECUE,2024-11-17 13:24:00,dbee0582-7f92-49c0-b98d-beef835602c0,2,19.9,39.8
a5d29643-3196-4ed6-9e8b-520699c1b9e0,VENTE_CLIENT,RECUE,2024-11-17 13:24:00,82c9b156-9e48-4772-b6a4-610f88eed060,2,14.9,29.8
80d88988-a77b-4a84-b5c1-e8ad7d7a0b74,VENTE_CLIENT,RECUE,2024-11-28 10:37:00,6807df5e-79b3-4b3d-ad75-2360dc5da848,1,39.9,39.9
904425a8-d7cf-4d09-bac2-546ac24389f6,VENTE_CLIENT,RECUE,2024-11-04 15:13:00,3cfcc465-ff37-402e-9c1b-ba5d3ea94f01,1,44.9,44.9
b0d1e7ba-6924-4dd8-9a50-deb8f4ab1db9,VENTE_CLIENT,RECUE,2024-11-07 09:34:00,3cfcc465-ff37-402e-9c1b-ba5d3ea94f01,2,44.9,89.8
a9b1e70d-670e-45ad-8f5c-b1cc1b7675b1,VENTE_CLIENT,RECUE,2024-11-11 09:42:00,1d4729fb-527d-4107-b1d8-d718e7f64323,1,44.9,44.9
3cf9749b-6c44-485e-b0e7-36f8eca2bdbd,VENTE_CLIENT,RECUE,2024-11-07 07:43:00,3cfcc465-ff37-402e-9c1b-ba5d3ea94f01,2,44.9,89.8
1dd71677-ffbf-416f-bb43-ecdeff12a347,VENTE_CLIENT,RECUE,2024-11-14 11:20:00,394e86b1-2529-4787-99f0-efc1a9651537,3,9.9,29.700000000000003
dba120e5-3471-475d-870e-25168a822656,VENTE_CLIENT,RECUE,2024-11-08 09:01:00,61fa2627-0c32-4b7e-867e-a04aaeaf12aa,3,14.9,44.7
2db74b75-5ace-497f-a219-518372826fd6,VENTE_CLIENT,RECUE,2024-11-03 15:21:00,394e86b1-2529-4787-99f0-efc1a9651537,2,9.9,19.8
b03f4799-27aa-4d87-8b73-05218853481b,VENTE_CLIENT,RECUE,2024-11-17 10:36:00,3cfcc465-ff37-402e-9c1b-ba5d3ea94f01,2,44.9,89.8
7a159980-69c4-4f28-97a8-1d5e3771fa85,VENTE_CLIENT,RECUE,2024-11-03 11:48:00,dbee0582-7f92-49c0-b98d-beef835602c0,1,19.9,19.9
48a8844b-fe40-43be-beba-693b601cf0ee,VENTE_CLIENT,RECUE,2024-11-09 11:42:00,61fa2627-0c32-4b7e-867e-a04aaeaf12aa,3,14.9,44.7
501f4049-71c9-428e-afe7-a2ffcb9505dc,ACHAT_FOURNISSEUR,RECUE,2024-12-12 14:59:00,b1d3e895-75e6-42ad-a3f8-6bd8b9d22be8,24,15.0,360.0
a85b4038-ef61-413c-8129-77fb0f658150,ACHAT_FOURNISSEUR,RECUE,2024-12-09 13:03:00,394e86b1-2529-4787-99f0-efc1a9651537,17,3.0,51.0
a85b4038-ef61-413c-8129-77fb0f658150,ACHAT_FOURNISSEUR,RECUE,2024-12-09 13:03:00,82c9b156-9e48-4772-b6a4-610f88eed060,15,6.0,90.0
55ac5913-17e2-4ba2-9fe9-4340b341dffd,ACHAT_FOURNISSEUR,RECUE,2024-12-12 11:19:00,6807df5e-79b3-4b3d-ad75-2360dc5da848,12,15.0,180.0
55ac5913-17e2-4ba2-9fe9-4340b341dffd,ACHAT_FOURNISSEUR,RECUE,2024-12-12 11:19:00,4b036e43-3c29-4f80-bddb-d0b09c2ddfae,14,5.0,70.0
c4b78b27-f020-4f5d-ac7c-2ebf974e8edb,ACHAT_FOURNISSEUR,RECUE,2024-12-28 11:25:00,2f9f7915-0f2d-4aa0-98fa-fbff272def4e,13,6.0,78.0
c4b78b27-f020-4f5d-ac7c-2ebf974e8edb,ACHAT_FOURNISSEUR,RECUE,2024-12-28 11:25:00,6807df5e-79b3-4b3d-ad75-2360dc5da848,12,15.0,180.0
ead15ddf-17c3-4361-b0bf-a77d5a816c57,ACHAT_FOURNISSEUR,RECUE,2024-12-31 10:55:00,3d69487c-f6bf-4558-b7c5-86dfd5caedb4,24,4.0,96.0
dcb5385f-ebe1-4d17-9e1f-d9cd695081e1,ACHAT_FOURNISSEUR,RECUE,2024-12-21 17:47:00,3d69487c-f6bf-4558-b7c5-86dfd5caedb4,11,4.0,44.0
dcb5385f-ebe1-4d17-9e1f-d9cd695081e1,ACHAT_FOURNISSEUR,RECUE,2024-12-21 17:47:00,61fa2627-0c32-4b7e-867e-a04aaeaf12aa,15,6.0,90.0
247980fc-62f2-4f00-a799-7ac0c696e22d,ACHAT_FOURNISSEUR,ANNULEE,2024-12-24 17:45:00,3d69487c-f6bf-4558-b7c5-86dfd5caedb4,12,4.0,48.0
247980fc-62f2-4f00-a799-7ac0c696e22d,ACHAT_FOURNISSEUR,ANNULEE,2024-12-24 17:45:00,dbee0582-7f92-49c0-b98d-beef835602c0,12,7.0,84.0
2c595f8e-70f4-4890-9dcf-6039d9db4b36,VENTE_CLIENT,RECUE,2024-12-09 08:05:00,3cfcc465-ff37-402e-9c1b-ba5d3ea94f01,3,44.9,134.7
f174ea5c-8b3f-4f2b-b547-2165c51cb608,VENTE_CLIENT,RECUE,2024-12-26 13:14:00,6807df5e-79b3-4b3d-ad75-2360dc5da848,1,39.9,39.9
3e800c27-0abd-44f6-b2d1-b8534c24fdca,VENTE_CLIENT,RECUE,2024-12-28 11:02:00,3d69487c-f6bf-4558-b7c5-86dfd5caedb4,2,12.9,25.8
3f49c9f7-4b9b-4d3f-ae42-ba198e41e593,VENTE_CLIENT,RECUE,2024-12-01 10:26:00,b1d3e895-75e6-42ad-a3f8-6bd8b9d22be8,2,39.9,79.8
0d4bd009-f1e1-4763-8aa8-57741cb15fde,VENTE_CLIENT,RECUE,2024-12-23 18:44:00,4b036e43-3c29-4f80-bddb-d0b09c2ddfae,3,16.9,50.699999999999996
0d4bd009-f1e1-4763-8aa8-57741cb15fde,VENTE_CLIENT,RECUE,2024-12-23 18:44:00,3d69487c-f6bf-4558-b7c5-86dfd5caedb4,1,12.9,12.9
3b8b8638-8d7a-4578-8f40-2d0dbe404bcc,VENTE_CLIENT,RECUE,2024-12-02 12:37:00,4b036e43-3c29-4f80-bddb-d0b09c2ddfae,1,16.9,16.9
0cba2df9-ef63-4e2a-ab1f-2f7b05027422,VENTE_CLIENT,RECUE,2024-12-16 14:32:00,394e86b1-2529-4787-99f0-efc1a9651537,3,9.9,29.700000000000003
f698391b-e779-4020-b3ee-243b262e9e6f,VENTE_CLIENT,RECUE,2024-12-09 17:20:00,b1d3e895-75e6-42ad-a3f8-6bd8b9d22be8,1,39.9,39.9
f698391b-e779-4020-b3ee-243b262e9e6f,VENTE_CLIENT,RECUE,2024-12-09 17:20:00,1d4729fb-527d-4107-b1d8-d718e7f64323,2,44.9,89.8
aef55a4c-e716-490b-b1e3-2d920d31bfd1,VENTE_CLIENT,RECUE,2024-12-18 14:29:00,3cfcc465-ff37-402e-9c1b-ba5d3ea94f01,1,44.9,44.9
372ddc61-a170-4fcd-a162-163415085dee,VENTE_CLIENT,RECUE,2024-12-17 11:03:00,82c9b156-9e48-4772-b6a4-610f88eed060,2,14.9,29.8
372ddc61-a170-4fcd-a162-163415085dee,VENTE_CLIENT,RECUE,2024-12-17 11:03:00,1d4729fb-527d-4107-b1d8-d718e7f64323,1,44.9,44.9
6c8612bf-7182-4f93-8723-399a965e53d9,VENTE_CLIENT,RECUE,2024-12-28 11:51:00,4b036e43-3c29-4f80-bddb-d0b09c2ddfae,2,16.9,33.8
6c8612bf-7182-4f93-8723-399a965e53d9,VENTE_CLIENT,RECUE,2024-12-28 11:51:00,61fa2627-0c32-4b7e-867e-a04aaeaf12aa,1,14.9,14.9
1b8fd7f3-66d8-48e1-91d7-945d74c4eea0,VENTE_CLIENT,RECUE,2024-12-02 16:26:00,61fa2627-0c32-4b7e-867e-a04aaeaf12aa,2,14.9,29.8
b945776d-1dfd-46f8-91d4-04b6ebc3de21,VENTE_CLIENT,RECUE,2024-12-02 07:29:00,394e86b1-2529-4787-99f0-efc1a9651537,2,9.9,19.8
285efeb1-7753-45ef-8bfc-f139ecfef5db,VENTE_CLIENT,RECUE,2024-12-10 18:25:00,3d69487c-f6bf-4558-b7c5-86dfd5caedb4,2,12.9,25.8
285efeb1-7753-45ef-8bfc-f139ecfef5db,VENTE_CLIENT,RECUE,2024-12-10 18:25:00,4b036e43-3c29-4f80-bddb-d0b09c2ddfae,1,16.9,16.9
728278e8-52eb-4765-a28a-d4ff90998f92,VENTE_CLIENT,RECUE,2024-12-14 09:06:00,3cfcc465-ff37-402e-9c1b-ba5d3ea94f01,2,44.9,89.8
728278e8-52eb-4765-a28a-d4ff90998f92,VENTE_CLIENT,RECUE,2024-12-14 09:06:00,6807df5e-79b3-4b3d-ad75-2360dc5da848,3,39.9,119.69999999999999
9347b245-37fc-4321-ae82-875f063bf487,VENTE_CLIENT,RECUE,2024-12-13 11:13:00,3cfcc465-ff37-402e-9c1b-ba5d3ea94f01,3,44.9,134.7
9347b245-37fc-4321-ae82-875f063bf487,VENTE_CLIENT,RECUE,2024-12-13 11:13:00,61fa2627-0c32-4b7e-867e-a04aaeaf12aa,2,14.9,29.8
0ec349e2-0e3e-41a8-a50a-3de47c0c2621,VENTE_CLIENT,RECUE,2024-12-31 09:01:00,82c9b156-9e48-4772-b6a4-610f88eed060,1,14.9,14.9
0ec349e2-0e3e-41a8-a50a-3de47c0c2621,VENTE_CLIENT,RECUE,2024-12-31 09:01:00,394e86b1-2529-4787-99f0-efc1a9651537,2,9.9,19.8
f6f4b4af-43cb-4e16-ba68-d623d72f1bc9,VENTE_CLIENT,ANNULEE,2024-12-24 14:41:00,3cfcc465-ff37-402e-9c1b-ba5d3ea94f01,1,44.9,44.9
972c0a3e-ea66-49fb-8d8a-e42b67426ed9,VENTE_CLIENT,RECUE,2024-12-12 13:21:00,4b036e43-3c29-4f80-bddb-d0b09c2ddfae,3,16.9,50.699999999999996
5fed351b-0d5a-4f07-bbe8-6a0538826b83,VENTE_CLIENT,RECUE,2024-12-14 13:54:00,82c9b156-9e48-4772-b6a4-610f88eed060,2,14.9,29.8
9406ac44-b692-4a44-952e-d95aa128e3d7,VENTE_CLIENT,RECUE,2024-12-31 10:55:00,4b036e43-3c29-4f80-bddb-d0b09c2ddfae,2,16.9,33.8
9406ac44-b692-4a44-952e-d95aa128e3d7,VENTE_CLIENT,RECUE,2024-12-31 10:55:00,1d4729fb-527d-4107-b1d8-d718e7f64323,2,44.9,89.8
7872f871-b7c8-4cf9-9c01-b81913dfc04d,VENTE_CLIENT,RECUE,2024-12-26 12:15:00,394e86b1-2529-4787-99f0-efc1a9651537,2,9.9,19.8
7872f871-b7c8-4cf9-9c01-b81913dfc04d,VENTE_CLIENT,RECUE,2024-12-26 12:15:00,6807df5e-79b3-4b3d-ad75-2360dc5da848,2,39.9,79.8
6813fec7-1dd2-435a-a5de-b9895ae4e6d2,VENTE_CLIENT,RECUE,2024-12-10 16:34:00,82c9b156-9e48-4772-b6a4-610f88eed060,3,14.9,44.7
b1948796-2e0d-47c7-8f32-1092dad975b9,VENTE_CLIENT,RECUE,2024-12-03 09:44:00,394e86b1-2529-4787-99f0-efc1a9651537,1,9.9,9.9
b1948796-2e0d-47c7-8f32-1092dad975b9,VENTE_CLIENT,RECUE,2024-12-03 09:44:00,2f9f7915-0f2d-4aa0-98fa-fbff272def4e,2,14.9,29.8
04b541f8-d329-4085-8de2-d95fedf2eb1e,VENTE_CLIENT,ANNULEE,2024-12-16 16:34:00,4b036e43-3c29-4f80-bddb-d0b09c2ddfae,2,16.9,33.8
04b541f8-d329-4085-8de2-d95fedf2eb1e,VENTE_CLIENT,ANNULEE,2024-12-16 16:34:00,82c9b156-9e48-4772-b6a4-610f88eed060,3,14.9,44.7
ae44fd46-4096-4490-9b29-94e3e099e629,VENTE_CLIENT,RECUE,2024-12-16 07:08:00,61fa2627-0c32-4b7e-867e-a04aaeaf12aa,2,14.9,29.8
8ecad2c7-c2a7-4676-8d85-ebaf7e914061,VENTE_CLIENT,RECUE,2024-12-24 14:55:00,3cfcc465-ff37-402e-9c1b-ba5d3ea94f01,2,44.9,89.8
bce11742-2c88-4434-a969-50dbaf6ad220,VENTE_CLIENT,RECUE,2024-12-05 08:33:00,2f9f7915-0f2d-4aa0-98fa-fbff272def4e,1,14.9,14.9
8f0ea9ad-1662-4fc8-9916-88cc6567ea05,VENTE_CLIENT,RECUE,2024-12-20 13:41:00,4b036e43-3c29-4f80-bddb-d0b09c2ddfae,2,16.9,33.8
d0f8cdcf-2bdc-4a8e-a650-355d35c964ac,VENTE_CLIENT,RECUE,2024-12-18 12:13:00,2f9f7915-0f2d-4aa0-98fa-fbff272def4e,1,14.9,14.9
b1ab1241-529a-4cc2-9f03-e0670e9bc05c,VENTE_CLIENT,RECUE,2024-12-16 10:17:00,394e86b1-2529-4787-99f0-efc1a9651537,3,9.9,29.700000000000003
2778bb6c-2923-4505-a02e-67235c192efd,VENTE_CLIENT,RECUE,2024-12-06 10:02:00,2f9f7915-0f2d-4aa0-98fa-fbff272def4e,1,14.9,14.9
2778bb6c-2923-4505-a02e-67235c192efd,VENTE_CLIENT,RECUE,2024-12-06 10:02:00,394e86b1-2529-4787-99f0-efc1a9651537,1,9.9,9.9
cea357cc-9d76-4e02-b163-618947622c2a,VENTE_CLIENT,RECUE,2024-12-28 11:09:00,2f9f7915-0f2d-4aa0-98fa-fbff272def4e,1,14.9,14.9
cea357cc-9d76-4e02-b163-618947622c2a,VENTE_CLIENT,RECUE,2024-12-28 11:09:00,b1d3e895-75e6-42ad-a3f8-6bd8b9d22be8,2,39.9,79.8
3fd8bf1a-e36d-4608-8a8b-cffb49d29d74,VENTE_CLIENT,RECUE,2024-12-30 07:14:00,1d4729fb-527d-4107-b1d8-d718e7f64323,2,44.9,89.8
3fd8bf1a-e36d-4608-8a8b-cffb49d29d74,VENTE_CLIENT,RECUE,2024-12-30 07:14:00,3d69487c-f6bf-4558-b7c5-86dfd5caedb4,2,12.9,25.8
cd1fadff-a1c0-4e42-ab7b-fa3f56b6702b,VENTE_CLIENT,RECUE,2024-12-14 17:13:00,394e86b1-2529-4787-99f0-efc1a9651537,3,9.9,29.700000000000003
56899002-28b8-431d-960d-c2dd4a58162f,VENTE_CLIENT,RECUE,2024-12-15 14:24:00,1d4729fb-527d-4107-b1d8-d718e7f64323,1,44.9,44.9
04fc0527-2a66-4f80-8b70-0830363a8805,VENTE_CLIENT,RECUE,2024-12-20 14:32:00,1d4729fb-527d-4107-b1d8-d718e7f64323,2,44.9,89.8
6b5ec6c9-8da7-40fc-bc07-3f1a28fc6b4a,VENTE_CLIENT,RECUE,2024-12-07 16:15:00,3cfcc465-ff37-402e-9c1b-ba5d3ea94f01,3,44.9,134.7
6b5ec6c9-8da7-40fc-bc07-3f1a28fc6b4a,VENTE_CLIENT,RECUE,2024-12-07 16:15:00,2f9f7915-0f2d-4aa0-98fa-fbff272def4e,1,14.9,14.9
1e3886ec-3b0f-4a54-880e-be30614c2fc6,VENTE_CLIENT,RECUE,2024-12-04 16:24:00,2f9f7915-0f2d-4aa0-98fa-fbff272def4e,3,14.9,44.7
1e3886ec-3b0f-4a54-880e-be30614c2fc6,VENTE_CLIENT,RECUE,2024-12-04 16:24:00,b1d3e895-75e6-42ad-a3f8-6bd8b9d22be8,3,39.9,119.69999999999999
c169b3d3-e8f8-4fd0-b4e6-336a080c89a8,VENTE_CLIENT,RECUE,2024-12-09 10:51:00,1d4729fb-527d-4107-b1d8-d718e7f64323,1,44.9,44.9
de0dcc66-0a4c-4e77-aa64-592ce54b95ac,VENTE_CLIENT,RECUE,2024-12-31 13:13:00,82c9b156-9e48-4772-b6a4-610f88eed060,2,14.9,29.8
c1c67c34-cbdf-4aee-b200-f0cfcb94c45c,VENTE_CLIENT,RECUE,2024-12-18 15:45:00,6807df5e-79b3-4b3d-ad75-2360dc5da848,2,39.9,79.8
47cb376a-71b0-4ee8-bc5b-0d4ea31ca5d1,VENTE_CLIENT,ANNULEE,2024-12-05 14:45:00,2f9f7915-0f2d-4aa0-98fa-fbff272def4e,1,14.9,14.9
beb24b9f-a892-4c3f-bb02-7309c8fdad55,VENTE_CLIENT,RECUE,2024-12-04 18:03:00,1d4729fb-527d-4107-b1d8-d718e7f64323,3,44.9,134.7
beb24b9f-a892-4c3f-bb02-7309c8fdad55,VENTE_CLIENT,RECUE,2024-12-04 18:03:00,b1d3e895-75e6-42ad-a3f8-6bd8b9d22be8,1,39.9,39.9
b4a118f1-cf00-4087-906d-4bf3431be319,VENTE_CLIENT,RECUE,2024-12-31 08:56:00,b1d3e895-75e6-42ad-a3f8-6bd8b9d22be8,3,39.9,119.69999999999999
d44eaeae-5dbe-4fcc-88e8-08803341f7eb,VENTE_CLIENT,RECUE,2024-12-07 17:35:00,b1d3e895-75e6-42ad-a3f8-6bd8b9d22be8,1,39.9,39.9
d44eaeae-5dbe-4fcc-88e8-08803341f7eb,VENTE_CLIENT,RECUE,2024-12-07 17:35:00,3cfcc465-ff37-402e-9c1b-ba5d3ea94f01,1,44.9,44.9
37c7fa7e-15c1-486e-babc-95f2291245b6,VENTE_CLIENT,RECUE,2024-12-19 17:45:00,3cfcc465-ff37-402e-9c1b-ba5d3ea94f01,3,44.9,134.7
1cb95ad4-c2bc-4ac0-a286-8420a6443bd8,VENTE_CLIENT,RECUE,2024-12-20 13:24:00,2f9f7915-0f2d-4aa0-98fa-fbff272def4e,3,14.9,44.7
427418cf-8cb8-4dfe-9ead-2bc702683cf8,VENTE_CLIENT,RECUE,2024-12-03 17:26:00,1d4729fb-527d-4107-b1d8-d718e7f64323,3,44.9,134.7
cdfd0485-e1e9-4e22-b77d-032e4be7df38,VENTE_CLIENT,RECUE,2024-12-21 08:17:00,61fa2627-0c32-4b7e-867e-a04aaeaf12aa,3,14.9,44.7
d1bcae6c-9182-4d69-b94e-f466bb191bad,VENTE_CLIENT,RECUE,2024-12-12 12:48:00,3d69487c-f6bf-4558-b7c5-86dfd5caedb4,2,12.9,25.8
e40c1830-fe3f-4ba6-9a41-272aaf78bb2c,VENTE_CLIENT,RECUE,2024-12-28 15:46:00,3cfcc465-ff37-402e-9c1b-ba5d3ea94f01,3,44.9,134.7
e1601bc0-4f1d-46e3-942e-5ba6ea3da13d,VENTE_CLIENT,RECUE,2024-12-11 11:38:00,6807df5e-79b3-4b3d-ad75-2360dc5da848,3,39.9,119.69999999999999
b207a7e5-96ac-4c21-81ec-f8e50d6226d0,VENTE_CLIENT,RECUE,2024-12-28 13:26:00,82c9b156-9e48-4772-b6a4-610f88eed060,3,14.9,44.7
d01a9852-eea6-499e-b086-e7a989a20096,VENTE_CLIENT,RECUE,2024-12-28 07:26:00,b1d3e895-75e6-42ad-a3f8-6bd8b9d22be8,2,39.9,79.8
edfb94e4-25ca-4c28-ae4b-998d23e9149c,ACHAT_FOURNISSEUR,RECUE,2025-01-15 11:37:00,2f9f7915-0f2d-4aa0-98fa-fbff272def4e,7,6.0,42.0
edfb94e4-25ca-4c28-ae4b-998d23e9149c,ACHAT_FOURNISSEUR,RECUE,2025-01-15 11:37:00,394e86b1-2529-4787-99f0-efc1a9651537,10,3.0,30.0
8f37e93d-52d0-41e0-be9a-81f52f77e607,ACHAT_FOURNISSEUR,RECUE,2025-01-14 10:03:00,dbee0582-7f92-49c0-b98d-beef835602c0,5,7.0,35.0
8f37e93d-52d0-41e0-be9a-81f52f77e607,ACHAT_FOURNISSEUR,RECUE,2025-01-14 10:03:00,1d4729fb-527d-4107-b1d8-d718e7f64323,6,18.0,108.0
6e6cf159-9f57-4655-b1b4-ba9d429d602f,ACHAT_FOURNISSEUR,RECUE,2025-01-28 17:25:00,dbee0582-7f92-49c0-b98d-beef835602c0,17,7.0,119.0
dfbc4169-1275-4a34-afc5-620279623ea4,ACHAT_FOURNISSEUR,RECUE,2025-01-22 16:44:00,b1d3e895-75e6-42ad-a3f8-6bd8b9d22be8,18,15.0,270.0
c0a91843-087e-4a7d-9779-8dfec6be5c6a,ACHAT_FOURNISSEUR,RECUE,2025-01-26 13:10:00,61fa2627-0c32-4b7e-867e-a04aaeaf12aa,16,6.0,96.0
1e5fa3c8-ed24-4ffd-b29f-a9068662e952,ACHAT_FOURNISSEUR,RECUE,2025-01-29 10:33:00,82c9b156-9e48-4772-b6a4-610f88eed060,11,6.0,66.0
1e5fa3c8-ed24-4ffd-b29f-a9068662e952,ACHAT_FOURNISSEUR,RECUE,2025-01-29 10:33:00,4b036e43-3c29-4f80-bddb-d0b09c2ddfae,11,5.0,55.0
3d190fa4-b09d-4a2b-b4b6-c1cb0fa97024,ACHAT_FOURNISSEUR,RECUE,2025-01-13 17:14:00,82c9b156-9e48-4772-b6a4-610f88eed060,8,6.0,48.0
3d190fa4-b09d-4a2b-b4b6-c1cb0fa97024,ACHAT_FOURNISSEUR,RECUE,2025-01-13 17:14:00,4b036e43-3c29-4f80-bddb-d0b09c2ddfae,5,5.0,25.0
c8c36dd9-02ea-45f8-ac57-134cc084bfdb,VENTE_CLIENT,RECUE,2025-01-30 10:47:00,3d69487c-f6bf-4558-b7c5-86dfd5caedb4,2,12.9,25.8
f4cc362c-aeb2-4469-9846-fa2ef1503a43,VENTE_CLIENT,RECUE,2025-01-19 18:54:00,2f9f7915-0f2d-4aa0-98fa-fbff272def4e,1,14.9,14.9
e68ce898-8f74-4ab0-a6dc-9e07bdf08ca8,VENTE_CLIENT,RECUE,2025-01-28 16:30:00,394e86b1-2529-4787-99f0-efc1a9651537,1,9.9,9.9
11967f98-d2de-4002-a05f-7d77ef312078,VENTE_CLIENT,RECUE,2025-01-06 11:12:00,4b036e43-3c29-4f80-bddb-d0b09c2ddfae,3,16.9,50.699999999999996
11967f98-d2de-4002-a05f-7d77ef312078,VENTE_CLIENT,RECUE,2025-01-06 11:12:00,82c9b156-9e48-4772-b6a4-610f88eed060,2,14.9,29.8
9995cb28-0b60-4087-9c70-a6e53b8985be,VENTE_CLIENT,RECUE,2025-01-09 09:56:00,b1d3e895-75e6-42ad-a3f8-6bd8b9d22be8,2,39.9,79.8
96634885-b180-428a-bd2b-2d1d8bedaad3,VENTE_CLIENT,RECUE,2025-01-17 15:06:00,61fa2627-0c32-4b7e-867e-a04aaeaf12aa,3,14.9,44.7
96634885-b180-428a-bd2b-2d1d8bedaad3,VENTE_CLIENT,RECUE,2025-01-17 15:06:00,3d69487c-f6bf-4558-b7c5-86dfd5caedb4,3,12.9,38.7
336cff9f-b138-437d-98c5-8dcfe4ba2e7f,VENTE_CLIENT,RECUE,2025-01-11 11:24:00,6807df5e-79b3-4b3d-ad75-2360dc5da848,1,39.9,39.9
ae6cec90-d69c-4bf8-98bf-38b5c9eef2f1,VENTE_CLIENT,RECUE,2025-01-04 18:51:00,2f9f7915-0f2d-4aa0-98fa-fbff272def4e,2,14.9,29.8
ae6cec90-d69c-4bf8-98bf-38b5c9eef2f1,VENTE_CLIENT,RECUE,2025-01-04 18:51:00,dbee0582-7f92-49c0-b98d-beef835602c0,3,19.9,59.699999999999996
a8f4c266-e132-4ec6-92a6-4d396f0f4d4e,VENTE_CLIENT,RECUE,2025-01-26 07:29:00,4b036e43-3c29-4f80-bddb-d0b09c2ddfae,2,16.9,33.8
a8f4c266-e132-4ec6-92a6-4d396f0f4d4e,VENTE_CLIENT,RECUE,2025-01-26 07:29:00,82c9b156-9e48-4772-b6a4-610f88eed060,2,14.9,29.8
f67dd2f8-d3ca-4763-a052-ab0e8e82c493,VENTE_CLIENT,RECUE,2025-01-13 07:48:00,1d4729fb-527d-4107-b1d8-d718e7f64323,1,44.9,44.9
5eeb4f7c-057e-4123-97be-928ce65cdb5e,VENTE_CLIENT,RECUE,2025-01-02 10:13:00,4b036e43-3c29-4f80-bddb-d0b09c2ddfae,1,16.9,16.9
ccf572f7-d61c-451d-bc63-63e1e512269e,VENTE_CLIENT,RECUE,2025-01-07 17:18:00,4b036e43-3c29-4f80-bddb-d0b09c2ddfae,2,16.9,33.8
84d5271e-d484-4d11-a7b5-6b1a17f612bf,VENTE_CLIENT,RECUE,2025-01-10 09:23:00,3cfcc465-ff37-402e-9c1b-ba5d3ea94f01,2,44.9,89.8
79cfc61a-8d34-42b8-9991-f78408fb92f0,VENTE_CLIENT,RECUE,2025-01-02 17:19:00,4b036e43-3c29-4f80-bddb-d0b09c2ddfae,3,16.9,50.699999999999996
79cfc61a-8d34-42b8-9991-f78408fb92f0,VENTE_CLIENT,RECUE,2025-01-02 17:19:00,82c9b156-9e48-4772-b6a4-610f88eed060,1,14.9,14.9
d17917e4-12fe-472a-9eea-4097dde3244d,VENTE_CLIENT,RECUE,2025-01-13 12:42:00,6807df5e-79b3-4b3d-ad75-2360dc5da848,2,39.9,79.8
d17917e4-12fe-472a-9eea-4097dde3244d,VENTE_CLIENT,RECUE,2025-01-13 12:42:00,1d4729fb-527d-4107-b1d8-d718e7f64323,2,44.9,89.8
a9b8ce66-eb19-48d1-9322-aebf52d07049,VENTE_CLIENT,RECUE,2025-01-31 15:31:00,2f9f7915-0f2d-4aa0-98fa-fbff272def4e,3,14.9,44.7
874c339a-264a-4aa1-bf9f-d5f4e242a04d,VENTE_CLIENT,RECUE,2025-01-20 18:25:00,394e86b1-2529-4787-99f0-efc1a9651537,3,9.9,29.700000000000003
874c339a-264a-4aa1-bf9f-d5f4e242a04d,VENTE_CLIENT,RECUE,2025-01-20 18:25:00,4b036e43-3c29-4f80-bddb-d0b09c2ddfae,2,16.9,33.8
a7269633-4a31-402e-bf7d-127c34c2f3b6,VENTE_CLIENT,RECUE,2025-01-21 17:47:00,82c9b156-9e48-4772-b6a4-610f88eed060,3,14.9,44.7
82029f35-b60c-4619-8c17-6e13d3651eb4,VENTE_CLIENT,RECUE,2025-01-21 11:34:00,61fa2627-0c32-4b7e-867e-a04aaeaf12aa,1,14.9,14.9
82029f35-b60c-4619-8c17-6e13d3651eb4,VENTE_CLIENT,RECUE,2025-01-21 11:34:00,4b036e43-3c29-4f80-bddb-d0b09c2ddfae,2,16.9,33.8
fbf9df6e-f4c5-47aa-bd8a-bd5fd1937a95,VENTE_CLIENT,RECUE,2025-01-09 11:38:00,394e86b1-2529-4787-99f0-efc1a9651537,1,9.9,9.9
fbf9df6e-f4c5-47aa-bd8a-bd5fd1937a95,VENTE_CLIENT,RECUE,2025-01-09 11:38:00,dbee0582-7f92-49c0-b98d-beef835602c0,2,19.9,39.8
15020d5a-f0e0-4be0-876e-bfa824cc87d7,VENTE_CLIENT,RECUE,2025-01-29 14:47:00,4b036e43-3c29-4f80-bddb-d0b09c2ddfae,1,16.9,16.9
15020d5a-f0e0-4be0-876e-bfa824cc87d7,VENTE_CLIENT,RECUE,2025-01-29 14:47:00,3cfcc465-ff37-402e-9c1b-ba5d3ea94f01,2,44.9,89.8
72575a12-89f5-4625-a935-b79da4cf99a3,VENTE_CLIENT,RECUE,2025-01-27 11:36:00,2f9f7915-0f2d-4aa0-98fa-fbff272def4e,1,14.9,14.9
da77ba17-8bf9-45ce-a368-641cdabdd4d1,VENTE_CLIENT,RECUE,2025-01-22 09:13:00,80736db9-6fe9-46c5-b942-d8e6d8873264,1,24.9,24.9
03ff6cde-e27c-427e-8980-9f2bd5789ac1,VENTE_CLIENT,RECUE,2025-01-24 18:46:00,b1d3e895-75e6-42ad-a3f8-6bd8b9d22be8,3,39.9,119.69999999999999
b5ccad37-4fca-4564-8078-493ecb8dd404,VENTE_CLIENT,RECUE,2025-01-14 14:08:00,b1d3e895-75e6-42ad-a3f8-6bd8b9d22be8,2,39.9,79.8
b5ccad37-4fca-4564-8078-493ecb8dd404,VENTE_CLIENT,RECUE,2025-01-14 14:08:00,82c9b156-9e48-4772-b6a4-610f88eed060,3,14.9,44.7
4d597d94-e647-4cb2-a1e8-733d0cd01839,VENTE_CLIENT,RECUE,2025-01-13 17:20:00,82c9b156-9e48-4772-b6a4-610f88eed060,2,14.9,29.8
4d597d94-e647-4cb2-a1e8-733d0cd01839,VENTE_CLIENT,RECUE,2025-01-13 17:20:00,dbee0582-7f92-49c0-b98d-beef835602c0,2,19.9,39.8
4d05587c-a857-485f-9391-18bf5117a514,VENTE_CLIENT,RECUE,2025-01-15 12:09:00,dbee0582-7f92-49c0-b98d-beef835602c0,1,19.9,19.9
4d05587c-a857-485f-9391-18bf5117a514,VENTE_CLIENT,RECUE,2025-01-15 12:09:00,3cfcc465-ff37-402e-9c1b-ba5d3ea94f01,2,44.9,89.8
8c1cea0e-3003-4dd5-81df-34b215489047,VENTE_CLIENT,RECUE,2025-01-09 17:31:00,61fa2627-0c32-4b7e-867e-a04aaeaf12aa,2,14.9,29.8
8c1cea0e-3003-4dd5-81df-34b215489047,VENTE_CLIENT,RECUE,2025-01-09 17:31:00,dbee0582-7f92-49c0-b98d-beef835602c0,3,19.9,59.699999999999996
50e0eb6f-bb94-44c7-895c-d48aa7163aa8,VENTE_CLIENT,RECUE,2025-01-28 17:11:00,1d4729fb-527d-4107-b1d8-d718e7f64323,3,44.9,134.7
43f069a7-5956-4394-b731-27e9a1db80f0,VENTE_CLIENT,RECUE,2025-01-30 07:59:00,dbee0582-7f92-49c0-b98d-beef835602c0,3,19.9,59.699999999999996
76e478dc-a7b5-438e-9ec6-da3aed99752a,VENTE_CLIENT,RECUE,2025-01-12 08:56:00,b1d3e895-75e6-42ad-a3f8-6bd8b9d22be8,3,39.9,119.69999999999999
808efe7f-1d9a-4232-adce-0a51354dbb31,VENTE_CLIENT,RECUE,2025-01-14 12:36:00,3cfcc465-ff37-402e-9c1b-ba5d3ea94f01,3,44.9,134.7
0b6e8837-649b-4268-ad96-ab4a1691d8d5,VENTE_CLIENT,RECUE,2025-01-02 17:23:00,dbee0582-7f92-49c0-b98d-beef835602c0,3,19.9,59.699999999999996
fcd3336f-7fc1-432f-8be9-b3e27a4ba44c,VENTE_CLIENT,RECUE,2025-01-31 18:47:00,82c9b156-9e48-4772-b6a4-610f88eed060,3,14.9,44.7
1ba274cc-f3c8-4f99-98af-a3f287be8a56,VENTE_CLIENT,RECUE,2025-01-29 18:49:00,dbee0582-7f92-49c0-b98d-beef835602c0,1,19.9,19.9
1ba274cc-f3c8-4f99-98af-a3f287be8a56,VENTE_CLIENT,RECUE,2025-01-29 18:49:00,3d69487c-f6bf-4558-b7c5-86dfd5caedb4,2,12.9,25.8
06b258f7-fca7-4568-bab4-e66f216b4c7b,ACHAT_FOURNISSEUR,RECUE,2025-02-21 09:45:00,1d4729fb-527d-4107-b1d8-d718e7f64323,20,18.0,360.0
65197242-a5fb-4be1-ba28-5f63eacd434f,ACHAT_FOURNISSEUR,RECUE,2025-02-19 12:13:00,61fa2627-0c32-4b7e-867e-a04aaeaf12aa,11,6.0,66.0
65197242-a5fb-4be1-ba28-5f63eacd434f,ACHAT_FOURNISSEUR,RECUE,2025-02-19 12:13:00,4b036e43-3c29-4f80-bddb-d0b09c2ddfae,12,5.0,60.0
735fe82f-de47-4124-bb2f-fcf96e67525c,ACHAT_FOURNISSEUR,ANNULEE,2025-02-14 11:27:00,80736db9-6fe9-46c5-b942-d8e6d8873264,17,9.0,153.0
2f44d9b9-8be2-44c2-980a-ecd1d9820765,ACHAT_FOURNISSEUR,RECUE,2025-02-14 10:17:00,80736db9-6fe9-46c5-b942-d8e6d8873264,7,9.0,63.0
2f44d9b9-8be2-44c2-980a-ecd1d9820765,ACHAT_FOURNISSEUR,RECUE,2025-02-14 10:17:00,b1d3e895-75e6-42ad-a3f8-6bd8b9d22be8,7,15.0,105.0
f0e1a0e2-1eb5-40d4-b2e1-1b8f3ce084eb,ACHAT_FOURNISSEUR,RECUE,2025-02-07 09:24:00,1d4729fb-527d-4107-b1d8-d718e7f64323,20,18.0,360.0
a666fb1c-eb46-4fba-af2b-897874a6c6bc,ACHAT_FOURNISSEUR,RECUE,2025-02-11 12:00:00,3cfcc465-ff37-402e-9c1b-ba5d3ea94f01,17,18.0,306.0
59ad6cb7-e405-4ace-ab88-e9d7fc7df837,ACHAT_FOURNISSEUR,RECUE,2025-02-05 10:56:00,3cfcc465-ff37-402e-9c1b-ba5d3ea94f01,21,18.0,378.0
a9a62146-4f83-4955-bba0-d679b142738f,VENTE_CLIENT,RECUE,2025-02-11 10:39:00,61fa2627-0c32-4b7e-867e-a04aaeaf12aa,1,14.9,14.9
21c1e3a6-93dc-4492-b69d-e90f83823903,VENTE_CLIENT,RECUE,2025-02-21 15:19:00,3cfcc465-ff37-402e-9c1b-ba5d3ea94f01,1,44.9,44.9
a48b863c-446c-44ba-9f85-59460eccac9b,VENTE_CLIENT,RECUE,2025-02-09 18:29:00,4b036e43-3c29-4f80-bddb-d0b09c2ddfae,3,16.9,50.699999999999996
42be0a97-dd87-4f18-907f-4ba4c03495b6,VENTE_CLIENT,RECUE,2025-02-06 17:35:00,3d69487c-f6bf-4558-b7c5-86dfd5caedb4,1,12.9,12.9
42be0a97-dd87-4f18-907f-4ba4c03495b6,VENTE_CLIENT,RECUE,2025-02-06 17:35:00,4b036e43-3c29-4f80-bddb-d0b09c2ddfae,3,16.9,50.699999999999996
42a75b8d-bc9a-4f05-8de3-b8766dd595ef,VENTE_CLIENT,RECUE,2025-02-16 08:47:00,394e86b1-2529-4787-99f0-efc1a9651537,2,9.9,19.8
5205f3a0-04f4-43fc-aca2-2fb5d8cea7ee,VENTE_CLIENT,RECUE,2025-02-23 15:38:00,3cfcc465-ff37-402e-9c1b-ba5d3ea94f01,2,44.9,89.8
6344e19e-8379-485b-8ffb-002b4c3a10ba,VENTE_CLIENT,RECUE,2025-02-27 09:28:00,dbee0582-7f92-49c0-b98d-beef835602c0,2,19.9,39.8
676e43a0-a3da-4cee-82df-feb0935d848e,VENTE_CLIENT,RECUE,2025-02-19 16:01:00,394e86b1-2529-4787-99f0-efc1a9651537,1,9.9,9.9
3567d711-2905-4bff-a0e8-a62bb0e2361e,VENTE_CLIENT,RECUE,2025-02-24 10:36:00,b1d3e895-75e6-42ad-a3f8-6bd8b9d22be8,2,39.9,79.8
b1ac9b8d-f9be-4e77-9bff-db7858e78bfe,VENTE_CLIENT,RECUE,2025-02-18 12:12:00,6807df5e-79b3-4b3d-ad75-2360dc5da848,1,39.9,39.9
720cd66d-5742-4657-b810-063783180c87,VENTE_CLIENT,RECUE,2025-02-21 09:26:00,b1d3e895-75e6-42ad-a3f8-6bd8b9d22be8,1,39.9,39.9
11fadfdc-7b0e-4edd-b362-47a5f908e19f,VENTE_CLIENT,RECUE,2025-02-15 12:34:00,4b036e43-3c29-4f80-bddb-d0b09c2ddfae,3,16.9,50.699999999999996
1ac69b18-5e27-403d-a1ce-ac8ffc7e13cf,VENTE_CLIENT,RECUE,2025-02-03 12:23:00,3cfcc465-ff37-402e-9c1b-ba5d3ea94f01,2,44.9,89.8
1ac69b18-5e27-403d-a1ce-ac8ffc7e13cf,VENTE_CLIENT,RECUE,2025-02-03 12:23:00,82c9b156-9e48-4772-b6a4-610f88eed060,1,14.9,14.9
a3120349-88a3-423d-b67a-90cb2d05ad49,VENTE_CLIENT,RECUE,2025-02-07 18:54:00,4b036e43-3c29-4f80-bddb-d0b09c2ddfae,3,16.9,50.699999999999996
14fc94de-3ac3-43ba-9b16-034c689417bd,VENTE_CLIENT,RECUE,2025-02-17 12:37:00,b1d3e895-75e6-42ad-a3f8-6bd8b9d22be8,1,39.9,39.9
5be51daa-4dcc-4045-a118-63e9fe58bad8,VENTE_CLIENT,RECUE,2025-02-26 08:52:00,61fa2627-0c32-4b7e-867e-a04aaeaf12aa,3,14.9,44.7
5be51daa-4dcc-4045-a118-63e9fe58bad8,VENTE_CLIENT,RECUE,2025-02-26 08:52:00,dbee0582-7f92-49c0-b98d-beef835602c0,2,19.9,39.8
de9af57c-05c6-4185-b486-432e7ac1b73e,VENTE_CLIENT,RECUE,2025-02-12 07:08:00,3d69487c-f6bf-4558-b7c5-86dfd5caedb4,3,12.9,38.7
50285b14-0d6b-4995-bdb4-b5e57073295e,VENTE_CLIENT,RECUE,2025-02-10 08:56:00,3cfcc465-ff37-402e-9c1b-ba5d3ea94f01,3,44.9,134.7
431e061b-f7f6-4316-bfea-8fe61f71458a,VENTE_CLIENT,RECUE,2025-02-22 17:59:00,82c9b156-9e48-4772-b6a4-610f88eed060,3,14.9,44.7
d7fe3275-0542-4b6c-92f7-468e45f3e90b,VENTE_CLIENT,RECUE,2025-02-21 07:33:00,394e86b1-2529-4787-99f0-efc1a9651537,1,9.9,9.9
519f5e99-0194-4cd1-a4f8-5655cf21ffad,VENTE_CLIENT,RECUE,2025-02-01 14:18:00,3d69487c-f6bf-4558-b7c5-86dfd5caedb4,2,12.9,25.8
1253b91e-b4bc-4c83-8113-1e5fbad9a946,VENTE_CLIENT,RECUE,2025-02-18 10:13:00,1d4729fb-527d-4107-b1d8-d718e7f64323,3,44.9,134.7
2af8aabf-39d3-4d5a-828c-006bf69401e8,VENTE_CLIENT,RECUE,2025-02-10 16:47:00,3d69487c-f6bf-4558-b7c5-86dfd5caedb4,2,12.9,25.8
e9a2b6e1-2799-4eaa-a6a5-d1860073a117,VENTE_CLIENT,RECUE,2025-02-06 10:27:00,3d69487c-f6bf-4558-b7c5-86dfd5caedb4,1,12.9,12.9
2435a860-dfb6-469d-947e-fd8ed3dc7c2a,VENTE_CLIENT,RECUE,2025-02-27 09:07:00,80736db9-6fe9-46c5-b942-d8e6d8873264,2,24.9,49.8
2435a860-dfb6-469d-947e-fd8ed3dc7c2a,VENTE_CLIENT,RECUE,2025-02-27 09:07:00,61fa2627-0c32-4b7e-867e-a04aaeaf12aa,1,14.9,14.9
4bb2f067-9bcb-48c3-9c76-ced2823fecaa,VENTE_CLIENT,RECUE,2025-02-07 08:56:00,394e86b1-2529-4787-99f0-efc1a9651537,1,9.9,9.9
202bde41-1c78-465b-b4c0-a27b7b9479c0,VENTE_CLIENT,RECUE,2025-02-28 17:19:00,3d69487c-f6bf-4558-b7c5-86dfd5caedb4,2,12.9,25.8
4cb95e02-88ac-45fa-9ec7-ab38876462fa,VENTE_CLIENT,RECUE,2025-02-22 14:35:00,3cfcc465-ff37-402e-9c1b-ba5d3ea94f01,2,44.9,89.8
a333ce6f-c353-4b45-aae5-6c11abb999c1,VENTE_CLIENT,RECUE,2025-02-13 17:32:00,3cfcc465-ff37-402e-9c1b-ba5d3ea94f01,3,44.9,134.7
1c78ac7e-2147-4116-a97d-0206db92d869,VENTE_CLIENT,RECUE,2025-02-04 08:41:00,61fa2627-0c32-4b7e-867e-a04aaeaf12aa,3,14.9,44.7
a840a375-7a19-4cc6-87f1-774c35cb434a,VENTE_CLIENT,RECUE,2025-02-12 09:35:00,1d4729fb-527d-4107-b1d8-d718e7f64323,2,44.9,89.8
b55a3916-b1b3-437f-98e2-ad6b4bc060e9,ACHAT_FOURNISSEUR,RECUE,2025-03-30 17:31:00,b1d3e895-75e6-42ad-a3f8-6bd8b9d22be8,12,15.0,180.0
b55a3916-b1b3-437f-98e2-ad6b4bc060e9,ACHAT_FOURNISSEUR,RECUE,2025-03-30 17:31:00,3cfcc465-ff37-402e-9c1b-ba5d3ea94f01,13,18.0,234.0
a5f9dc10-597d-45db-b7a9-fe0d9f377832,ACHAT_FOURNISSEUR,RECUE,2025-03-21 18:45:00,dbee0582-7f92-49c0-b98d-beef835602c0,24,7.0,168.0
35871226-9d87-4a2c-8908-41ed8b90c57b,ACHAT_FOURNISSEUR,RECUE,2025-03-02 18:12:00,394e86b1-2529-4787-99f0-efc1a9651537,18,3.0,54.0
692845b8-07e9-497d-8b26-2e1529c1d953,ACHAT_FOURNISSEUR,RECUE,2025-03-21 12:14:00,394e86b1-2529-4787-99f0-efc1a9651537,11,3.0,33.0
692845b8-07e9-497d-8b26-2e1529c1d953,ACHAT_FOURNISSEUR,RECUE,2025-03-21 12:14:00,4b036e43-3c29-4f80-bddb-d0b09c2ddfae,14,5.0,70.0
614beb22-ba17-42f8-ad3b-aa5f7afb3ad5,ACHAT_FOURNISSEUR,RECUE,2025-03-06 08:20:00,1d4729fb-527d-4107-b1d8-d718e7f64323,20,18.0,360.0
5b636a49-606d-4871-b0d2-ec8df037f6d2,ACHAT_FOURNISSEUR,RECUE,2025-03-24 14:26:00,3d69487c-f6bf-4558-b7c5-86dfd5caedb4,12,4.0,48.0
f803dcc1-ecf0-41d4-b5e5-703fe28823ba,ACHAT_FOURNISSEUR,RECUE,2025-03-19 16:58:00,3cfcc465-ff37-402e-9c1b-ba5d3ea94f01,19,18.0,342.0
4176f824-edab-45f6-a57c-ee7c2fa28bc8,VENTE_CLIENT,RECUE,2025-03-20 14:02:00,b1d3e895-75e6-42ad-a3f8-6bd8b9d22be8,2,39.9,79.8
fa61fcbb-9ad6-42e0-a9c6-ee10a5f7e895,VENTE_CLIENT,RECUE,2025-03-11 12:50:00,80736db9-6fe9-46c5-b942-d8e6d8873264,1,24.9,24.9
a8e903fc-afc8-43f4-89ac-65b35b6e2d86,VENTE_CLIENT,RECUE,2025-03-10 10:24:00,1d4729fb-527d-4107-b1d8-d718e7f64323,1,44.9,44.9
a8e903fc-afc8-43f4-89ac-65b35b6e2d86,VENTE_CLIENT,RECUE,2025-03-10 10:24:00,61fa2627-0c32-4b7e-867e-a04aaeaf12aa,1,14.9,14.9
8c940394-091e-4bb4-aafe-9dbbdaefb187,VENTE_CLIENT,RECUE,2025-03-01 16:55:00,dbee0582-7f92-49c0-b98d-beef835602c0,1,19.9,19.9
e2fc8e6d-f2ab-4bf0-90ac-ec801b600c64,VENTE_CLIENT,ANNULEE,2025-03-21 12:54:00,80736db9-6fe9-46c5-b942-d8e6d8873264,3,24.9,74.69999999999999
e2fc8e6d-f2ab-4bf0-90ac-ec801b600c64,VENTE_CLIENT,ANNULEE,2025-03-21 12:54:00,61fa2627-0c32-4b7e-867e-a04aaeaf12aa,1,14.9,14.9
29d65e28-5221-4aeb-a633-48282ec4af84,VENTE_CLIENT,RECUE,2025-03-19 18:44:00,b1d3e895-75e6-42ad-a3f8-6bd8b9d22be8,2,39.9,79.8
29d65e28-5221-4aeb-a633-48282ec4af84,VENTE_CLIENT,RECUE,2025-03-19 18:44:00,82c9b156-9e48-4772-b6a4-610f88eed060,2,14.9,29.8
b2a0c0b3-2e36-4804-b956-02b19b7dd539,VENTE_CLIENT,RECUE,2025-03-19 07:16:00,6807df5e-79b3-4b3d-ad75-2360dc5da848,2,39.9,79.8
5cfb5804-501a-42f2-9845-cf93f3027ca3,VENTE_CLIENT,RECUE,2025-03-05 14:37:00,3cfcc465-ff37-402e-9c1b-ba5d3ea94f01,1,44.9,44.9
b7623d53-3b48-42a7-9214-930a248ec6ec,VENTE_CLIENT,RECUE,2025-03-14 12:29:00,dbee0582-7f92-49c0-b98d-beef835602c0,3,19.9,59.699999999999996
a15fe4af-8914-4738-843e-4274632269d1,VENTE_CLIENT,RECUE,2025-03-19 13:35:00,61fa2627-0c32-4b7e-867e-a04aaeaf12aa,3,14.9,44.7
67594865-38df-4817-a6b6-c75d16aa413c,VENTE_CLIENT,RECUE,2025-03-26 08:58:00,3d69487c-f6bf-4558-b7c5-86dfd5caedb4,3,12.9,38.7
67594865-38df-4817-a6b6-c75d16aa413c,VENTE_CLIENT,RECUE,2025-03-26 08:58:00,dbee0582-7f92-49c0-b98d-beef835602c0,3,19.9,59.699999999999996
45a027da-8f62-48b4-b283-1ae4acf360e5,VENTE_CLIENT,RECUE,2025-03-24 12:00:00,3d69487c-f6bf-4558-b7c5-86dfd5caedb4,3,12.9,38.7
45a027da-8f62-48b4-b283-1ae4acf360e5,VENTE_CLIENT,RECUE,2025-03-24 12:00:00,82c9b156-9e48-4772-b6a4-610f88eed060,3,14.9,44.7
f3434166-e79c-4f26-8681-6d1ba4ebc940,VENTE_CLIENT,RECUE,2025-03-14 15:09:00,b1d3e895-75e6-42ad-a3f8-6bd8b9d22be8,3,39.9,119.69999999999999
f3434166-e79c-4f26-8681-6d1ba4ebc940,VENTE_CLIENT,RECUE,2025-03-14 15:09:00,61fa2627-0c32-4b7e-867e-a04aaeaf12aa,3,14.9,44.7
5eddb46b-370d-47bb-998a-15eebf6cf3a1,VENTE_CLIENT,RECUE,2025-03-26 11:11:00,82c9b156-9e48-4772-b6a4-610f88eed060,1,14.9,14.9
6fadba23-c294-4d44-9bd3-6777f004e710,VENTE_CLIENT,RECUE,2025-03-10 17:47:00,3cfcc465-ff37-402e-9c1b-ba5d3ea94f01,3,44.9,134.7
6fadba23-c294-4d44-9bd3-6777f004e710,VENTE_CLIENT,RECUE,2025-03-10 17:47:00,61fa2627-0c32-4b7e-867e-a04aaeaf12aa,1,14.9,14.9
f7a03b89-1820-4c80-b34e-1dca3174dc47,VENTE_CLIENT,RECUE,2025-03-24 07:46:00,3d69487c-f6bf-4558-b7c5-86dfd5caedb4,3,12.9,38.7
98677f9f-a032-46ee-af83-b793835e7332,VENTE_CLIENT,RECUE,2025-03-24 12:10:00,1d4729fb-527d-4107-b1d8-d718e7f64323,1,44.9,44.9
98677f9f-a032-46ee-af83-b793835e7332,VENTE_CLIENT,RECUE,2025-03-24 12:10:00,80736db9-6fe9-46c5-b942-d8e6d8873264,1,24.9,24.9
2c3451ab-2bbd-44bb-b319-6613924c84a6,VENTE_CLIENT,RECUE,2025-03-08 10:37:00,3cfcc465-ff37-402e-9c1b-ba5d3ea94f01,1,44.9,44.9
2c3451ab-2bbd-44bb-b319-6613924c84a6,VENTE_CLIENT,RECUE,2025-03-08 10:37:00,dbee0582-7f92-49c0-b98d-beef835602c0,3,19.9,59.699999999999996
08d005bb-5145-4632-b060-446d2314762d,VENTE_CLIENT,RECUE,2025-03-27 17:28:00,61fa2627-0c32-4b7e-867e-a04aaeaf12aa,1,14.9,14.9
dcd3f803-9ded-45ab-a180-d06d28d74f34,VENTE_CLIENT,RECUE,2025-03-22 07:43:00,80736db9-6fe9-46c5-b942-d8e6d8873264,1,24.9,24.9
886b985b-d145-4dca-afb7-66050b39123c,VENTE_CLIENT,ANNULEE,2025-03-26 10:00:00,b1d3e895-75e6-42ad-a3f8-6bd8b9d22be8,2,39.9,79.8
245c8cfc-8b0c-464a-a07c-ba02525df27c,VENTE_CLIENT,RECUE,2025-03-27 07:11:00,3d69487c-f6bf-4558-b7c5-86dfd5caedb4,1,12.9,12.9
aa38f6cd-5ba8-4665-8768-209a6504d7e6,VENTE_CLIENT,RECUE,2025-03-17 17:34:00,61fa2627-0c32-4b7e-867e-a04aaeaf12aa,3,14.9,44.7
2e8eaad1-c175-4a10-87a3-91aef97603a2,VENTE_CLIENT,RECUE,2025-03-13 12:25:00,61fa2627-0c32-4b7e-867e-a04aaeaf12aa,1,14.9,14.9
061733fe-9d83-4b5d-8fb7-e52fb6a3d232,VENTE_CLIENT,RECUE,2025-03-19 17:47:00,b1d3e895-75e6-42ad-a3f8-6bd8b9d22be8,2,39.9,79.8
913730f5-73c6-4b3f-87d4-fb2ba3a8aa2b,VENTE_CLIENT,RECUE,2025-03-23 12:27:00,1d4729fb-527d-4107-b1d8-d718e7f64323,3,44.9,134.7
4a70d6da-ed45-4537-9048-60f55c156edc,VENTE_CLIENT,RECUE,2025-03-23 15:55:00,394e86b1-2529-4787-99f0-efc1a9651537,1,9.9,9.9
4a70d6da-ed45-4537-9048-60f55c156edc,VENTE_CLIENT,RECUE,2025-03-23 15:55:00,6807df5e-79b3-4b3d-ad75-2360dc5da848,1,39.9,39.9
476029d6-4fe8-4c42-9eb3-1735df2f07fc,VENTE_CLIENT,RECUE,2025-03-13 08:28:00,1d4729fb-527d-4107-b1d8-d718e7f64323,2,44.9,89.8
476029d6-4fe8-4c42-9eb3-1735df2f07fc,VENTE_CLIENT,RECUE,2025-03-13 08:28:00,b1d3e895-75e6-42ad-a3f8-6bd8b9d22be8,2,39.9,79.8
eb5aee8c-27fb-4916-9df9-3f23c5ef2e2d,VENTE_CLIENT,RECUE,2025-03-11 10:20:00,3cfcc465-ff37-402e-9c1b-ba5d3ea94f01,3,44.9,134.7
893ef78a-dba5-45de-8a5a-7db30718131b,VENTE_CLIENT,RECUE,2025-03-22 18:43:00,82c9b156-9e48-4772-b6a4-610f88eed060,2,14.9,29.8
d2d05b1c-eb57-47b9-8481-e703156b671d,VENTE_CLIENT,RECUE,2025-03-20 11:01:00,3d69487c-f6bf-4558-b7c5-86dfd5caedb4,3,12.9,38.7
0269ec43-218b-454c-a217-b10105074aef,VENTE_CLIENT,RECUE,2025-03-12 10:59:00,b1d3e895-75e6-42ad-a3f8-6bd8b9d22be8,3,39.9,119.69999999999999
c7942ef0-06ce-498a-b598-5d3b8bcff4d6,VENTE_CLIENT,RECUE,2025-03-25 12:16:00,61fa2627-0c32-4b7e-867e-a04aaeaf12aa,3,14.9,44.7
74b951f0-3c51-41f2-a528-b64a6911d1bd,VENTE_CLIENT,RECUE,2025-03-31 09:42:00,394e86b1-2529-4787-99f0-efc1a9651537,1,9.9,9.9
ea743d8c-60d9-4911-9c55-d346969b4d99,VENTE_CLIENT,RECUE,2025-03-22 09:40:00,61fa2627-0c32-4b7e-867e-a04aaeaf12aa,2,14.9,29.8
9945915d-ecf6-4d31-92d3-0582e8e9714d,VENTE_CLIENT,RECUE,2025-03-25 10:13:00,b1d3e895-75e6-42ad-a3f8-6bd8b9d22be8,2,39.9,79.8
6e51eff2-f5c1-4765-9cbb-0c5a76fd0410,VENTE_CLIENT,RECUE,2025-03-20 10:47:00,82c9b156-9e48-4772-b6a4-610f88eed060,2,14.9,29.8
22bceba6-22ce-4421-952f-089b6d8927b1,VENTE_CLIENT,RECUE,2025-03-21 18:38:00,82c9b156-9e48-4772-b6a4-610f88eed060,3,14.9,44.7
7284c630-c41f-43ca-9ff1-24355d069084,VENTE_CLIENT,RECUE,2025-03-23 07:31:00,b1d3e895-75e6-42ad-a3f8-6bd8b9d22be8,2,39.9,79.8
ec92deb5-8dfe-4fad-8325-d77b3e3f3437,VENTE_CLIENT,ANNULEE,2025-03-16 18:44:00,1d4729fb-527d-4107-b1d8-d718e7f64323,2,44.9,89.8
0cd13942-af55-473c-90da-9cfff5ade125,VENTE_CLIENT,RECUE,2025-03-30 08:39:00,394e86b1-2529-4787-99f0-efc1a9651537,3,9.9,29.700000000000003
ebaa9d3c-023c-48ee-8846-171eed1e4f3f,VENTE_CLIENT,RECUE,2025-03-04 07:03:00,4b036e43-3c29-4f80-bddb-d0b09c2ddfae,1,16.9,16.9
9247f04d-e257-4a2f-a803-aab9010edb5b,VENTE_CLIENT,RECUE,2025-03-26 08:34:00,3d69487c-f6bf-4558-b7c5-86dfd5caedb4,2,12.9,25.8
9247f04d-e257-4a2f-a803-aab9010edb5b,VENTE_CLIENT,RECUE,2025-03-26 08:34:00,b1d3e895-75e6-42ad-a3f8-6bd8b9d22be8,1,39.9,39.9
c8edb8ce-f879-416e-b95d-02303bf6fc5a,VENTE_CLIENT,RECUE,2025-03-19 15:53:00,394e86b1-2529-4787-99f0-efc1a9651537,1,9.9,9.9
4fad7138-38bb-4f90-947c-6b833b621cee,VENTE_CLIENT,RECUE,2025-03-18 15:34:00,dbee0582-7f92-49c0-b98d-beef835602c0,1,19.9,19.9
7d60f137-b6d8-4693-81ae-592f9ab2985e,VENTE_CLIENT,RECUE,2025-03-01 16:50:00,80736db9-6fe9-46c5-b942-d8e6d8873264,1,24.9,24.9
7d60f137-b6d8-4693-81ae-592f9ab2985e,VENTE_CLIENT,RECUE,2025-03-01 16:50:00,82c9b156-9e48-4772-b6a4-610f88eed060,1,14.9,14.9
aa23e741-71ee-4aa7-a54d-4f7d8681e592,VENTE_CLIENT,RECUE,2025-03-05 12:34:00,4b036e43-3c29-4f80-bddb-d0b09c2ddfae,2,16.9,33.8
9646f984-0d2e-4a94-b5b0-cba6af75fbfb,VENTE_CLIENT,RECUE,2025-03-29 15:38:00,3cfcc465-ff37-402e-9c1b-ba5d3ea94f01,1,44.9,44.9
c6bbdfd0-b653-4775-92fb-1c3271848a9b,VENTE_CLIENT,RECUE,2025-03-15 07:01:00,4b036e43-3c29-4f80-bddb-d0b09c2ddfae,3,16.9,50.699999999999996
c6bbdfd0-b653-4775-92fb-1c3271848a9b,VENTE_CLIENT,RECUE,2025-03-15 07:01:00,82c9b156-9e48-4772-b6a4-610f88eed060,3,14.9,44.7
23a60df0-cd0c-4581-bc9b-e7100609130a,VENTE_CLIENT,RECUE,2025-03-22 15:59:00,394e86b1-2529-4787-99f0-efc1a9651537,3,9.9,29.700000000000003
d378a149-69b7-4cc3-ad06-64e9ea3b0783,ACHAT_FOURNISSEUR,ANNULEE,2025-04-30 12:21:00,3d69487c-f6bf-4558-b7c5-86dfd5caedb4,14,4.0,56.0
d378a149-69b7-4cc3-ad06-64e9ea3b0783,ACHAT_FOURNISSEUR,ANNULEE,2025-04-30 12:21:00,61fa2627-0c32-4b7e-867e-a04aaeaf12aa,10,6.0,60.0
aae4e50c-164a-4219-945a-bb2f83e9d484,ACHAT_FOURNISSEUR,RECUE,2025-04-16 07:46:00,61fa2627-0c32-4b7e-867e-a04aaeaf12aa,9,6.0,54.0
aae4e50c-164a-4219-945a-bb2f83e9d484,ACHAT_FOURNISSEUR,RECUE,2025-04-16 07:46:00,4b036e43-3c29-4f80-bddb-d0b09c2ddfae,12,5.0,60.0
4b161258-462d-4c1a-b819-a3c461e76ace,ACHAT_FOURNISSEUR,RECUE,2025-04-01 14:56:00,b1d3e895-75e6-42ad-a3f8-6bd8b9d22be8,12,15.0,180.0
4b161258-462d-4c1a-b819-a3c461e76ace,ACHAT_FOURNISSEUR,RECUE,2025-04-01 14:56:00,2f9f7915-0f2d-4aa0-98fa-fbff272def4e,8,6.0,48.0
fbe4bcb8-25c8-4e17-b261-26458a57a9fc,ACHAT_FOURNISSEUR,RECUE,2025-04-24 11:38:00,dbee0582-7f92-49c0-b98d-beef835602c0,14,7.0,98.0
fbe4bcb8-25c8-4e17-b261-26458a57a9fc,ACHAT_FOURNISSEUR,RECUE,2025-04-24 11:38:00,2f9f7915-0f2d-4aa0-98fa-fbff272def4e,11,6.0,66.0
0adc068e-a096-4cdf-a2c7-781d2d08e2a0,ACHAT_FOURNISSEUR,RECUE,2025-04-10 18:50:00,4b036e43-3c29-4f80-bddb-d0b09c2ddfae,24,5.0,120.0
e4d63f5a-b056-4300-ae75-2e949a6f7f0b,ACHAT_FOURNISSEUR,RECUE,2025-04-10 14:11:00,eac55e82-4cf3-480b-8940-f858c7db0400,22,6.0,132.0
60e94155-e06d-4f54-ba82-d9126ee0c5f5,ACHAT_FOURNISSEUR,RECUE,2025-04-23 18:45:00,2f9f7915-0f2d-4aa0-98fa-fbff272def4e,10,6.0,60.0
60e94155-e06d-4f54-ba82-d9126ee0c5f5,ACHAT_FOURNISSEUR,RECUE,2025-04-23 18:45:00,05c220e2-16b4-44dc-b5fd-5c6af2a0e444,9,22.0,198.0
37b85389-aeb2-4239-83d1-fc44e8aea006,VENTE_CLIENT,RECUE,2025-04-27 10:07:00,2f9f7915-0f2d-4aa0-98fa-fbff272def4e,1,14.9,14.9
37b85389-aeb2-4239-83d1-fc44e8aea006,VENTE_CLIENT,RECUE,2025-04-27 10:07:00,3d69487c-f6bf-4558-b7c5-86dfd5caedb4,3,12.9,38.7
b625bffd-c229-4149-92a4-938075fa1770,VENTE_CLIENT,RECUE,2025-04-09 15:14:00,3cfcc465-ff37-402e-9c1b-ba5d3ea94f01,1,44.9,44.9
96475541-5ae6-469c-b7f7-7b8c8f7ccca4,VENTE_CLIENT,RECUE,2025-04-03 18:05:00,1d4729fb-527d-4107-b1d8-d718e7f64323,3,44.9,134.7
615a9a75-09c6-4610-9562-f089d2792d0c,VENTE_CLIENT,RECUE,2025-04-21 08:24:00,80736db9-6fe9-46c5-b942-d8e6d8873264,2,24.9,49.8
908e423d-0193-404d-8855-9b22bf64a82a,VENTE_CLIENT,RECUE,2025-04-26 15:02:00,2f9f7915-0f2d-4aa0-98fa-fbff272def4e,1,14.9,14.9
5554e621-dcd2-4195-91b9-29f3ae574ebe,VENTE_CLIENT,RECUE,2025-04-15 16:50:00,2f9f7915-0f2d-4aa0-98fa-fbff272def4e,2,14.9,29.8
34e0031d-1b65-4079-ad0a-ff85f10deb3f,VENTE_CLIENT,RECUE,2025-04-12 18:07:00,1d4729fb-527d-4107-b1d8-d718e7f64323,1,44.9,44.9
ed53f75e-f447-4388-a4b7-a09d03ebd187,VENTE_CLIENT,RECUE,2025-04-12 14:22:00,61fa2627-0c32-4b7e-867e-a04aaeaf12aa,1,14.9,14.9
b8c0d63d-1d1f-424b-88c8-5fb367227238,VENTE_CLIENT,RECUE,2025-04-03 15:54:00,394e86b1-2529-4787-99f0-efc1a9651537,3,9.9,29.700000000000003
cddc84b3-219e-44ea-bfa4-7b16aa1d2d67,VENTE_CLIENT,RECUE,2025-04-14 15:30:00,82c9b156-9e48-4772-b6a4-610f88eed060,2,14.9,29.8
cddc84b3-219e-44ea-bfa4-7b16aa1d2d67,VENTE_CLIENT,RECUE,2025-04-14 15:30:00,2f9f7915-0f2d-4aa0-98fa-fbff272def4e,2,14.9,29.8
626547f0-45e4-4e48-af3e-ec36e950068d,VENTE_CLIENT,RECUE,2025-04-06 16:22:00,05c220e2-16b4-44dc-b5fd-5c6af2a0e444,3,54.9,164.7
626547f0-45e4-4e48-af3e-ec36e950068d,VENTE_CLIENT,RECUE,2025-04-06 16:22:00,b1d3e895-75e6-42ad-a3f8-6bd8b9d22be8,1,39.9,39.9
826cf008-8ab4-41a8-b544-8bfb0ace72f8,VENTE_CLIENT,RECUE,2025-04-01 12:55:00,4b036e43-3c29-4f80-bddb-d0b09c2ddfae,1,16.9,16.9
67bf517e-931e-4710-a5fe-908e7521bae3,VENTE_CLIENT,RECUE,2025-04-30 07:34:00,2f9f7915-0f2d-4aa0-98fa-fbff272def4e,1,14.9,14.9
a4109142-5a85-4c16-a6cf-08f46647124f,VENTE_CLIENT,RECUE,2025-04-15 07:08:00,394e86b1-2529-4787-99f0-efc1a9651537,2,9.9,19.8
81dc8240-0198-473d-a84e-4a07e018eba6,VENTE_CLIENT,RECUE,2025-04-06 15:26:00,1d4729fb-527d-4107-b1d8-d718e7f64323,2,44.9,89.8
541bd594-7ff6-406e-9fcb-fc2ccb1ce71e,VENTE_CLIENT,RECUE,2025-04-18 09:47:00,4b036e43-3c29-4f80-bddb-d0b09c2ddfae,2,16.9,33.8
c88e3d9f-7c49-40b2-9854-27179d2ef111,VENTE_CLIENT,RECUE,2025-04-19 10:04:00,3d69487c-f6bf-4558-b7c5-86dfd5caedb4,1,12.9,12.9
4a3799a7-7e4e-4f3b-93bb-eedb9083e56d,VENTE_CLIENT,RECUE,2025-04-01 14:23:00,6807df5e-79b3-4b3d-ad75-2360dc5da848,2,39.9,79.8
4a3799a7-7e4e-4f3b-93bb-eedb9083e56d,VENTE_CLIENT,RECUE,2025-04-01 14:23:00,4b036e43-3c29-4f80-bddb-d0b09c2ddfae,1,16.9,16.9
806a8afb-f278-4a4b-abed-cf3ac7cb7c8d,VENTE_CLIENT,RECUE,2025-04-02 08:23:00,394e86b1-2529-4787-99f0-efc1a9651537,2,9.9,19.8
806a8afb-f278-4a4b-abed-cf3ac7cb7c8d,VENTE_CLIENT,RECUE,2025-04-02 08:23:00,4b036e43-3c29-4f80-bddb-d0b09c2ddfae,1,16.9,16.9
9cb39b18-744d-467d-944c-7f661ff2502c,VENTE_CLIENT,ANNULEE,2025-04-25 14:26:00,4b036e43-3c29-4f80-bddb-d0b09c2ddfae,3,16.9,50.699999999999996
9cb39b18-744d-467d-944c-7f661ff2502c,VENTE_CLIENT,ANNULEE,2025-04-25 14:26:00,394e86b1-2529-4787-99f0-efc1a9651537,3,9.9,29.700000000000003
6429ce74-0ebc-43fe-ad7f-b687f0bffe5f,VENTE_CLIENT,RECUE,2025-04-22 09:44:00,4b036e43-3c29-4f80-bddb-d0b09c2ddfae,1,16.9,16.9
19b5ccfa-5a09-4e71-bef8-80defe92c7a9,VENTE_CLIENT,RECUE,2025-04-06 15:29:00,1d4729fb-527d-4107-b1d8-d718e7f64323,3,44.9,134.7
3c0ada72-7072-460c-82d5-bb3e80f51aae,VENTE_CLIENT,RECUE,2025-04-01 14:58:00,3d69487c-f6bf-4558-b7c5-86dfd5caedb4,1,12.9,12.9
7d682d0d-96e8-4fa1-bd03-eead02b68286,VENTE_CLIENT,RECUE,2025-04-03 10:49:00,05c220e2-16b4-44dc-b5fd-5c6af2a0e444,3,54.9,164.7
f56bd0f9-dad4-4498-855e-80a61cbfd049,VENTE_CLIENT,RECUE,2025-04-11 12:51:00,394e86b1-2529-4787-99f0-efc1a9651537,2,9.9,19.8
f56bd0f9-dad4-4498-855e-80a61cbfd049,VENTE_CLIENT,RECUE,2025-04-11 12:51:00,05c220e2-16b4-44dc-b5fd-5c6af2a0e444,1,54.9,54.9
9f870f15-25b3-4235-a568-dd2e03f7778a,VENTE_CLIENT,RECUE,2025-04-03 14:54:00,4b036e43-3c29-4f80-bddb-d0b09c2ddfae,1,16.9,16.9
6fec1957-6e98-443f-917a-c84c056c3872,VENTE_CLIENT,RECUE,2025-04-12 17:28:00,61fa2627-0c32-4b7e-867e-a04aaeaf12aa,3,14.9,44.7
90971a0b-76b3-4966-8254-3adaca86ece2,VENTE_CLIENT,RECUE,2025-04-21 16:21:00,05c220e2-16b4-44dc-b5fd-5c6af2a0e444,2,54.9,109.8
d02a5c25-5bd5-4d1d-808c-6262f33f1a24,VENTE_CLIENT,RECUE,2025-04-18 11:08:00,80736db9-6fe9-46c5-b942-d8e6d8873264,3,24.9,74.69999999999999
d02a5c25-5bd5-4d1d-808c-6262f33f1a24,VENTE_CLIENT,RECUE,2025-04-18 11:08:00,1d4729fb-527d-4107-b1d8-d718e7f64323,1,44.9,44.9
bed9a78e-caf8-48cc-9061-f642778e053f,VENTE_CLIENT,RECUE,2025-04-30 09:11:00,1d4729fb-527d-4107-b1d8-d718e7f64323,3,44.9,134.7
bed9a78e-caf8-48cc-9061-f642778e053f,VENTE_CLIENT,RECUE,2025-04-30 09:11:00,dbee0582-7f92-49c0-b98d-beef835602c0,2,19.9,39.8
cc0769a7-a6e4-41f3-818c-06c5c68f06c4,VENTE_CLIENT,RECUE,2025-04-26 14:55:00,61fa2627-0c32-4b7e-867e-a04aaeaf12aa,2,14.9,29.8
bbc5c692-21d9-4d63-a3aa-f1f5dac45674,VENTE_CLIENT,RECUE,2025-04-21 13:30:00,1d4729fb-527d-4107-b1d8-d718e7f64323,2,44.9,89.8
add81c30-e404-425f-b691-7ae059417a1c,VENTE_CLIENT,RECUE,2025-04-09 09:43:00,4b036e43-3c29-4f80-bddb-d0b09c2ddfae,3,16.9,50.699999999999996
add81c30-e404-425f-b691-7ae059417a1c,VENTE_CLIENT,RECUE,2025-04-09 09:43:00,3cfcc465-ff37-402e-9c1b-ba5d3ea94f01,3,44.9,134.7
f19cf30c-b847-47d7-a838-de33a81e72f4,VENTE_CLIENT,ANNULEE,2025-04-23 10:54:00,eac55e82-4cf3-480b-8940-f858c7db0400,2,14.9,29.8
2ce6516c-4230-4c9e-b681-b205cd8fd686,VENTE_CLIENT,RECUE,2025-04-05 08:51:00,2f9f7915-0f2d-4aa0-98fa-fbff272def4e,3,14.9,44.7
2ce6516c-4230-4c9e-b681-b205cd8fd686,VENTE_CLIENT,RECUE,2025-04-05 08:51:00,3cfcc465-ff37-402e-9c1b-ba5d3ea94f01,3,44.9,134.7
8679e114-7923-4a08-86f4-bd664b277fe8,VENTE_CLIENT,RECUE,2025-04-19 14:14:00,2f9f7915-0f2d-4aa0-98fa-fbff272def4e,3,14.9,44.7
629a4df2-b0b9-41e5-b56e-af1d8e966e4e,VENTE_CLIENT,RECUE,2025-04-03 07:20:00,1d4729fb-527d-4107-b1d8-d718e7f64323,2,44.9,89.8
629a4df2-b0b9-41e5-b56e-af1d8e966e4e,VENTE_CLIENT,RECUE,2025-04-03 07:20:00,61fa2627-0c32-4b7e-867e-a04aaeaf12aa,2,14.9,29.8
18e7e2f6-dc82-400c-83b6-a5242509d132,VENTE_CLIENT,RECUE,2025-04-23 13:45:00,394e86b1-2529-4787-99f0-efc1a9651537,1,9.9,9.9
1ef3d79f-03d4-4c44-8fa0-f3d793fd966d,VENTE_CLIENT,RECUE,2025-04-19 14:06:00,dbee0582-7f92-49c0-b98d-beef835602c0,3,19.9,59.699999999999996
841fe4a7-2cc9-45c9-bba8-4a725204ef96,VENTE_CLIENT,RECUE,2025-04-24 17:10:00,80736db9-6fe9-46c5-b942-d8e6d8873264,3,24.9,74.69999999999999
66931d0b-ae5f-4cdb-9ee8-4b04a65036f5,VENTE_CLIENT,ANNULEE,2025-04-14 10:35:00,b1d3e895-75e6-42ad-a3f8-6bd8b9d22be8,3,39.9,119.69999999999999
46e92730-b7ba-4df5-934a-cf7301849b00,VENTE_CLIENT,RECUE,2025-04-08 14:54:00,2f9f7915-0f2d-4aa0-98fa-fbff272def4e,1,14.9,14.9
17cbe9e7-1fcc-42d3-8c3e-67df79012d4e,VENTE_CLIENT,RECUE,2025-04-02 13:57:00,61fa2627-0c32-4b7e-867e-a04aaeaf12aa,3,14.9,44.7
6836f041-fbcb-49ef-a8dd-ed0f20bfdab6,VENTE_CLIENT,RECUE,2025-04-20 17:50:00,6807df5e-79b3-4b3d-ad75-2360dc5da848,3,39.9,119.69999999999999
6836f041-fbcb-49ef-a8dd-ed0f20bfdab6,VENTE_CLIENT,RECUE,2025-04-20 17:50:00,394e86b1-2529-4787-99f0-efc1a9651537,2,9.9,19.8
254b7751-58cc-47b8-a0a2-bb1dc0278891,VENTE_CLIENT,RECUE,2025-04-30 18:54:00,4b036e43-3c29-4f80-bddb-d0b09c2ddfae,1,16.9,16.9
965a2ef8-eb0d-4c30-aca0-02ce4dfd3bcd,VENTE_CLIENT,ANNULEE,2025-04-12 17:43:00,4b036e43-3c29-4f80-bddb-d0b09c2ddfae,2,16.9,33.8
965a2ef8-eb0d-4c30-aca0-02ce4dfd3bcd,VENTE_CLIENT,ANNULEE,2025-04-12 17:43:00,dbee0582-7f92-49c0-b98d-beef835602c0,3,19.9,59.699999999999996
ebdbce0d-2b02-4600-a5b4-28f1a0dc5353,VENTE_CLIENT,RECUE,2025-04-01 17:36:00,eac55e82-4cf3-480b-8940-f858c7db0400,2,14.9,29.8
b2e0be1b-b52f-4a26-b571-10df7cb83f3a,VENTE_CLIENT,RECUE,2025-04-03 07:27:00,1d4729fb-527d-4107-b1d8-d718e7f64323,1,44.9,44.9
719f6917-65b5-485f-95a0-037e3a58d71d,VENTE_CLIENT,RECUE,2025-04-07 08:31:00,394e86b1-2529-4787-99f0-efc1a9651537,2,9.9,19.8
719f6917-65b5-485f-95a0-037e3a58d71d,VENTE_CLIENT,RECUE,2025-04-07 08:31:00,61fa2627-0c32-4b7e-867e-a04aaeaf12aa,1,14.9,14.9
2e46b717-82ad-49b2-98b9-3ffdb1e7dfec,VENTE_CLIENT,RECUE,2025-04-24 13:49:00,82c9b156-9e48-4772-b6a4-610f88eed060,3,14.9,44.7
66fad78a-50fd-4872-9524-2a4f32025fd3,VENTE_CLIENT,RECUE,2025-04-21 12:16:00,b1d3e895-75e6-42ad-a3f8-6bd8b9d22be8,1,39.9,39.9
f01ccb8f-11d4-4134-88e3-2109dbd90007,VENTE_CLIENT,RECUE,2025-04-13 07:52:00,dbee0582-7f92-49c0-b98d-beef835602c0,1,19.9,19.9
f01ccb8f-11d4-4134-88e3-2109dbd90007,VENTE_CLIENT,RECUE,2025-04-13 07:52:00,b1d3e895-75e6-42ad-a3f8-6bd8b9d22be8,3,39.9,119.69999999999999
61df805f-0f98-49d9-bff2-3cbce805b217,VENTE_CLIENT,RECUE,2025-04-16 08:19:00,3cfcc465-ff37-402e-9c1b-ba5d3ea94f01,2,44.9,89.8
0ea86e3b-9cea-4acd-a61b-9a4e05727ec4,VENTE_CLIENT,RECUE,2025-04-11 18:44:00,82c9b156-9e48-4772-b6a4-610f88eed060,3,14.9,44.7
fc542cd4-4072-434c-b023-2cc28c0aed48,VENTE_CLIENT,RECUE,2025-04-05 16:19:00,82c9b156-9e48-4772-b6a4-610f88eed060,1,14.9,14.9
7888b91b-384a-49bb-bef5-a752cadf9d75,VENTE_CLIENT,RECUE,2025-04-26 08:22:00,dbee0582-7f92-49c0-b98d-beef835602c0,3,19.9,59.699999999999996
7888b91b-384a-49bb-bef5-a752cadf9d75,VENTE_CLIENT,RECUE,2025-04-26 08:22:00,4b036e43-3c29-4f80-bddb-d0b09c2ddfae,2,16.9,33.8
fac47c82-e4ef-4236-bf51-d4bef3068279,ACHAT_FOURNISSEUR,RECUE,2025-05-03 09:05:00,394e86b1-2529-4787-99f0-efc1a9651537,22,3.0,66.0
0c675c8d-b8f1-49d3-b6bf-da185879637e,ACHAT_FOURNISSEUR,RECUE,2025-05-07 08:24:00,eac55e82-4cf3-480b-8940-f858c7db0400,11,6.0,66.0
0c675c8d-b8f1-49d3-b6bf-da185879637e,ACHAT_FOURNISSEUR,RECUE,2025-05-07 08:24:00,82c9b156-9e48-4772-b6a4-610f88eed060,11,6.0,66.0
b6d0604f-d1fc-4fe1-8080-6952f93bc851,ACHAT_FOURNISSEUR,RECUE,2025-05-05 07:44:00,b1d3e895-75e6-42ad-a3f8-6bd8b9d22be8,17,15.0,255.0
4b48c6ca-e6df-4f9a-9e07-d57604225833,ACHAT_FOURNISSEUR,RECUE,2025-05-08 14:45:00,6807df5e-79b3-4b3d-ad75-2360dc5da848,21,15.0,315.0
1a3a528b-89db-4399-b699-53966d4712f9,ACHAT_FOURNISSEUR,RECUE,2025-05-14 16:58:00,b1d3e895-75e6-42ad-a3f8-6bd8b9d22be8,7,15.0,105.0
1a3a528b-89db-4399-b699-53966d4712f9,ACHAT_FOURNISSEUR,RECUE,2025-05-14 16:58:00,1d4729fb-527d-4107-b1d8-d718e7f64323,9,18.0,162.0
bfa98cec-1c6e-49fd-a15f-e5220695fc06,ACHAT_FOURNISSEUR,RECUE,2025-05-08 15:19:00,05c220e2-16b4-44dc-b5fd-5c6af2a0e444,10,22.0,220.0
bfa98cec-1c6e-49fd-a15f-e5220695fc06,ACHAT_FOURNISSEUR,RECUE,2025-05-08 15:19:00,82c9b156-9e48-4772-b6a4-610f88eed060,8,6.0,48.0
97c0c0bc-00df-4742-bf29-3644d0144db9,ACHAT_FOURNISSEUR,RECUE,2025-05-30 07:24:00,2f9f7915-0f2d-4aa0-98fa-fbff272def4e,17,6.0,102.0
1d20fc06-581f-4c13-b906-0a38a6712848,ACHAT_FOURNISSEUR,RECUE,2025-05-20 16:03:00,2f9f7915-0f2d-4aa0-98fa-fbff272def4e,12,6.0,72.0
1d20fc06-581f-4c13-b906-0a38a6712848,ACHAT_FOURNISSEUR,RECUE,2025-05-20 16:03:00,4b036e43-3c29-4f80-bddb-d0b09c2ddfae,13,5.0,65.0
5ecdfcf4-f005-45d5-8d32-62033e14ab52,VENTE_CLIENT,RECUE,2025-05-28 12:06:00,05c220e2-16b4-44dc-b5fd-5c6af2a0e444,1,54.9,54.9
16cac72c-e2d3-409c-b119-39ff58d3e020,VENTE_CLIENT,RECUE,2025-05-13 07:24:00,82c9b156-9e48-4772-b6a4-610f88eed060,3,14.9,44.7
14b4bc9f-39df-4a4b-852b-eed4ac12c7af,VENTE_CLIENT,RECUE,2025-05-30 15:13:00,eac55e82-4cf3-480b-8940-f858c7db0400,1,14.9,14.9
14b4bc9f-39df-4a4b-852b-eed4ac12c7af,VENTE_CLIENT,RECUE,2025-05-30 15:13:00,dbee0582-7f92-49c0-b98d-beef835602c0,2,19.9,39.8
b1a70b3e-e091-4e33-b47d-fba30e7cdf13,VENTE_CLIENT,RECUE,2025-05-26 17:12:00,80736db9-6fe9-46c5-b942-d8e6d8873264,1,24.9,24.9
b1a70b3e-e091-4e33-b47d-fba30e7cdf13,VENTE_CLIENT,RECUE,2025-05-26 17:12:00,394e86b1-2529-4787-99f0-efc1a9651537,2,9.9,19.8
9972aaca-d3fc-4e21-af3f-48d3f6850c65,VENTE_CLIENT,RECUE,2025-05-12 07:30:00,394e86b1-2529-4787-99f0-efc1a9651537,1,9.9,9.9
9972aaca-d3fc-4e21-af3f-48d3f6850c65,VENTE_CLIENT,RECUE,2025-05-12 07:30:00,dbee0582-7f92-49c0-b98d-beef835602c0,1,19.9,19.9
f3f6458d-e961-41cf-895b-e3f1a6390c4e,VENTE_CLIENT,RECUE,2025-05-13 17:59:00,b1d3e895-75e6-42ad-a3f8-6bd8b9d22be8,1,39.9,39.9
45fc183b-552d-45c6-a384-d99d49f6d638,VENTE_CLIENT,RECUE,2025-05-04 14:31:00,3cfcc465-ff37-402e-9c1b-ba5d3ea94f01,3,44.9,134.7
b4750211-922a-49a6-bb68-6eda6d87c1b9,VENTE_CLIENT,RECUE,2025-05-31 12:00:00,61fa2627-0c32-4b7e-867e-a04aaeaf12aa,3,14.9,44.7
00ff37f9-e8c7-4993-b16f-a53da5ea5949,VENTE_CLIENT,RECUE,2025-05-24 12:12:00,3cfcc465-ff37-402e-9c1b-ba5d3ea94f01,2,44.9,89.8
9286b343-4e71-4eb7-acfc-4a4b49bff41c,VENTE_CLIENT,RECUE,2025-05-19 10:09:00,05c220e2-16b4-44dc-b5fd-5c6af2a0e444,2,54.9,109.8
9286b343-4e71-4eb7-acfc-4a4b49bff41c,VENTE_CLIENT,RECUE,2025-05-19 10:09:00,82c9b156-9e48-4772-b6a4-610f88eed060,3,14.9,44.7
9a25aa4e-103a-44d7-a090-9433c868c281,VENTE_CLIENT,RECUE,2025-05-04 18:45:00,6807df5e-79b3-4b3d-ad75-2360dc5da848,3,39.9,119.69999999999999
9a25aa4e-103a-44d7-a090-9433c868c281,VENTE_CLIENT,RECUE,2025-05-04 18:45:00,394e86b1-2529-4787-99f0-efc1a9651537,3,9.9,29.700000000000003
cd79effb-5c3b-47d1-9821-46a8b191f704,VENTE_CLIENT,RECUE,2025-05-14 16:19:00,dbee0582-7f92-49c0-b98d-beef835602c0,3,19.9,59.699999999999996
0814fa01-5279-4bea-96fa-4e191f0b641a,VENTE_CLIENT,RECUE,2025-05-15 08:20:00,b1d3e895-75e6-42ad-a3f8-6bd8b9d22be8,2,39.9,79.8
c40c4d47-9dd1-43c6-86a9-5902c6211abb,VENTE_CLIENT,RECUE,2025-05-01 12:34:00,2f9f7915-0f2d-4aa0-98fa-fbff272def4e,3,14.9,44.7
c40c4d47-9dd1-43c6-86a9-5902c6211abb,VENTE_CLIENT,RECUE,2025-05-01 12:34:00,4b036e43-3c29-4f80-bddb-d0b09c2ddfae,3,16.9,50.699999999999996
fdf6f4cc-7ae2-4485-805d-477a30d12876,VENTE_CLIENT,RECUE,2025-05-19 17:33:00,05c220e2-16b4-44dc-b5fd-5c6af2a0e444,2,54.9,109.8
fd25566b-e70c-4182-a2d6-b3c9b9fb36de,VENTE_CLIENT,RECUE,2025-05-07 15:38:00,dbee0582-7f92-49c0-b98d-beef835602c0,1,19.9,19.9
eba9dc25-a901-46f1-bddd-f5a513a36965,VENTE_CLIENT,RECUE,2025-05-31 07:48:00,b1d3e895-75e6-42ad-a3f8-6bd8b9d22be8,2,39.9,79.8
97a8c009-9189-40f7-8b73-6dd7d9425e89,VENTE_CLIENT,RECUE,2025-05-14 08:24:00,2f9f7915-0f2d-4aa0-98fa-fbff272def4e,2,14.9,29.8
556471b6-67ee-40a3-a816-c3c90ea68917,VENTE_CLIENT,RECUE,2025-05-12 10:23:00,4b036e43-3c29-4f80-bddb-d0b09c2ddfae,1,16.9,16.9
2c1ce379-0bcb-433d-8e39-467097d76d16,VENTE_CLIENT,RECUE,2025-05-06 18:31:00,b1d3e895-75e6-42ad-a3f8-6bd8b9d22be8,1,39.9,39.9
d6c3ab51-5eea-4e0a-ac58-b380ab283a50,VENTE_CLIENT,RECUE,2025-05-11 14:11:00,dbee0582-7f92-49c0-b98d-beef835602c0,2,19.9,39.8
946e5414-6755-4fcb-8c47-9a06a75612c2,VENTE_CLIENT,RECUE,2025-05-01 08:11:00,2f9f7915-0f2d-4aa0-98fa-fbff272def4e,3,14.9,44.7
ce8c04ec-bad1-4a57-949d-6d23cd51e633,VENTE_CLIENT,RECUE,2025-05-16 09:44:00,2f9f7915-0f2d-4aa0-98fa-fbff272def4e,2,14.9,29.8
689879a8-2d10-40a0-b07b-333c5b4be48a,VENTE_CLIENT,RECUE,2025-05-04 07:03:00,b1d3e895-75e6-42ad-a3f8-6bd8b9d22be8,3,39.9,119.69999999999999
689879a8-2d10-40a0-b07b-333c5b4be48a,VENTE_CLIENT,RECUE,2025-05-04 07:03:00,1d4729fb-527d-4107-b1d8-d718e7f64323,3,44.9,134.7
9c0100c7-130f-48e2-8ab8-b0945d281009,VENTE_CLIENT,RECUE,2025-05-14 16:37:00,eac55e82-4cf3-480b-8940-f858c7db0400,3,14.9,44.7
990fcec6-66f1-4a33-984a-b9accc24df1d,VENTE_CLIENT,RECUE,2025-05-01 07:15:00,dbee0582-7f92-49c0-b98d-beef835602c0,1,19.9,19.9
4bdcbc2d-38f3-4b8d-bc75-15b618e907b3,VENTE_CLIENT,RECUE,2025-05-27 07:45:00,61fa2627-0c32-4b7e-867e-a04aaeaf12aa,1,14.9,14.9
4bdcbc2d-38f3-4b8d-bc75-15b618e907b3,VENTE_CLIENT,RECUE,2025-05-27 07:45:00,1d4729fb-527d-4107-b1d8-d718e7f64323,3,44.9,134.7
638ef783-4f03-4d29-9851-ce753ecea1a2,VENTE_CLIENT,RECUE,2025-05-06 08:27:00,394e86b1-2529-4787-99f0-efc1a9651537,3,9.9,29.700000000000003
3561c327-9481-4472-a6a1-57232bad5769,VENTE_CLIENT,RECUE,2025-05-31 18:09:00,1d4729fb-527d-4107-b1d8-d718e7f64323,1,44.9,44.9
3561c327-9481-4472-a6a1-57232bad5769,VENTE_CLIENT,RECUE,2025-05-31 18:09:00,eac55e82-4cf3-480b-8940-f858c7db0400,2,14.9,29.8
07826c21-7c27-433f-a772-0f8dcf93e728,VENTE_CLIENT,ANNULEE,2025-05-22 08:31:00,eac55e82-4cf3-480b-8940-f858c7db0400,3,14.9,44.7
da00d436-c552-4653-bed9-5de4d1f3d3ea,VENTE_CLIENT,RECUE,2025-05-10 13:44:00,dbee0582-7f92-49c0-b98d-beef835602c0,1,19.9,19.9
da00d436-c552-4653-bed9-5de4d1f3d3ea,VENTE_CLIENT,RECUE,2025-05-10 13:44:00,6807df5e-79b3-4b3d-ad75-2360dc5da848,1,39.9,39.9
e5779e8e-c350-4ea3-8da0-f91792085feb,VENTE_CLIENT,RECUE,2025-05-10 14:03:00,1d4729fb-527d-4107-b1d8-d718e7f64323,1,44.9,44.9
e5779e8e-c350-4ea3-8da0-f91792085feb,VENTE_CLIENT,RECUE,2025-05-10 14:03:00,dbee0582-7f92-49c0-b98d-beef835602c0,2,19.9,39.8
760a16b5-b3da-4807-a80d-5cbd6ab4e4a1,VENTE_CLIENT,RECUE,2025-05-15 12:05:00,eac55e82-4cf3-480b-8940-f858c7db0400,1,14.9,14.9
a9d81512-dcda-45dc-b69f-166842ddd77d,VENTE_CLIENT,RECUE,2025-05-10 09:18:00,eac55e82-4cf3-480b-8940-f858c7db0400,3,14.9,44.7
0a24b919-cbca-4947-a97a-5db4a400f0b2,VENTE_CLIENT,ANNULEE,2025-05-05 18:59:00,394e86b1-2529-4787-99f0-efc1a9651537,3,9.9,29.700000000000003
0a24b919-cbca-4947-a97a-5db4a400f0b2,VENTE_CLIENT,ANNULEE,2025-05-05 18:59:00,82c9b156-9e48-4772-b6a4-610f88eed060,3,14.9,44.7
fa3a0eba-6674-4be7-b655-b8052d72481c,VENTE_CLIENT,RECUE,2025-05-01 09:02:00,61fa2627-0c32-4b7e-867e-a04aaeaf12aa,1,14.9,14.9
67816cb7-3da9-4e0a-a4cc-bf2a9d7c5c36,VENTE_CLIENT,RECUE,2025-05-14 15:52:00,394e86b1-2529-4787-99f0-efc1a9651537,1,9.9,9.9
6cb691f5-59f9-4d89-bfbb-be4f987d6c45,VENTE_CLIENT,ANNULEE,2025-05-19 11:22:00,1d4729fb-527d-4107-b1d8-d718e7f64323,3,44.9,134.7
26386f18-0500-4424-bc35-674af8c01e03,VENTE_CLIENT,RECUE,2025-05-12 12:00:00,2f9f7915-0f2d-4aa0-98fa-fbff272def4e,2,14.9,29.8
347626ec-40a0-4b18-b7de-85c1fb6758dd,VENTE_CLIENT,RECUE,2025-05-26 15:05:00,82c9b156-9e48-4772-b6a4-610f88eed060,1,14.9,14.9
0ba65f22-fe81-4983-91da-e1ae976d0b6c,VENTE_CLIENT,RECUE,2025-05-06 10:48:00,82c9b156-9e48-4772-b6a4-610f88eed060,1,14.9,14.9
6c86ab56-6494-4b80-9a9a-0ecdcb8bf9aa,VENTE_CLIENT,RECUE,2025-05-14 13:37:00,dbee0582-7f92-49c0-b98d-beef835602c0,2,19.9,39.8
6c86ab56-6494-4b80-9a9a-0ecdcb8bf9aa,VENTE_CLIENT,RECUE,2025-05-14 13:37:00,61fa2627-0c32-4b7e-867e-a04aaeaf12aa,1,14.9,14.9
a23c2d28-b7ed-4a5a-a462-0c285eba79b2,VENTE_CLIENT,RECUE,2025-05-05 07:42:00,2f9f7915-0f2d-4aa0-98fa-fbff272def4e,3,14.9,44.7
a23c2d28-b7ed-4a5a-a462-0c285eba79b2,VENTE_CLIENT,RECUE,2025-05-05 07:42:00,b1d3e895-75e6-42ad-a3f8-6bd8b9d22be8,1,39.9,39.9
e6f92c6a-c273-4c07-a690-c04e43324858,VENTE_CLIENT,RECUE,2025-05-20 13:40:00,2f9f7915-0f2d-4aa0-98fa-fbff272def4e,2,14.9,29.8
e6f92c6a-c273-4c07-a690-c04e43324858,VENTE_CLIENT,RECUE,2025-05-20 13:40:00,05c220e2-16b4-44dc-b5fd-5c6af2a0e444,1,54.9,54.9
93b147f8-702a-4709-95e0-022677b4273f,VENTE_CLIENT,RECUE,2025-05-26 18:01:00,6807df5e-79b3-4b3d-ad75-2360dc5da848,1,39.9,39.9
dad12e43-43e8-4aa7-b978-0a1a35c05ab8,VENTE_CLIENT,RECUE,2025-05-22 16:34:00,61fa2627-0c32-4b7e-867e-a04aaeaf12aa,3,14.9,44.7
dad12e43-43e8-4aa7-b978-0a1a35c05ab8,VENTE_CLIENT,RECUE,2025-05-22 16:34:00,dbee0582-7f92-49c0-b98d-beef835602c0,2,19.9,39.8
0a6f589a-e0b0-4943-a54b-525f675163aa,VENTE_CLIENT,RECUE,2025-05-13 17:26:00,2f9f7915-0f2d-4aa0-98fa-fbff272def4e,2,14.9,29.8
7c93204c-20aa-4069-ae4c-3a6d64a3c4ed,VENTE_CLIENT,RECUE,2025-05-19 14:14:00,b1d3e895-75e6-42ad-a3f8-6bd8b9d22be8,2,39.9,79.8
e4c200a5-2e7c-4ab8-b1af-a7ab6d6a256e,VENTE_CLIENT,RECUE,2025-05-23 15:58:00,61fa2627-0c32-4b7e-867e-a04aaeaf12aa,3,14.9,44.7
c4d3ccd6-db53-4f2a-8cb1-d24866a145d8,VENTE_CLIENT,RECUE,2025-05-16 16:33:00,61fa2627-0c32-4b7e-867e-a04aaeaf12aa,2,14.9,29.8
0922e9a7-da5a-40f1-8b93-1fd91dbae6e0,VENTE_CLIENT,RECUE,2025-05-21 18:46:00,6807df5e-79b3-4b3d-ad75-2360dc5da848,2,39.9,79.8
0922e9a7-da5a-40f1-8b93-1fd91dbae6e0,VENTE_CLIENT,RECUE,2025-05-21 18:46:00,eac55e82-4cf3-480b-8940-f858c7db0400,2,14.9,29.8
18f94632-ce25-441d-bcb9-4b4c9a391370,ACHAT_FOURNISSEUR,ANNULEE,2025-06-01 15:57:00,82c9b156-9e48-4772-b6a4-610f88eed060,9,6.0,54.0
18f94632-ce25-441d-bcb9-4b4c9a391370,ACHAT_FOURNISSEUR,ANNULEE,2025-06-01 15:57:00,dbee0582-7f92-49c0-b98d-beef835602c0,12,7.0,84.0
878e00cb-6c7f-423e-9754-5f74ffec8898,ACHAT_FOURNISSEUR,RECUE,2025-06-01 11:24:00,1d4729fb-527d-4107-b1d8-d718e7f64323,12,18.0,216.0
878e00cb-6c7f-423e-9754-5f74ffec8898,ACHAT_FOURNISSEUR,RECUE,2025-06-01 11:24:00,4b036e43-3c29-4f80-bddb-d0b09c2ddfae,7,5.0,35.0
8ac91dd6-7327-4cfb-b996-74ffd482b077,ACHAT_FOURNISSEUR,RECUE,2025-06-10 10:37:00,05c220e2-16b4-44dc-b5fd-5c6af2a0e444,10,22.0,220.0
8ac91dd6-7327-4cfb-b996-74ffd482b077,ACHAT_FOURNISSEUR,RECUE,2025-06-10 10:37:00,b1d3e895-75e6-42ad-a3f8-6bd8b9d22be8,10,15.0,150.0
bbbff398-2b95-48cf-8134-d29adf7e15f4,ACHAT_FOURNISSEUR,RECUE,2025-06-06 07:25:00,b1d3e895-75e6-42ad-a3f8-6bd8b9d22be8,10,15.0,150.0
bbbff398-2b95-48cf-8134-d29adf7e15f4,ACHAT_FOURNISSEUR,RECUE,2025-06-06 07:25:00,05c220e2-16b4-44dc-b5fd-5c6af2a0e444,13,22.0,286.0
b0dc1682-53ee-4cea-8972-4e5ba991b534,ACHAT_FOURNISSEUR,RECUE,2025-06-07 18:34:00,4b036e43-3c29-4f80-bddb-d0b09c2ddfae,11,5.0,55.0
b0dc1682-53ee-4cea-8972-4e5ba991b534,ACHAT_FOURNISSEUR,RECUE,2025-06-07 18:34:00,2f9f7915-0f2d-4aa0-98fa-fbff272def4e,13,6.0,78.0
39f73a4a-caad-4e01-b7e8-a14b840c87de,ACHAT_FOURNISSEUR,RECUE,2025-06-24 11:22:00,394e86b1-2529-4787-99f0-efc1a9651537,12,3.0,36.0
39f73a4a-caad-4e01-b7e8-a14b840c87de,ACHAT_FOURNISSEUR,RECUE,2025-06-24 11:22:00,6807df5e-79b3-4b3d-ad75-2360dc5da848,7,15.0,105.0
67247e80-6607-402f-9409-7fca3e390e2f,ACHAT_FOURNISSEUR,RECUE,2025-06-26 18:35:00,dbee0582-7f92-49c0-b98d-beef835602c0,12,7.0,84.0
44105683-3169-4f57-a818-4cfc3bed8db6,ACHAT_FOURNISSEUR,RECUE,2025-06-30 18:24:00,61fa2627-0c32-4b7e-867e-a04aaeaf12aa,10,6.0,60.0
44105683-3169-4f57-a818-4cfc3bed8db6,ACHAT_FOURNISSEUR,RECUE,2025-06-30 18:24:00,3cfcc465-ff37-402e-9c1b-ba5d3ea94f01,13,18.0,234.0
bcbea42a-2d6a-4060-8e06-edaeed88b018,VENTE_CLIENT,RECUE,2025-06-12 10:01:00,4b036e43-3c29-4f80-bddb-d0b09c2ddfae,1,16.9,16.9
bcbea42a-2d6a-4060-8e06-edaeed88b018,VENTE_CLIENT,RECUE,2025-06-12 10:01:00,3cfcc465-ff37-402e-9c1b-ba5d3ea94f01,1,44.9,44.9
2776f76c-f390-4169-9abb-db7a32f45dc9,VENTE_CLIENT,RECUE,2025-06-10 16:27:00,82c9b156-9e48-4772-b6a4-610f88eed060,3,14.9,44.7
2776f76c-f390-4169-9abb-db7a32f45dc9,VENTE_CLIENT,RECUE,2025-06-10 16:27:00,eac55e82-4cf3-480b-8940-f858c7db0400,2,14.9,29.8
759ee414-189d-4a25-9678-140d8cf12a3e,VENTE_CLIENT,RECUE,2025-06-16 17:13:00,b1d3e895-75e6-42ad-a3f8-6bd8b9d22be8,2,39.9,79.8
5d2da207-ee62-46a4-a1a1-1fe10e96206e,VENTE_CLIENT,RECUE,2025-06-06 17:11:00,2f9f7915-0f2d-4aa0-98fa-fbff272def4e,2,14.9,29.8
d86a778c-c442-41b3-b53e-895d772924c2,VENTE_CLIENT,RECUE,2025-06-28 14:31:00,1d4729fb-527d-4107-b1d8-d718e7f64323,3,44.9,134.7
d86a778c-c442-41b3-b53e-895d772924c2,VENTE_CLIENT,RECUE,2025-06-28 14:31:00,394e86b1-2529-4787-99f0-efc1a9651537,2,9.9,19.8
8c314cc6-331b-4545-acb7-24f07fbce6e9,VENTE_CLIENT,RECUE,2025-06-16 10:57:00,82c9b156-9e48-4772-b6a4-610f88eed060,3,14.9,44.7
3a6cae54-161c-43b9-95c2-0ed4a42bf2fe,VENTE_CLIENT,RECUE,2025-06-20 09:17:00,61fa2627-0c32-4b7e-867e-a04aaeaf12aa,2,14.9,29.8
c879f221-56ca-4e9c-bae5-6e5a58230b06,VENTE_CLIENT,RECUE,2025-06-24 12:19:00,3cfcc465-ff37-402e-9c1b-ba5d3ea94f01,2,44.9,89.8
9c83cc73-ac48-4474-a930-d2e1c35c31bf,VENTE_CLIENT,RECUE,2025-06-29 16:20:00,b1d3e895-75e6-42ad-a3f8-6bd8b9d22be8,2,39.9,79.8
7adc4790-6b6b-4114-9eee-1bd0cbff62eb,VENTE_CLIENT,RECUE,2025-06-11 17:26:00,1d4729fb-527d-4107-b1d8-d718e7f64323,2,44.9,89.8
7adc4790-6b6b-4114-9eee-1bd0cbff62eb,VENTE_CLIENT,RECUE,2025-06-11 17:26:00,05c220e2-16b4-44dc-b5fd-5c6af2a0e444,3,54.9,164.7
708f9925-4939-47f2-8dd8-3acf5b8216da,VENTE_CLIENT,RECUE,2025-06-27 07:22:00,394e86b1-2529-4787-99f0-efc1a9651537,2,9.9,19.8
c4ddd4ab-28df-4b57-bdf3-fef2d06091f8,VENTE_CLIENT,RECUE,2025-06-21 17:49:00,b1d3e895-75e6-42ad-a3f8-6bd8b9d22be8,3,39.9,119.69999999999999
dfeade56-036b-4fb2-a441-f69b71ebb7ec,VENTE_CLIENT,RECUE,2025-06-06 08:20:00,eac55e82-4cf3-480b-8940-f858c7db0400,1,14.9,14.9
80596848-1e98-4561-b7b4-6a0d96ef7c56,VENTE_CLIENT,RECUE,2025-06-03 09:12:00,61fa2627-0c32-4b7e-867e-a04aaeaf12aa,1,14.9,14.9
8c955163-295d-4a27-b048-644e115a128f,VENTE_CLIENT,RECUE,2025-06-03 10:37:00,4b036e43-3c29-4f80-bddb-d0b09c2ddfae,3,16.9,50.699999999999996
5d9f8c09-303c-4bd6-938b-672891cb4de2,VENTE_CLIENT,RECUE,2025-06-16 08:08:00,394e86b1-2529-4787-99f0-efc1a9651537,1,9.9,9.9
5d9f8c09-303c-4bd6-938b-672891cb4de2,VENTE_CLIENT,RECUE,2025-06-16 08:08:00,6807df5e-79b3-4b3d-ad75-2360dc5da848,3,39.9,119.69999999999999
3843cc01-2087-4c88-81d7-8e78d201e8f9,VENTE_CLIENT,RECUE,2025-06-28 15:30:00,eac55e82-4cf3-480b-8940-f858c7db0400,2,14.9,29.8
4919956a-9175-4a50-a665-115818f9554d,VENTE_CLIENT,RECUE,2025-06-05 17:29:00,1d4729fb-527d-4107-b1d8-d718e7f64323,3,44.9,134.7
5340a4f9-8523-478d-bbd8-3345517d960d,VENTE_CLIENT,RECUE,2025-06-06 08:54:00,05c220e2-16b4-44dc-b5fd-5c6af2a0e444,3,54.9,164.7
f6e5821d-6dfe-409b-8544-7ede53f94f7d,VENTE_CLIENT,ANNULEE,2025-06-03 08:26:00,3cfcc465-ff37-402e-9c1b-ba5d3ea94f01,1,44.9,44.9
b1fe873c-274c-4f60-9fff-d94e19eaf65a,VENTE_CLIENT,RECUE,2025-06-21 16:40:00,6807df5e-79b3-4b3d-ad75-2360dc5da848,3,39.9,119.69999999999999
00e1f3a4-dd75-4740-a99f-24b27c3a307d,VENTE_CLIENT,RECUE,2025-06-10 16:13:00,2f9f7915-0f2d-4aa0-98fa-fbff272def4e,1,14.9,14.9
383c2382-a29b-4b8c-a507-3c0c7ec1bcbb,VENTE_CLIENT,RECUE,2025-06-15 08:40:00,1d4729fb-527d-4107-b1d8-d718e7f64323,1,44.9,44.9
4ae7c816-7b9f-4987-a4ef-1f349d01df5f,VENTE_CLIENT,RECUE,2025-06-11 13:17:00,1d4729fb-527d-4107-b1d8-d718e7f64323,1,44.9,44.9
35a50811-da5b-47dd-900f-a098272ef4da,VENTE_CLIENT,RECUE,2025-06-24 11:32:00,1d4729fb-527d-4107-b1d8-d718e7f64323,2,44.9,89.8
a3e3b305-e590-4154-872c-1c2e7f7765f3,VENTE_CLIENT,RECUE,2025-06-14 10:58:00,dbee0582-7f92-49c0-b98d-beef835602c0,1,19.9,19.9
a3e3b305-e590-4154-872c-1c2e7f7765f3,VENTE_CLIENT,RECUE,2025-06-14 10:58:00,eac55e82-4cf3-480b-8940-f858c7db0400,1,14.9,14.9
689fd01f-09e1-42c8-b98e-34486b527cc7,VENTE_CLIENT,RECUE,2025-06-08 12:29:00,3cfcc465-ff37-402e-9c1b-ba5d3ea94f01,3,44.9,134.7
6661198c-8edf-46ba-aab4-2810f8eba9ee,VENTE_CLIENT,RECUE,2025-06-12 12:46:00,3cfcc465-ff37-402e-9c1b-ba5d3ea94f01,2,44.9,89.8
a51f9869-4784-4e29-97ea-1ec85f57e51e,VENTE_CLIENT,RECUE,2025-06-20 17:49:00,b1d3e895-75e6-42ad-a3f8-6bd8b9d22be8,3,39.9,119.69999999999999
a51f9869-4784-4e29-97ea-1ec85f57e51e,VENTE_CLIENT,RECUE,2025-06-20 17:49:00,eac55e82-4cf3-480b-8940-f858c7db0400,2,14.9,29.8
bfb82f8a-abe7-4336-a9a6-bd3b5936c362,VENTE_CLIENT,RECUE,2025-06-19 16:23:00,3cfcc465-ff37-402e-9c1b-ba5d3ea94f01,2,44.9,89.8
46254d14-b814-4191-9f72-6283855f0b42,VENTE_CLIENT,RECUE,2025-06-04 13:32:00,394e86b1-2529-4787-99f0-efc1a9651537,3,9.9,29.700000000000003
51aedd08-6a21-4c56-bd81-d2d528b0af5a,VENTE_CLIENT,RECUE,2025-06-26 16:32:00,394e86b1-2529-4787-99f0-efc1a9651537,2,9.9,19.8
8403ecd4-f1ba-44a3-ae8d-84e7af5d5d94,VENTE_CLIENT,RECUE,2025-06-26 08:22:00,05c220e2-16b4-44dc-b5fd-5c6af2a0e444,3,54.9,164.7
91d2eb4f-6091-438a-b120-a632e998c354,VENTE_CLIENT,RECUE,2025-06-11 10:02:00,4b036e43-3c29-4f80-bddb-d0b09c2ddfae,1,16.9,16.9
91d2eb4f-6091-438a-b120-a632e998c354,VENTE_CLIENT,RECUE,2025-06-11 10:02:00,3cfcc465-ff37-402e-9c1b-ba5d3ea94f01,1,44.9,44.9
4ddde3fb-c64f-4fdd-81aa-e3f5d57d5002,VENTE_CLIENT,RECUE,2025-06-18 07:37:00,61fa2627-0c32-4b7e-867e-a04aaeaf12aa,2,14.9,29.8
5185fea7-1c57-4fb5-af38-856c5758da20,VENTE_CLIENT,RECUE,2025-06-21 11:53:00,82c9b156-9e48-4772-b6a4-610f88eed060,3,14.9,44.7
adeb1a30-3504-4e76-9e2c-5145cf88322d,VENTE_CLIENT,RECUE,2025-06-06 11:16:00,eac55e82-4cf3-480b-8940-f858c7db0400,3,14.9,44.7
adeb1a30-3504-4e76-9e2c-5145cf88322d,VENTE_CLIENT,RECUE,2025-06-06 11:16:00,61fa2627-0c32-4b7e-867e-a04aaeaf12aa,1,14.9,14.9
16aa36b5-b743-464d-90e6-8480cac17bd2,VENTE_CLIENT,RECUE,2025-06-19 14:41:00,82c9b156-9e48-4772-b6a4-610f88eed060,3,14.9,44.7
779e723c-5085-4b2c-9e9d-7db7b01872cc,VENTE_CLIENT,RECUE,2025-06-17 07:24:00,1d4729fb-527d-4107-b1d8-d718e7f64323,1,44.9,44.9
779e723c-5085-4b2c-9e9d-7db7b01872cc,VENTE_CLIENT,RECUE,2025-06-17 07:24:00,61fa2627-0c32-4b7e-867e-a04aaeaf12aa,3,14.9,44.7
e51a99ef-95c5-4fbb-84a6-cbec002bc175,VENTE_CLIENT,RECUE,2025-06-19 13:33:00,61fa2627-0c32-4b7e-867e-a04aaeaf12aa,1,14.9,14.9
ba0ba1eb-632b-4632-aca8-c41a47b90916,VENTE_CLIENT,RECUE,2025-06-22 11:13:00,eac55e82-4cf3-480b-8940-f858c7db0400,3,14.9,44.7
ba0ba1eb-632b-4632-aca8-c41a47b90916,VENTE_CLIENT,RECUE,2025-06-22 11:13:00,394e86b1-2529-4787-99f0-efc1a9651537,2,9.9,19.8
0351420c-66e6-4a08-8c80-ebf155af1435,VENTE_CLIENT,RECUE,2025-06-12 14:24:00,82c9b156-9e48-4772-b6a4-610f88eed060,1,14.9,14.9
ee509d14-ffc6-480c-870a-c747e82d6533,VENTE_CLIENT,RECUE,2025-06-08 18:06:00,dbee0582-7f92-49c0-b98d-beef835602c0,2,19.9,39.8
643626e7-ff00-4e8a-aaa3-5abe9b3f92ce,VENTE_CLIENT,RECUE,2025-06-04 16:40:00,6807df5e-79b3-4b3d-ad75-2360dc5da848,2,39.9,79.8
ef73bb3e-fbc2-40b1-9d14-a3887f1a6caa,VENTE_CLIENT,RECUE,2025-06-25 13:56:00,4b036e43-3c29-4f80-bddb-d0b09c2ddfae,2,16.9,33.8
57f54f79-3586-47b9-b7b1-7df077901082,VENTE_CLIENT,RECUE,2025-06-06 16:29:00,eac55e82-4cf3-480b-8940-f858c7db0400,3,14.9,44.7
57f54f79-3586-47b9-b7b1-7df077901082,VENTE_CLIENT,RECUE,2025-06-06 16:29:00,82c9b156-9e48-4772-b6a4-610f88eed060,3,14.9,44.7
0eee03ab-fd9f-40c4-82df-b3faec9f31e9,VENTE_CLIENT,RECUE,2025-06-11 08:37:00,b1d3e895-75e6-42ad-a3f8-6bd8b9d22be8,1,39.9,39.9
1b8fc32d-61eb-495a-aacf-ed71c0f846c7,VENTE_CLIENT,RECUE,2025-06-04 17:43:00,1d4729fb-527d-4107-b1d8-d718e7f64323,3,44.9,134.7
ab296610-68fa-4247-983d-1ce4f64fed08,VENTE_CLIENT,RECUE,2025-06-12 15:40:00,394e86b1-2529-4787-99f0-efc1a9651537,2,9.9,19.8
20108bba-8866-44e4-b7bd-31aaa2d2386c,VENTE_CLIENT,RECUE,2025-06-12 17:43:00,b1d3e895-75e6-42ad-a3f8-6bd8b9d22be8,2,39.9,79.8
20108bba-8866-44e4-b7bd-31aaa2d2386c,VENTE_CLIENT,RECUE,2025-06-12 17:43:00,dbee0582-7f92-49c0-b98d-beef835602c0,3,19.9,59.699999999999996
487a48be-57e7-4bec-a84c-572cbc223ed7,VENTE_CLIENT,RECUE,2025-06-14 14:53:00,b1d3e895-75e6-42ad-a3f8-6bd8b9d22be8,3,39.9,119.69999999999999
6b0e8660-0c16-407e-9a47-6a1795ee1152,ACHAT_FOURNISSEUR,RECUE,2025-07-27 17:16:00,394e86b1-2529-4787-99f0-efc1a9651537,11,3.0,33.0
6b0e8660-0c16-407e-9a47-6a1795ee1152,ACHAT_FOURNISSEUR,RECUE,2025-07-27 17:16:00,1d4729fb-527d-4107-b1d8-d718e7f64323,12,18.0,216.0
9189abdd-dda1-41ef-9a6a-6f5bbf7eb235,ACHAT_FOURNISSEUR,ANNULEE,2025-07-11 08:57:00,394e86b1-2529-4787-99f0-efc1a9651537,8,3.0,24.0
9189abdd-dda1-41ef-9a6a-6f5bbf7eb235,ACHAT_FOURNISSEUR,ANNULEE,2025-07-11 08:57:00,3cfcc465-ff37-402e-9c1b-ba5d3ea94f01,12,18.0,216.0
c06e5e8d-73d9-4bec-bd1e-32c96292feca,ACHAT_FOURNISSEUR,RECUE,2025-07-15 09:21:00,2f9f7915-0f2d-4aa0-98fa-fbff272def4e,22,6.0,132.0
c64cc14e-266a-4a01-a8ac-1ea1c5c27fc7,ACHAT_FOURNISSEUR,RECUE,2025-07-08 12:17:00,80736db9-6fe9-46c5-b942-d8e6d8873264,10,9.0,90.0
c64cc14e-266a-4a01-a8ac-1ea1c5c27fc7,ACHAT_FOURNISSEUR,RECUE,2025-07-08 12:17:00,82c9b156-9e48-4772-b6a4-610f88eed060,7,6.0,42.0
7f7198bb-f407-4829-a0d1-ab4f615f8559,ACHAT_FOURNISSEUR,RECUE,2025-07-03 16:16:00,b1d3e895-75e6-42ad-a3f8-6bd8b9d22be8,9,15.0,135.0
7f7198bb-f407-4829-a0d1-ab4f615f8559,ACHAT_FOURNISSEUR,RECUE,2025-07-03 16:16:00,6807df5e-79b3-4b3d-ad75-2360dc5da848,7,15.0,105.0
a052a284-b47d-44c3-8194-afe838d6249b,ACHAT_FOURNISSEUR,RECUE,2025-07-12 07:44:00,3d69487c-f6bf-4558-b7c5-86dfd5caedb4,7,4.0,28.0
a052a284-b47d-44c3-8194-afe838d6249b,ACHAT_FOURNISSEUR,RECUE,2025-07-12 07:44:00,eac55e82-4cf3-480b-8940-f858c7db0400,7,6.0,42.0
371af2bd-0f83-4bec-97f7-154bbd9b7937,ACHAT_FOURNISSEUR,RECUE,2025-07-31 14:54:00,b1d3e895-75e6-42ad-a3f8-6bd8b9d22be8,10,15.0,150.0
371af2bd-0f83-4bec-97f7-154bbd9b7937,ACHAT_FOURNISSEUR,RECUE,2025-07-31 14:54:00,3cfcc465-ff37-402e-9c1b-ba5d3ea94f01,12,18.0,216.0
1e68bfb9-5f42-486a-84d8-a0d4d2ffc646,ACHAT_FOURNISSEUR,RECUE,2025-07-26 15:11:00,3cfcc465-ff37-402e-9c1b-ba5d3ea94f01,17,18.0,306.0
49e44868-841a-4bad-b637-51912730e3ae,VENTE_CLIENT,RECUE,2025-07-14 17:49:00,2f9f7915-0f2d-4aa0-98fa-fbff272def4e,3,14.9,44.7
286a8451-2e73-4a17-910c-f41c22aa70a8,VENTE_CLIENT,ANNULEE,2025-07-09 15:51:00,dbee0582-7f92-49c0-b98d-beef835602c0,2,19.9,39.8
286a8451-2e73-4a17-910c-f41c22aa70a8,VENTE_CLIENT,ANNULEE,2025-07-09 15:51:00,05c220e2-16b4-44dc-b5fd-5c6af2a0e444,1,54.9,54.9
2f940527-4782-40e3-86f8-8d5220afd4d5,VENTE_CLIENT,RECUE,2025-07-06 11:01:00,dbee0582-7f92-49c0-b98d-beef835602c0,2,19.9,39.8
b93234ce-73ef-47f4-a775-1bb4dc437392,VENTE_CLIENT,ANNULEE,2025-07-08 11:50:00,05c220e2-16b4-44dc-b5fd-5c6af2a0e444,2,54.9,109.8
aa3d62bf-1843-4ecc-9376-78c6a15ca3d1,VENTE_CLIENT,RECUE,2025-07-31 14:05:00,80736db9-6fe9-46c5-b942-d8e6d8873264,2,24.9,49.8
aa3d62bf-1843-4ecc-9376-78c6a15ca3d1,VENTE_CLIENT,RECUE,2025-07-31 14:05:00,4b036e43-3c29-4f80-bddb-d0b09c2ddfae,2,16.9,33.8
a9e9db14-67d2-4d82-b2c6-7a35a015fd9b,VENTE_CLIENT,RECUE,2025-07-17 07:51:00,6807df5e-79b3-4b3d-ad75-2360dc5da848,1,39.9,39.9
2999a661-f53e-438c-a64e-7d37727a966a,VENTE_CLIENT,RECUE,2025-07-28 18:56:00,eac55e82-4cf3-480b-8940-f858c7db0400,1,14.9,14.9
f38bd2c9-67b1-4928-9088-c2287d8f6812,VENTE_CLIENT,RECUE,2025-07-31 11:58:00,61fa2627-0c32-4b7e-867e-a04aaeaf12aa,1,14.9,14.9
7a89c62f-d4f3-4405-b8f7-ec5868782bde,VENTE_CLIENT,RECUE,2025-07-07 14:04:00,80736db9-6fe9-46c5-b942-d8e6d8873264,1,24.9,24.9
7a89c62f-d4f3-4405-b8f7-ec5868782bde,VENTE_CLIENT,RECUE,2025-07-07 14:04:00,2f9f7915-0f2d-4aa0-98fa-fbff272def4e,3,14.9,44.7
f5121cc7-d35f-470c-ae80-04d8cb5439a0,VENTE_CLIENT,RECUE,2025-07-23 13:09:00,394e86b1-2529-4787-99f0-efc1a9651537,2,9.9,19.8
f5121cc7-d35f-470c-ae80-04d8cb5439a0,VENTE_CLIENT,RECUE,2025-07-23 13:09:00,b1d3e895-75e6-42ad-a3f8-6bd8b9d22be8,2,39.9,79.8
46fe506b-5cef-4c92-a760-d38b520704cf,VENTE_CLIENT,RECUE,2025-07-15 09:11:00,b1d3e895-75e6-42ad-a3f8-6bd8b9d22be8,1,39.9,39.9
46fe506b-5cef-4c92-a760-d38b520704cf,VENTE_CLIENT,RECUE,2025-07-15 09:11:00,6807df5e-79b3-4b3d-ad75-2360dc5da848,2,39.9,79.8
87c84df1-d14a-4f97-8328-2989d0179854,VENTE_CLIENT,RECUE,2025-07-08 16:52:00,6807df5e-79b3-4b3d-ad75-2360dc5da848,3,39.9,119.69999999999999
74cb709a-4ae7-4f34-827f-58d9c258dc3e,VENTE_CLIENT,RECUE,2025-07-06 14:48:00,dbee0582-7f92-49c0-b98d-beef835602c0,1,19.9,19.9
c81bb16c-27a3-441f-a1e2-4e30b8789a3c,VENTE_CLIENT,RECUE,2025-07-30 15:59:00,eac55e82-4cf3-480b-8940-f858c7db0400,1,14.9,14.9
c81bb16c-27a3-441f-a1e2-4e30b8789a3c,VENTE_CLIENT,RECUE,2025-07-30 15:59:00,82c9b156-9e48-4772-b6a4-610f88eed060,1,14.9,14.9
4dc9dce5-0661-4f0f-b92c-cb2edd76899e,VENTE_CLIENT,RECUE,2025-07-19 10:58:00,dbee0582-7f92-49c0-b98d-beef835602c0,3,19.9,59.699999999999996
bbbd2be7-9108-4ea8-ba6e-6cb9806b5f1e,VENTE_CLIENT,RECUE,2025-07-26 14:26:00,2f9f7915-0f2d-4aa0-98fa-fbff272def4e,3,14.9,44.7
b9157f2b-437d-4695-97e6-221a98d263bf,VENTE_CLIENT,RECUE,2025-07-10 10:10:00,2f9f7915-0f2d-4aa0-98fa-fbff272def4e,1,14.9,14.9
b9157f2b-437d-4695-97e6-221a98d263bf,VENTE_CLIENT,RECUE,2025-07-10 10:10:00,80736db9-6fe9-46c5-b942-d8e6d8873264,2,24.9,49.8
c599dd01-1fc5-4e00-b6e9-9160d59921d4,VENTE_CLIENT,RECUE,2025-07-12 11:37:00,3d69487c-f6bf-4558-b7c5-86dfd5caedb4,3,12.9,38.7
c599dd01-1fc5-4e00-b6e9-9160d59921d4,VENTE_CLIENT,RECUE,2025-07-12 11:37:00,1d4729fb-527d-4107-b1d8-d718e7f64323,1,44.9,44.9
c4478965-c5a8-4676-95e1-8c89ff2bc7e6,VENTE_CLIENT,RECUE,2025-07-24 18:26:00,2f9f7915-0f2d-4aa0-98fa-fbff272def4e,2,14.9,29.8
34f369d0-9ec9-4230-9ddf-677960ff3973,VENTE_CLIENT,RECUE,2025-07-30 18:06:00,1d4729fb-527d-4107-b1d8-d718e7f64323,2,44.9,89.8
34f369d0-9ec9-4230-9ddf-677960ff3973,VENTE_CLIENT,RECUE,2025-07-30 18:06:00,80736db9-6fe9-46c5-b942-d8e6d8873264,3,24.9,74.69999999999999
f9a630b7-a05d-4126-83e2-16d65f22ed3c,VENTE_CLIENT,RECUE,2025-07-08 14:06:00,05c220e2-16b4-44dc-b5fd-5c6af2a0e444,1,54.9,54.9
f9a630b7-a05d-4126-83e2-16d65f22ed3c,VENTE_CLIENT,RECUE,2025-07-08 14:06:00,eac55e82-4cf3-480b-8940-f858c7db0400,3,14.9,44.7
f265f368-b052-4834-8201-2a6875a14371,VENTE_CLIENT,RECUE,2025-07-24 13:06:00,80736db9-6fe9-46c5-b942-d8e6d8873264,1,24.9,24.9
f265f368-b052-4834-8201-2a6875a14371,VENTE_CLIENT,RECUE,2025-07-24 13:06:00,82c9b156-9e48-4772-b6a4-610f88eed060,3,14.9,44.7
506456f0-56f7-4d57-b5ca-93b8058f5254,VENTE_CLIENT,RECUE,2025-07-09 07:26:00,61fa2627-0c32-4b7e-867e-a04aaeaf12aa,1,14.9,14.9
506456f0-56f7-4d57-b5ca-93b8058f5254,VENTE_CLIENT,RECUE,2025-07-09 07:26:00,394e86b1-2529-4787-99f0-efc1a9651537,3,9.9,29.700000000000003
5fc5816d-c004-43c7-a350-0c876688abd3,VENTE_CLIENT,RECUE,2025-07-22 10:32:00,05c220e2-16b4-44dc-b5fd-5c6af2a0e444,1,54.9,54.9
ef62134e-8ec9-42d1-9d0b-f25bd408136d,VENTE_CLIENT,RECUE,2025-07-30 07:09:00,3cfcc465-ff37-402e-9c1b-ba5d3ea94f01,3,44.9,134.7
eb70319a-bb98-44d6-a6e1-b6cc2c578722,VENTE_CLIENT,RECUE,2025-07-16 17:18:00,1d4729fb-527d-4107-b1d8-d718e7f64323,1,44.9,44.9
06ada46a-59fb-4480-83bd-9b71a88260ce,VENTE_CLIENT,RECUE,2025-07-21 07:15:00,61fa2627-0c32-4b7e-867e-a04aaeaf12aa,2,14.9,29.8
06ada46a-59fb-4480-83bd-9b71a88260ce,VENTE_CLIENT,RECUE,2025-07-21 07:15:00,3cfcc465-ff37-402e-9c1b-ba5d3ea94f01,2,44.9,89.8
cab9cd85-53d3-4189-9e32-8ee4e9d5a478,VENTE_CLIENT,RECUE,2025-07-08 17:43:00,dbee0582-7f92-49c0-b98d-beef835602c0,1,19.9,19.9
4a731826-2c68-4e0a-b286-e10628bf35d7,VENTE_CLIENT,RECUE,2025-07-23 09:03:00,82c9b156-9e48-4772-b6a4-610f88eed060,3,14.9,44.7
fa1eac60-241f-4314-865e-dd76887ab58e,VENTE_CLIENT,RECUE,2025-07-09 11:41:00,3d69487c-f6bf-4558-b7c5-86dfd5caedb4,2,12.9,25.8
6cf9b090-8fe4-4f8d-9391-7f9ee6c83b32,VENTE_CLIENT,RECUE,2025-07-28 18:52:00,1d4729fb-527d-4107-b1d8-d718e7f64323,2,44.9,89.8
dc34caf9-0fdd-4b09-8e6c-1ceca785d011,VENTE_CLIENT,RECUE,2025-07-19 15:43:00,61fa2627-0c32-4b7e-867e-a04aaeaf12aa,2,14.9,29.8
dc34caf9-0fdd-4b09-8e6c-1ceca785d011,VENTE_CLIENT,RECUE,2025-07-19 15:43:00,82c9b156-9e48-4772-b6a4-610f88eed060,2,14.9,29.8
ddad17be-9934-4944-b537-2459a2139862,VENTE_CLIENT,RECUE,2025-07-20 08:56:00,4b036e43-3c29-4f80-bddb-d0b09c2ddfae,3,16.9,50.699999999999996
2c05bda3-80cf-4e23-8369-a53139dba4a7,VENTE_CLIENT,RECUE,2025-07-07 12:05:00,6807df5e-79b3-4b3d-ad75-2360dc5da848,3,39.9,119.69999999999999
2c05bda3-80cf-4e23-8369-a53139dba4a7,VENTE_CLIENT,RECUE,2025-07-07 12:05:00,80736db9-6fe9-46c5-b942-d8e6d8873264,1,24.9,24.9
72b99b06-1d8f-43a3-8bb0-b35f33cce5fc,VENTE_CLIENT,RECUE,2025-07-31 10:14:00,1d4729fb-527d-4107-b1d8-d718e7f64323,2,44.9,89.8
72b99b06-1d8f-43a3-8bb0-b35f33cce5fc,VENTE_CLIENT,RECUE,2025-07-31 10:14:00,2f9f7915-0f2d-4aa0-98fa-fbff272def4e,2,14.9,29.8
9e422840-0c2b-4932-8431-438050c08cc3,VENTE_CLIENT,RECUE,2025-07-01 10:07:00,82c9b156-9e48-4772-b6a4-610f88eed060,2,14.9,29.8
2eb758f1-3edf-4c2f-b8f1-883099f489ad,VENTE_CLIENT,RECUE,2025-07-03 10:10:00,6807df5e-79b3-4b3d-ad75-2360dc5da848,3,39.9,119.69999999999999
2eb758f1-3edf-4c2f-b8f1-883099f489ad,VENTE_CLIENT,RECUE,2025-07-03 10:10:00,394e86b1-2529-4787-99f0-efc1a9651537,1,9.9,9.9
93b44610-199c-41b1-9b9c-bf59587de27e,VENTE_CLIENT,RECUE,2025-07-06 11:23:00,1d4729fb-527d-4107-b1d8-d718e7f64323,2,44.9,89.8
fe68b153-7939-413e-9dee-4d5338a34602,VENTE_CLIENT,RECUE,2025-07-28 10:43:00,61fa2627-0c32-4b7e-867e-a04aaeaf12aa,2,14.9,29.8
b57c60a1-205b-43a0-a99c-a63ab79976ef,VENTE_CLIENT,RECUE,2025-07-18 15:12:00,2f9f7915-0f2d-4aa0-98fa-fbff272def4e,2,14.9,29.8
b57c60a1-205b-43a0-a99c-a63ab79976ef,VENTE_CLIENT,RECUE,2025-07-18 15:12:00,05c220e2-16b4-44dc-b5fd-5c6af2a0e444,1,54.9,54.9
68ddd4cf-e53a-4550-ae7f-eadbb0de5568,VENTE_CLIENT,RECUE,2025-07-25 10:10:00,3cfcc465-ff37-402e-9c1b-ba5d3ea94f01,1,44.9,44.9
0ac173b2-b94f-4b6c-b649-1f76a49bfe5b,VENTE_CLIENT,RECUE,2025-07-03 17:35:00,394e86b1-2529-4787-99f0-efc1a9651537,1,9.9,9.9
8ea10feb-210a-4af9-85cd-e7af39d91d9c,VENTE_CLIENT,RECUE,2025-07-27 11:21:00,1d4729fb-527d-4107-b1d8-d718e7f64323,1,44.9,44.9
1464d5b2-9084-4bde-8011-979e94a30e10,VENTE_CLIENT,RECUE,2025-07-15 16:36:00,3d69487c-f6bf-4558-b7c5-86dfd5caedb4,1,12.9,12.9
1464d5b2-9084-4bde-8011-979e94a30e10,VENTE_CLIENT,RECUE,2025-07-15 16:36:00,3cfcc465-ff37-402e-9c1b-ba5d3ea94f01,1,44.9,44.9
03224826-f085-4523-b579-fcfbdfc8ab3f,VENTE_CLIENT,RECUE,2025-07-03 12:08:00,2f9f7915-0f2d-4aa0-98fa-fbff272def4e,3,14.9,44.7
f8b8e40e-a8e8-45aa-b1e1-bb9157629ffd,VENTE_CLIENT,RECUE,2025-07-25 13:40:00,2f9f7915-0f2d-4aa0-98fa-fbff272def4e,1,14.9,14.9
72cb11c7-a912-4d31-95e3-db55e4c9f80c,VENTE_CLIENT,RECUE,2025-07-03 10:59:00,82c9b156-9e48-4772-b6a4-610f88eed060,1,14.9,14.9
72cb11c7-a912-4d31-95e3-db55e4c9f80c,VENTE_CLIENT,RECUE,2025-07-03 10:59:00,b1d3e895-75e6-42ad-a3f8-6bd8b9d22be8,3,39.9,119.69999999999999
a88704d9-5e73-4b49-8100-64bca93b108c,VENTE_CLIENT,ANNULEE,2025-07-23 15:00:00,82c9b156-9e48-4772-b6a4-610f88eed060,2,14.9,29.8
a88704d9-5e73-4b49-8100-64bca93b108c,VENTE_CLIENT,ANNULEE,2025-07-23 15:00:00,3d69487c-f6bf-4558-b7c5-86dfd5caedb4,1,12.9,12.9
833ef72a-e930-48b7-a609-aaa0eb71ac87,VENTE_CLIENT,RECUE,2025-07-14 14:05:00,394e86b1-2529-4787-99f0-efc1a9651537,2,9.9,19.8
833ef72a-e930-48b7-a609-aaa0eb71ac87,VENTE_CLIENT,RECUE,2025-07-14 14:05:00,82c9b156-9e48-4772-b6a4-610f88eed060,2,14.9,29.8
2ab9b40c-f1df-4c46-85df-278e11f620ad,VENTE_CLIENT,RECUE,2025-07-27 11:26:00,3d69487c-f6bf-4558-b7c5-86dfd5caedb4,1,12.9,12.9
2ab9b40c-f1df-4c46-85df-278e11f620ad,VENTE_CLIENT,RECUE,2025-07-27 11:26:00,394e86b1-2529-4787-99f0-efc1a9651537,3,9.9,29.700000000000003
7187aafd-29d4-4b06-860f-78d1c3b29831,VENTE_CLIENT,RECUE,2025-07-13 16:18:00,3cfcc465-ff37-402e-9c1b-ba5d3ea94f01,3,44.9,134.7
7755b61d-f3ee-4b39-9551-6b42b95e8b8f,VENTE_CLIENT,RECUE,2025-07-15 18:24:00,1d4729fb-527d-4107-b1d8-d718e7f64323,1,44.9,44.9
16d3a0ef-3d4e-4f50-8353-f062ea0d4212,VENTE_CLIENT,RECUE,2025-07-02 11:07:00,394e86b1-2529-4787-99f0-efc1a9651537,3,9.9,29.700000000000003
16d3a0ef-3d4e-4f50-8353-f062ea0d4212,VENTE_CLIENT,RECUE,2025-07-02 11:07:00,1d4729fb-527d-4107-b1d8-d718e7f64323,1,44.9,44.9
fa716f7e-e1e2-47dc-8152-c37c598edcac,VENTE_CLIENT,RECUE,2025-07-04 18:34:00,b1d3e895-75e6-42ad-a3f8-6bd8b9d22be8,3,39.9,119.69999999999999
476f714e-8c9e-4b59-b771-54bb693379e2,ACHAT_FOURNISSEUR,RECUE,2025-08-05 10:10:00,05c220e2-16b4-44dc-b5fd-5c6af2a0e444,14,22.0,308.0
476f714e-8c9e-4b59-b771-54bb693379e2,ACHAT_FOURNISSEUR,RECUE,2025-08-05 10:10:00,2f9f7915-0f2d-4aa0-98fa-fbff272def4e,10,6.0,60.0
629572a1-de9e-4cf9-861d-228e16dd04f8,ACHAT_FOURNISSEUR,RECUE,2025-08-21 09:25:00,6807df5e-79b3-4b3d-ad75-2360dc5da848,8,15.0,120.0
629572a1-de9e-4cf9-861d-228e16dd04f8,ACHAT_FOURNISSEUR,RECUE,2025-08-21 09:25:00,05c220e2-16b4-44dc-b5fd-5c6af2a0e444,8,22.0,176.0
0eab8b11-87fc-44a1-84ad-489536e3890a,ACHAT_FOURNISSEUR,RECUE,2025-08-10 13:29:00,05c220e2-16b4-44dc-b5fd-5c6af2a0e444,13,22.0,286.0
0eab8b11-87fc-44a1-84ad-489536e3890a,ACHAT_FOURNISSEUR,RECUE,2025-08-10 13:29:00,eac55e82-4cf3-480b-8940-f858c7db0400,14,6.0,84.0
6891625f-5ed5-42e6-8856-4539c462b3d8,ACHAT_FOURNISSEUR,RECUE,2025-08-04 14:33:00,05c220e2-16b4-44dc-b5fd-5c6af2a0e444,18,22.0,396.0
4cd4d8ce-7d0f-4ea7-838d-4aa8b46beee8,ACHAT_FOURNISSEUR,RECUE,2025-08-14 17:24:00,2f9f7915-0f2d-4aa0-98fa-fbff272def4e,23,6.0,138.0
278b9307-4f1d-4dc9-ab99-46b6c5c56706,ACHAT_FOURNISSEUR,RECUE,2025-08-19 15:49:00,05c220e2-16b4-44dc-b5fd-5c6af2a0e444,11,22.0,242.0
278b9307-4f1d-4dc9-ab99-46b6c5c56706,ACHAT_FOURNISSEUR,RECUE,2025-08-19 15:49:00,b1d3e895-75e6-42ad-a3f8-6bd8b9d22be8,12,15.0,180.0
5df415e1-11bf-4c7b-a830-5cd68cca0c11,ACHAT_FOURNISSEUR,RECUE,2025-08-04 08:16:00,3cfcc465-ff37-402e-9c1b-ba5d3ea94f01,11,18.0,198.0
5df415e1-11bf-4c7b-a830-5cd68cca0c11,ACHAT_FOURNISSEUR,RECUE,2025-08-04 08:16:00,6807df5e-79b3-4b3d-ad75-2360dc5da848,10,15.0,150.0
4c37e85a-6e3d-4246-9c6d-39a5b7370c25,ACHAT_FOURNISSEUR,RECUE,2025-08-08 12:19:00,4b036e43-3c29-4f80-bddb-d0b09c2ddfae,10,5.0,50.0
4c37e85a-6e3d-4246-9c6d-39a5b7370c25,ACHAT_FOURNISSEUR,RECUE,2025-08-08 12:19:00,80736db9-6fe9-46c5-b942-d8e6d8873264,14,9.0,126.0
3cd5a65e-6db4-4951-bd04-45bbd10b9325,VENTE_CLIENT,RECUE,2025-08-24 17:55:00,3cfcc465-ff37-402e-9c1b-ba5d3ea94f01,3,44.9,134.7
3cd5a65e-6db4-4951-bd04-45bbd10b9325,VENTE_CLIENT,RECUE,2025-08-24 17:55:00,80736db9-6fe9-46c5-b942-d8e6d8873264,2,24.9,49.8
a8e795bf-f74b-4f35-a3d3-5d27b822abe6,VENTE_CLIENT,RECUE,2025-08-12 09:25:00,b1d3e895-75e6-42ad-a3f8-6bd8b9d22be8,1,39.9,39.9
a8e795bf-f74b-4f35-a3d3-5d27b822abe6,VENTE_CLIENT,RECUE,2025-08-12 09:25:00,2f9f7915-0f2d-4aa0-98fa-fbff272def4e,3,14.9,44.7
178445e0-f4a0-49e7-b1e8-41bb386cc7c9,VENTE_CLIENT,RECUE,2025-08-18 18:37:00,05c220e2-16b4-44dc-b5fd-5c6af2a0e444,3,54.9,164.7
7dc27891-829a-4d64-81e4-86e3e2ac3e40,VENTE_CLIENT,RECUE,2025-08-20 09:45:00,eac55e82-4cf3-480b-8940-f858c7db0400,3,14.9,44.7
040d2f73-8894-4424-83ce-f45ec40dc3c6,VENTE_CLIENT,ANNULEE,2025-08-10 09:21:00,80736db9-6fe9-46c5-b942-d8e6d8873264,1,24.9,24.9
67448ea0-ae7c-4c2c-a7bb-d989b612d981,VENTE_CLIENT,RECUE,2025-08-16 12:06:00,80736db9-6fe9-46c5-b942-d8e6d8873264,2,24.9,49.8
1851c491-2698-4cf6-9288-8bddc3f2c349,VENTE_CLIENT,RECUE,2025-08-20 09:36:00,2f9f7915-0f2d-4aa0-98fa-fbff272def4e,3,14.9,44.7
2e5b03d8-07a2-4070-95d7-12dc1b209470,VENTE_CLIENT,RECUE,2025-08-27 10:06:00,80736db9-6fe9-46c5-b942-d8e6d8873264,2,24.9,49.8
69688ad3-d8b7-4c35-9fa6-3c12d4a54e71,VENTE_CLIENT,RECUE,2025-08-26 13:42:00,61fa2627-0c32-4b7e-867e-a04aaeaf12aa,1,14.9,14.9
69688ad3-d8b7-4c35-9fa6-3c12d4a54e71,VENTE_CLIENT,RECUE,2025-08-26 13:42:00,3cfcc465-ff37-402e-9c1b-ba5d3ea94f01,3,44.9,134.7
270d9b20-e644-4967-8af9-06e93abc9a97,VENTE_CLIENT,RECUE,2025-08-24 15:32:00,3cfcc465-ff37-402e-9c1b-ba5d3ea94f01,1,44.9,44.9
36732da7-c03b-48e0-b580-0df81ef4a84f,VENTE_CLIENT,RECUE,2025-08-15 10:07:00,82c9b156-9e48-4772-b6a4-610f88eed060,3,14.9,44.7
36732da7-c03b-48e0-b580-0df81ef4a84f,VENTE_CLIENT,RECUE,2025-08-15 10:07:00,80736db9-6fe9-46c5-b942-d8e6d8873264,2,24.9,49.8
327ebf47-3056-4b8e-a7f4-6fc801a9693d,VENTE_CLIENT,RECUE,2025-08-24 17:19:00,82c9b156-9e48-4772-b6a4-610f88eed060,1,14.9,14.9
327ebf47-3056-4b8e-a7f4-6fc801a9693d,VENTE_CLIENT,RECUE,2025-08-24 17:19:00,b1d3e895-75e6-42ad-a3f8-6bd8b9d22be8,2,39.9,79.8
b93eea82-d14e-4878-b913-a89ffd9e5fef,VENTE_CLIENT,RECUE,2025-08-13 14:57:00,3cfcc465-ff37-402e-9c1b-ba5d3ea94f01,1,44.9,44.9
d26d6851-a4d6-48f6-a597-1f6d83d4ae1b,VENTE_CLIENT,RECUE,2025-08-22 13:29:00,61fa2627-0c32-4b7e-867e-a04aaeaf12aa,1,14.9,14.9
d26d6851-a4d6-48f6-a597-1f6d83d4ae1b,VENTE_CLIENT,RECUE,2025-08-22 13:29:00,82c9b156-9e48-4772-b6a4-610f88eed060,1,14.9,14.9
ab49acd9-b99a-485e-bee4-ca94a2b02c13,VENTE_CLIENT,RECUE,2025-08-07 17:46:00,80736db9-6fe9-46c5-b942-d8e6d8873264,1,24.9,24.9
b0c81ba9-ab52-4a34-947d-c78755eff58b,VENTE_CLIENT,RECUE,2025-08-30 14:18:00,3cfcc465-ff37-402e-9c1b-ba5d3ea94f01,3,44.9,134.7
85b95a63-e4c4-4729-9763-e06165fd8b28,VENTE_CLIENT,RECUE,2025-08-17 11:08:00,05c220e2-16b4-44dc-b5fd-5c6af2a0e444,3,54.9,164.7
46a0b087-1bf2-41aa-ab61-cb750f262492,VENTE_CLIENT,RECUE,2025-08-08 13:57:00,b1d3e895-75e6-42ad-a3f8-6bd8b9d22be8,3,39.9,119.69999999999999
8697738f-e98d-4f39-a3af-d18059cadf5e,VENTE_CLIENT,RECUE,2025-08-01 14:59:00,61fa2627-0c32-4b7e-867e-a04aaeaf12aa,2,14.9,29.8
8697738f-e98d-4f39-a3af-d18059cadf5e,VENTE_CLIENT,RECUE,2025-08-01 14:59:00,80736db9-6fe9-46c5-b942-d8e6d8873264,2,24.9,49.8
dfaca517-23c6-4d2d-97fc-6d9d18afd62b,VENTE_CLIENT,RECUE,2025-08-09 07:14:00,80736db9-6fe9-46c5-b942-d8e6d8873264,2,24.9,49.8
ff8f5493-3ff2-4d4d-aabf-a9463b2b8eb7,VENTE_CLIENT,RECUE,2025-08-18 13:51:00,05c220e2-16b4-44dc-b5fd-5c6af2a0e444,3,54.9,164.7
ff8f5493-3ff2-4d4d-aabf-a9463b2b8eb7,VENTE_CLIENT,RECUE,2025-08-18 13:51:00,3cfcc465-ff37-402e-9c1b-ba5d3ea94f01,1,44.9,44.9
d8dae999-5264-499c-afc8-6c6e5b97189b,VENTE_CLIENT,RECUE,2025-08-12 17:22:00,82c9b156-9e48-4772-b6a4-610f88eed060,2,14.9,29.8
722cb74f-1271-40d7-a5ff-28d4c92e1189,VENTE_CLIENT,RECUE,2025-08-25 18:42:00,b1d3e895-75e6-42ad-a3f8-6bd8b9d22be8,3,39.9,119.69999999999999
722cb74f-1271-40d7-a5ff-28d4c92e1189,VENTE_CLIENT,RECUE,2025-08-25 18:42:00,80736db9-6fe9-46c5-b942-d8e6d8873264,1,24.9,24.9
9fac2d10-85f0-457b-86c3-7b66fe71e608,VENTE_CLIENT,RECUE,2025-08-28 08:27:00,61fa2627-0c32-4b7e-867e-a04aaeaf12aa,2,14.9,29.8
509ad40d-e006-4a73-a741-032d3d567609,VENTE_CLIENT,RECUE,2025-08-09 09:28:00,eac55e82-4cf3-480b-8940-f858c7db0400,3,14.9,44.7
56346018-a37b-4d43-a9e4-cd1efa8a01fb,VENTE_CLIENT,RECUE,2025-08-05 10:08:00,6807df5e-79b3-4b3d-ad75-2360dc5da848,1,39.9,39.9
3d9bcec6-733b-4c61-bb45-f02547d70094,VENTE_CLIENT,ANNULEE,2025-08-07 18:00:00,1d4729fb-527d-4107-b1d8-d718e7f64323,3,44.9,134.7
3d9bcec6-733b-4c61-bb45-f02547d70094,VENTE_CLIENT,ANNULEE,2025-08-07 18:00:00,2f9f7915-0f2d-4aa0-98fa-fbff272def4e,3,14.9,44.7
6c1e1922-54f3-43fe-9c1c-bea32f654474,VENTE_CLIENT,RECUE,2025-08-19 16:16:00,394e86b1-2529-4787-99f0-efc1a9651537,3,9.9,29.700000000000003
824de6b2-1908-4eb9-97a6-76424b52a076,VENTE_CLIENT,RECUE,2025-08-22 08:47:00,4b036e43-3c29-4f80-bddb-d0b09c2ddfae,1,16.9,16.9
824de6b2-1908-4eb9-97a6-76424b52a076,VENTE_CLIENT,RECUE,2025-08-22 08:47:00,394e86b1-2529-4787-99f0-efc1a9651537,2,9.9,19.8
6750ff3e-1859-4186-8181-9d1f237772ac,VENTE_CLIENT,RECUE,2025-08-16 10:17:00,b1d3e895-75e6-42ad-a3f8-6bd8b9d22be8,2,39.9,79.8
6750ff3e-1859-4186-8181-9d1f237772ac,VENTE_CLIENT,RECUE,2025-08-16 10:17:00,2f9f7915-0f2d-4aa0-98fa-fbff272def4e,2,14.9,29.8
11796396-e575-4649-9b3c-a576eb47f9cb,VENTE_CLIENT,RECUE,2025-08-16 13:38:00,2f9f7915-0f2d-4aa0-98fa-fbff272def4e,1,14.9,14.9
9cf9c1da-fabc-45bf-9fd9-1f7394c9612b,VENTE_CLIENT,RECUE,2025-08-30 15:19:00,61fa2627-0c32-4b7e-867e-a04aaeaf12aa,2,14.9,29.8
9cf9c1da-fabc-45bf-9fd9-1f7394c9612b,VENTE_CLIENT,RECUE,2025-08-30 15:19:00,eac55e82-4cf3-480b-8940-f858c7db0400,2,14.9,29.8
64bb7cdf-9448-4ef0-b3d4-fa57e816f7c2,VENTE_CLIENT,RECUE,2025-08-18 17:53:00,3cfcc465-ff37-402e-9c1b-ba5d3ea94f01,3,44.9,134.7
64d6089d-5e43-49cc-87cb-3931b017cd02,VENTE_CLIENT,RECUE,2025-08-25 18:25:00,1d4729fb-527d-4107-b1d8-d718e7f64323,1,44.9,44.9
64d6089d-5e43-49cc-87cb-3931b017cd02,VENTE_CLIENT,RECUE,2025-08-25 18:25:00,394e86b1-2529-4787-99f0-efc1a9651537,1,9.9,9.9
becd7dfe-22cc-450e-a98c-4ba457fba891,VENTE_CLIENT,RECUE,2025-08-31 14:09:00,394e86b1-2529-4787-99f0-efc1a9651537,1,9.9,9.9
eafda13c-ac67-4233-9f0c-fa4cfed9449f,VENTE_CLIENT,RECUE,2025-08-19 07:05:00,394e86b1-2529-4787-99f0-efc1a9651537,2,9.9,19.8
a7c08cd6-44f6-4314-957e-0249b5d61f7d,VENTE_CLIENT,RECUE,2025-08-08 10:29:00,3cfcc465-ff37-402e-9c1b-ba5d3ea94f01,3,44.9,134.7
1d879e06-9bc8-450b-8edb-ce7e27a0cb56,VENTE_CLIENT,RECUE,2025-08-07 13:45:00,394e86b1-2529-4787-99f0-efc1a9651537,1,9.9,9.9
c92d510b-a3de-4425-b9e6-54fa0b6de43c,VENTE_CLIENT,RECUE,2025-08-14 08:20:00,b1d3e895-75e6-42ad-a3f8-6bd8b9d22be8,3,39.9,119.69999999999999
c92d510b-a3de-4425-b9e6-54fa0b6de43c,VENTE_CLIENT,RECUE,2025-08-14 08:20:00,394e86b1-2529-4787-99f0-efc1a9651537,1,9.9,9.9
8169b61a-93c9-48f6-9e14-7d1e604d06d5,VENTE_CLIENT,RECUE,2025-08-20 07:31:00,2f9f7915-0f2d-4aa0-98fa-fbff272def4e,1,14.9,14.9
8169b61a-93c9-48f6-9e14-7d1e604d06d5,VENTE_CLIENT,RECUE,2025-08-20 07:31:00,1d4729fb-527d-4107-b1d8-d718e7f64323,3,44.9,134.7
20fde35b-8c44-4d43-962d-b0a6738cf669,VENTE_CLIENT,RECUE,2025-08-15 08:38:00,394e86b1-2529-4787-99f0-efc1a9651537,1,9.9,9.9
d66ebae3-32a3-4888-ad25-c0e3ad665494,VENTE_CLIENT,RECUE,2025-08-09 16:45:00,05c220e2-16b4-44dc-b5fd-5c6af2a0e444,3,54.9,164.7
224dce61-415f-49bf-808a-a563037dc468,VENTE_CLIENT,RECUE,2025-08-23 07:07:00,2f9f7915-0f2d-4aa0-98fa-fbff272def4e,3,14.9,44.7
ca9a4cf3-4edb-4e6a-a173-d673604ac047,VENTE_CLIENT,RECUE,2025-08-08 08:05:00,1d4729fb-527d-4107-b1d8-d718e7f64323,3,44.9,134.7
1a553faf-5261-4596-887b-9dcbfcadd494,VENTE_CLIENT,RECUE,2025-08-15 13:08:00,eac55e82-4cf3-480b-8940-f858c7db0400,1,14.9,14.9
0305692b-a256-416b-8fbd-b39798a34b28,VENTE_CLIENT,RECUE,2025-08-10 09:38:00,b1d3e895-75e6-42ad-a3f8-6bd8b9d22be8,1,39.9,39.9
cc2d894c-4c4c-4d92-b366-e25814cb0a8b,VENTE_CLIENT,RECUE,2025-08-31 14:50:00,61fa2627-0c32-4b7e-867e-a04aaeaf12aa,1,14.9,14.9
294a9c32-6883-48ea-af8f-d762c3942b8b,VENTE_CLIENT,RECUE,2025-08-05 10:56:00,b1d3e895-75e6-42ad-a3f8-6bd8b9d22be8,2,39.9,79.8
9cbcf647-6645-4b42-9aee-0daa8d0eb1e7,VENTE_CLIENT,RECUE,2025-08-27 10:56:00,2f9f7915-0f2d-4aa0-98fa-fbff272def4e,3,14.9,44.7
9cbcf647-6645-4b42-9aee-0daa8d0eb1e7,VENTE_CLIENT,RECUE,2025-08-27 10:56:00,1d4729fb-527d-4107-b1d8-d718e7f64323,3,44.9,134.7
05eb07b4-1d78-4b7d-ba99-cf5f5a8dff66,VENTE_CLIENT,RECUE,2025-08-20 15:55:00,1d4729fb-527d-4107-b1d8-d718e7f64323,2,44.9,89.8
39f8a8b1-1d0a-4409-8619-bf9859da83ca,VENTE_CLIENT,RECUE,2025-08-09 16:05:00,eac55e82-4cf3-480b-8940-f858c7db0400,1,14.9,14.9
f44c75e7-92ee-4447-b79e-424bee329a63,VENTE_CLIENT,RECUE,2025-08-25 09:36:00,2f9f7915-0f2d-4aa0-98fa-fbff272def4e,3,14.9,44.7
827b478e-98a1-4c57-a81d-66526def5f48,VENTE_CLIENT,RECUE,2025-08-29 09:30:00,2f9f7915-0f2d-4aa0-98fa-fbff272def4e,3,14.9,44.7
a0e32c4b-a304-4304-b3c4-8c91babfcf61,ACHAT_FOURNISSEUR,ANNULEE,2025-09-27 09:26:00,61fa2627-0c32-4b7e-867e-a04aaeaf12aa,9,6.0,54.0
a0e32c4b-a304-4304-b3c4-8c91babfcf61,ACHAT_FOURNISSEUR,ANNULEE,2025-09-27 09:26:00,82c9b156-9e48-4772-b6a4-610f88eed060,11,6.0,66.0
6797cfb7-c6a0-49e1-abc0-6a33a4fb95fe,ACHAT_FOURNISSEUR,RECUE,2025-09-16 17:29:00,3d69487c-f6bf-4558-b7c5-86dfd5caedb4,9,4.0,36.0
6797cfb7-c6a0-49e1-abc0-6a33a4fb95fe,ACHAT_FOURNISSEUR,RECUE,2025-09-16 17:29:00,eac55e82-4cf3-480b-8940-f858c7db0400,12,6.0,72.0
3420d59e-7cd7-4b88-978b-e6200dc77b5d,ACHAT_FOURNISSEUR,RECUE,2025-09-21 08:33:00,6807df5e-79b3-4b3d-ad75-2360dc5da848,9,15.0,135.0
3420d59e-7cd7-4b88-978b-e6200dc77b5d,ACHAT_FOURNISSEUR,RECUE,2025-09-21 08:33:00,3d69487c-f6bf-4558-b7c5-86dfd5caedb4,10,4.0,40.0
0f898aa1-bab8-4e09-b620-48c23399e0d1,ACHAT_FOURNISSEUR,RECUE,2025-09-18 17:44:00,eac55e82-4cf3-480b-8940-f858c7db0400,21,6.0,126.0
1102786f-fa8e-4097-9320-1f4d0d695c55,ACHAT_FOURNISSEUR,RECUE,2025-09-24 14:55:00,4b036e43-3c29-4f80-bddb-d0b09c2ddfae,21,5.0,105.0
3104fba4-da8c-45dc-b319-56931023177a,ACHAT_FOURNISSEUR,RECUE,2025-09-29 09:48:00,6807df5e-79b3-4b3d-ad75-2360dc5da848,8,15.0,120.0
3104fba4-da8c-45dc-b319-56931023177a,ACHAT_FOURNISSEUR,RECUE,2025-09-29 09:48:00,82c9b156-9e48-4772-b6a4-610f88eed060,14,6.0,84.0
35966649-9d8a-4d9a-9e2d-72b898a8f8f2,ACHAT_FOURNISSEUR,RECUE,2025-09-28 11:51:00,82c9b156-9e48-4772-b6a4-610f88eed060,10,6.0,60.0
35966649-9d8a-4d9a-9e2d-72b898a8f8f2,ACHAT_FOURNISSEUR,RECUE,2025-09-28 11:51:00,dbee0582-7f92-49c0-b98d-beef835602c0,10,7.0,70.0
9be725b9-3425-4995-bcef-5f09cd4bc658,ACHAT_FOURNISSEUR,RECUE,2025-09-10 13:35:00,80736db9-6fe9-46c5-b942-d8e6d8873264,9,9.0,81.0
9be725b9-3425-4995-bcef-5f09cd4bc658,ACHAT_FOURNISSEUR,RECUE,2025-09-10 13:35:00,61fa2627-0c32-4b7e-867e-a04aaeaf12aa,14,6.0,84.0
b31123a7-b020-4c99-9925-b71c3f4462f7,VENTE_CLIENT,RECUE,2025-09-11 08:13:00,4b036e43-3c29-4f80-bddb-d0b09c2ddfae,1,16.9,16.9
fbe0ccea-c18e-455a-83a3-4b8988e1bdc0,VENTE_CLIENT,RECUE,2025-09-02 12:57:00,2f9f7915-0f2d-4aa0-98fa-fbff272def4e,2,14.9,29.8
fbe0ccea-c18e-455a-83a3-4b8988e1bdc0,VENTE_CLIENT,RECUE,2025-09-02 12:57:00,3d69487c-f6bf-4558-b7c5-86dfd5caedb4,2,12.9,25.8
b1efabe4-db47-49e0-80c5-4edc40fbe998,VENTE_CLIENT,RECUE,2025-09-01 17:41:00,2f9f7915-0f2d-4aa0-98fa-fbff272def4e,2,14.9,29.8
bd03c05d-592d-4f8c-95a4-fc9bdfee6045,VENTE_CLIENT,RECUE,2025-09-20 11:27:00,eac55e82-4cf3-480b-8940-f858c7db0400,1,14.9,14.9
4991e45c-39a2-473d-8bc2-420872e3e651,VENTE_CLIENT,RECUE,2025-09-14 12:18:00,6807df5e-79b3-4b3d-ad75-2360dc5da848,3,39.9,119.69999999999999
7c477eae-58a0-4616-9f6f-db938045c283,VENTE_CLIENT,RECUE,2025-09-28 13:31:00,4b036e43-3c29-4f80-bddb-d0b09c2ddfae,3,16.9,50.699999999999996
7c477eae-58a0-4616-9f6f-db938045c283,VENTE_CLIENT,RECUE,2025-09-28 13:31:00,80736db9-6fe9-46c5-b942-d8e6d8873264,2,24.9,49.8
a89a3a76-87d7-47d7-9b7d-299be7714aae,VENTE_CLIENT,RECUE,2025-09-24 08:16:00,b1d3e895-75e6-42ad-a3f8-6bd8b9d22be8,1,39.9,39.9
c6d06a88-4ab8-4fd9-a1ce-fea0bf8cc6e5,VENTE_CLIENT,RECUE,2025-09-22 11:06:00,dbee0582-7f92-49c0-b98d-beef835602c0,2,19.9,39.8
c6d06a88-4ab8-4fd9-a1ce-fea0bf8cc6e5,VENTE_CLIENT,RECUE,2025-09-22 11:06:00,6807df5e-79b3-4b3d-ad75-2360dc5da848,2,39.9,79.8
ab8de94a-b449-41d2-90eb-3000d8fe5197,VENTE_CLIENT,RECUE,2025-09-26 16:34:00,6807df5e-79b3-4b3d-ad75-2360dc5da848,1,39.9,39.9
ab8de94a-b449-41d2-90eb-3000d8fe5197,VENTE_CLIENT,RECUE,2025-09-26 16:34:00,dbee0582-7f92-49c0-b98d-beef835602c0,2,19.9,39.8
acd3d305-4848-4cb4-8dd9-a7c815c7bfc7,VENTE_CLIENT,RECUE,2025-09-30 08:11:00,3d69487c-f6bf-4558-b7c5-86dfd5caedb4,1,12.9,12.9
c1abecfc-2aad-4896-ba51-1b9c0d00dbda,VENTE_CLIENT,RECUE,2025-09-21 15:47:00,4b036e43-3c29-4f80-bddb-d0b09c2ddfae,3,16.9,50.699999999999996
c1abecfc-2aad-4896-ba51-1b9c0d00dbda,VENTE_CLIENT,RECUE,2025-09-21 15:47:00,2f9f7915-0f2d-4aa0-98fa-fbff272def4e,3,14.9,44.7
6570e26d-4bb6-4623-b491-2b939023d941,VENTE_CLIENT,RECUE,2025-09-30 11:29:00,6807df5e-79b3-4b3d-ad75-2360dc5da848,2,39.9,79.8
64fc04fb-91f3-4e6e-a822-4bc876bae470,VENTE_CLIENT,RECUE,2025-09-01 17:13:00,3cfcc465-ff37-402e-9c1b-ba5d3ea94f01,3,44.9,134.7
81fb5071-0188-43c6-a132-728851d954a5,VENTE_CLIENT,RECUE,2025-09-20 16:05:00,1d4729fb-527d-4107-b1d8-d718e7f64323,1,44.9,44.9
2c958572-b59b-4ba6-9c39-bf59560f25c5,VENTE_CLIENT,RECUE,2025-09-27 14:20:00,3d69487c-f6bf-4558-b7c5-86dfd5caedb4,2,12.9,25.8
2c958572-b59b-4ba6-9c39-bf59560f25c5,VENTE_CLIENT,RECUE,2025-09-27 14:20:00,05c220e2-16b4-44dc-b5fd-5c6af2a0e444,2,54.9,109.8
08e7737d-6dd4-480e-9589-fc220cdcd983,VENTE_CLIENT,RECUE,2025-09-12 17:25:00,b1d3e895-75e6-42ad-a3f8-6bd8b9d22be8,2,39.9,79.8
9fcc751a-ccd7-4b1f-b87b-c0cf0ed6c746,VENTE_CLIENT,RECUE,2025-09-09 12:28:00,6807df5e-79b3-4b3d-ad75-2360dc5da848,3,39.9,119.69999999999999
a3be005e-2bca-4685-a98d-79d3543a2f62,VENTE_CLIENT,RECUE,2025-09-11 12:02:00,80736db9-6fe9-46c5-b942-d8e6d8873264,2,24.9,49.8
a9ff49e5-0204-4559-a8f6-14ced2961426,VENTE_CLIENT,RECUE,2025-09-20 08:16:00,1d4729fb-527d-4107-b1d8-d718e7f64323,1,44.9,44.9
55471980-0176-4a66-a4ff-2c2c5210a176,VENTE_CLIENT,RECUE,2025-09-28 16:41:00,2f9f7915-0f2d-4aa0-98fa-fbff272def4e,2,14.9,29.8
704c69da-e7de-49e2-82f0-de370aed0f28,VENTE_CLIENT,RECUE,2025-09-01 17:47:00,eac55e82-4cf3-480b-8940-f858c7db0400,3,14.9,44.7
704c69da-e7de-49e2-82f0-de370aed0f28,VENTE_CLIENT,RECUE,2025-09-01 17:47:00,80736db9-6fe9-46c5-b942-d8e6d8873264,3,24.9,74.69999999999999
95d43d50-64d0-4b28-b99b-ec248dd2808b,VENTE_CLIENT,RECUE,2025-09-26 07:56:00,4b036e43-3c29-4f80-bddb-d0b09c2ddfae,2,16.9,33.8
95d43d50-64d0-4b28-b99b-ec248dd2808b,VENTE_CLIENT,RECUE,2025-09-26 07:56:00,80736db9-6fe9-46c5-b942-d8e6d8873264,1,24.9,24.9
cf30994d-592f-433a-8c32-05183109c215,VENTE_CLIENT,RECUE,2025-09-21 16:16:00,6807df5e-79b3-4b3d-ad75-2360dc5da848,2,39.9,79.8
cf30994d-592f-433a-8c32-05183109c215,VENTE_CLIENT,RECUE,2025-09-21 16:16:00,61fa2627-0c32-4b7e-867e-a04aaeaf12aa,2,14.9,29.8
33642c34-3aa0-4b4e-a6db-736d6fd57636,VENTE_CLIENT,RECUE,2025-09-22 14:13:00,61fa2627-0c32-4b7e-867e-a04aaeaf12aa,3,14.9,44.7
33642c34-3aa0-4b4e-a6db-736d6fd57636,VENTE_CLIENT,RECUE,2025-09-22 14:13:00,80736db9-6fe9-46c5-b942-d8e6d8873264,1,24.9,24.9
c9c0787a-3810-4c96-95ea-68b520b725e0,VENTE_CLIENT,RECUE,2025-09-06 07:18:00,82c9b156-9e48-4772-b6a4-610f88eed060,2,14.9,29.8
c9c0787a-3810-4c96-95ea-68b520b725e0,VENTE_CLIENT,RECUE,2025-09-06 07:18:00,4b036e43-3c29-4f80-bddb-d0b09c2ddfae,2,16.9,33.8
be532c92-02c1-491c-b179-c8a6ee1475b8,VENTE_CLIENT,RECUE,2025-09-04 07:58:00,82c9b156-9e48-4772-b6a4-610f88eed060,3,14.9,44.7
67ddbac1-dc53-48f1-9c2f-06d6999565f0,VENTE_CLIENT,RECUE,2025-09-23 09:18:00,eac55e82-4cf3-480b-8940-f858c7db0400,3,14.9,44.7
67ddbac1-dc53-48f1-9c2f-06d6999565f0,VENTE_CLIENT,RECUE,2025-09-23 09:18:00,05c220e2-16b4-44dc-b5fd-5c6af2a0e444,2,54.9,109.8
d01aba32-372c-4ced-948c-bd05a7a4dba9,VENTE_CLIENT,RECUE,2025-09-08 08:38:00,1d4729fb-527d-4107-b1d8-d718e7f64323,3,44.9,134.7
ef9fe35f-a1d2-40b4-943d-982eafaaf614,VENTE_CLIENT,ANNULEE,2025-09-17 12:01:00,4b036e43-3c29-4f80-bddb-d0b09c2ddfae,2,16.9,33.8
ef9fe35f-a1d2-40b4-943d-982eafaaf614,VENTE_CLIENT,ANNULEE,2025-09-17 12:01:00,eac55e82-4cf3-480b-8940-f858c7db0400,1,14.9,14.9
ab4451b5-124a-4669-9733-5467e587f31a,VENTE_CLIENT,RECUE,2025-09-20 18:51:00,dbee0582-7f92-49c0-b98d-beef835602c0,3,19.9,59.699999999999996
63fcbaa7-e4f8-47ce-80d7-94b4b563cb94,VENTE_CLIENT,RECUE,2025-09-18 13:12:00,05c220e2-16b4-44dc-b5fd-5c6af2a0e444,2,54.9,109.8
e27cfcd1-63d6-40f2-ac5a-d86247b09573,VENTE_CLIENT,RECUE,2025-09-28 12:59:00,b1d3e895-75e6-42ad-a3f8-6bd8b9d22be8,2,39.9,79.8
939999d1-bf2d-4f58-98ab-38a579edca97,VENTE_CLIENT,RECUE,2025-09-12 17:13:00,3d69487c-f6bf-4558-b7c5-86dfd5caedb4,1,12.9,12.9
dc63e4e5-d807-473b-adc7-9992138f2720,VENTE_CLIENT,RECUE,2025-09-29 10:41:00,3d69487c-f6bf-4558-b7c5-86dfd5caedb4,3,12.9,38.7
dc63e4e5-d807-473b-adc7-9992138f2720,VENTE_CLIENT,RECUE,2025-09-29 10:41:00,82c9b156-9e48-4772-b6a4-610f88eed060,1,14.9,14.9
4049dd65-9df2-4ad9-af29-983eec00eea6,VENTE_CLIENT,RECUE,2025-09-22 08:20:00,1d4729fb-527d-4107-b1d8-d718e7f64323,2,44.9,89.8
ed4cf711-9cf1-4a83-81d5-46a790232ea6,VENTE_CLIENT,RECUE,2025-09-26 12:50:00,3cfcc465-ff37-402e-9c1b-ba5d3ea94f01,2,44.9,89.8
e956c6d4-4638-4e48-b23f-aca391ad5b81,VENTE_CLIENT,RECUE,2025-09-22 09:01:00,eac55e82-4cf3-480b-8940-f858c7db0400,2,14.9,29.8
81db8bb1-caa3-4c28-ba10-af2ac7d23656,VENTE_CLIENT,RECUE,2025-09-22 11:39:00,05c220e2-16b4-44dc-b5fd-5c6af2a0e444,2,54.9,109.8
fbf27df4-f347-4629-a8b0-6bd89aad5f45,VENTE_CLIENT,RECUE,2025-09-09 09:44:00,2f9f7915-0f2d-4aa0-98fa-fbff272def4e,2,14.9,29.8
98f78723-9f9f-4651-b8ad-43cbfd9aa2b5,VENTE_CLIENT,RECUE,2025-09-14 13:08:00,3d69487c-f6bf-4558-b7c5-86dfd5caedb4,3,12.9,38.7
98f78723-9f9f-4651-b8ad-43cbfd9aa2b5,VENTE_CLIENT,RECUE,2025-09-14 13:08:00,4b036e43-3c29-4f80-bddb-d0b09c2ddfae,2,16.9,33.8
e4ee9190-dbd2-48c8-9e90-322ec93f4f45,VENTE_CLIENT,RECUE,2025-09-11 16:19:00,b1d3e895-75e6-42ad-a3f8-6bd8b9d22be8,3,39.9,119.69999999999999
fd05d59e-a87c-4e7b-84d9-5e4b10f55c3a,VENTE_CLIENT,RECUE,2025-09-27 18:47:00,05c220e2-16b4-44dc-b5fd-5c6af2a0e444,1,54.9,54.9
4f5da201-9317-47ef-9644-3b448f5d77ab,VENTE_CLIENT,RECUE,2025-09-09 13:41:00,61fa2627-0c32-4b7e-867e-a04aaeaf12aa,2,14.9,29.8
75308ab5-e5ac-46a5-a10e-4131a48ebb37,VENTE_CLIENT,RECUE,2025-09-04 15:30:00,b1d3e895-75e6-42ad-a3f8-6bd8b9d22be8,2,39.9,79.8
260878ea-ea19-49e4-a829-381b0c5293a0,VENTE_CLIENT,RECUE,2025-09-30 10:53:00,1d4729fb-527d-4107-b1d8-d718e7f64323,2,44.9,89.8
260878ea-ea19-49e4-a829-381b0c5293a0,VENTE_CLIENT,RECUE,2025-09-30 10:53:00,3cfcc465-ff37-402e-9c1b-ba5d3ea94f01,2,44.9,89.8
cc6fe097-946b-4724-825d-97b8a36a0ef1,VENTE_CLIENT,RECUE,2025-09-30 12:17:00,6807df5e-79b3-4b3d-ad75-2360dc5da848,2,39.9,79.8
cc6fe097-946b-4724-825d-97b8a36a0ef1,VENTE_CLIENT,RECUE,2025-09-30 12:17:00,61fa2627-0c32-4b7e-867e-a04aaeaf12aa,2,14.9,29.8
68ed3d88-f11d-4ffe-b425-b92139179249,VENTE_CLIENT,RECUE,2025-09-06 12:24:00,dbee0582-7f92-49c0-b98d-beef835602c0,3,19.9,59.699999999999996
68ed3d88-f11d-4ffe-b425-b92139179249,VENTE_CLIENT,RECUE,2025-09-06 12:24:00,b1d3e895-75e6-42ad-a3f8-6bd8b9d22be8,1,39.9,39.9
a1fc7bcf-941c-423a-b7f1-d91aebc0da38,VENTE_CLIENT,RECUE,2025-09-17 18:19:00,eac55e82-4cf3-480b-8940-f858c7db0400,2,14.9,29.8
d822ab44-011e-42d2-ba48-c66d1daabc93,VENTE_CLIENT,RECUE,2025-09-03 07:31:00,82c9b156-9e48-4772-b6a4-610f88eed060,1,14.9,14.9
a672eeef-4367-4a32-8973-9a5a8cddeb2c,VENTE_CLIENT,RECUE,2025-09-11 11:59:00,6807df5e-79b3-4b3d-ad75-2360dc5da848,2,39.9,79.8
9d3a45bc-a6c3-432c-afd5-b58fb805e049,VENTE_CLIENT,ANNULEE,2025-09-04 12:21:00,6807df5e-79b3-4b3d-ad75-2360dc5da848,2,39.9,79.8
e91be7ae-9da5-4ff6-a5f5-714894c6abfa,VENTE_CLIENT,RECUE,2025-09-24 12:18:00,1d4729fb-527d-4107-b1d8-d718e7f64323,1,44.9,44.9
e91be7ae-9da5-4ff6-a5f5-714894c6abfa,VENTE_CLIENT,RECUE,2025-09-24 12:18:00,4b036e43-3c29-4f80-bddb-d0b09c2ddfae,3,16.9,50.699999999999996
fc8793d9-9109-498b-b8f1-2ba531491dc0,VENTE_CLIENT,RECUE,2025-09-19 16:55:00,b1d3e895-75e6-42ad-a3f8-6bd8b9d22be8,3,39.9,119.69999999999999
ca6b05c9-6179-44f2-81c8-bc1448f8d519,VENTE_CLIENT,RECUE,2025-09-22 18:56:00,82c9b156-9e48-4772-b6a4-610f88eed060,1,14.9,14.9
5ba8ae6d-471b-4be7-b6f2-a2c4b995c0e1,VENTE_CLIENT,RECUE,2025-09-17 10:47:00,6807df5e-79b3-4b3d-ad75-2360dc5da848,1,39.9,39.9
04bd90e9-d23e-4dd0-bdbd-416c449af23f,VENTE_CLIENT,RECUE,2025-09-09 08:42:00,1d4729fb-527d-4107-b1d8-d718e7f64323,3,44.9,134.7
56a5025b-417f-41a8-9c5f-e11b1d7fadee,VENTE_CLIENT,RECUE,2025-09-20 10:30:00,2f9f7915-0f2d-4aa0-98fa-fbff272def4e,3,14.9,44.7
2c7481eb-8d3c-4980-81d5-0e23508d6102,VENTE_CLIENT,RECUE,2025-09-29 10:32:00,1d4729fb-527d-4107-b1d8-d718e7f64323,1,44.9,44.9
b3c1e4c0-6e68-456c-b5f9-893d5a1d062a,ACHAT_FOURNISSEUR,RECUE,2025-10-29 13:51:00,394e86b1-2529-4787-99f0-efc1a9651537,14,3.0,42.0
b3c1e4c0-6e68-456c-b5f9-893d5a1d062a,ACHAT_FOURNISSEUR,RECUE,2025-10-29 13:51:00,6807df5e-79b3-4b3d-ad75-2360dc5da848,11,15.0,165.0
62edc8dc-080c-47f2-a246-e009c1c3c6a4,ACHAT_FOURNISSEUR,RECUE,2025-10-02 16:44:00,3cfcc465-ff37-402e-9c1b-ba5d3ea94f01,22,18.0,396.0
11407995-563a-47d7-9ff3-1504e310f02a,ACHAT_FOURNISSEUR,RECUE,2025-10-20 08:40:00,eac55e82-4cf3-480b-8940-f858c7db0400,24,6.0,144.0
deae0bec-6cff-4700-b622-5de8ceca4cbf,ACHAT_FOURNISSEUR,RECUE,2025-10-01 18:03:00,3cfcc465-ff37-402e-9c1b-ba5d3ea94f01,11,18.0,198.0
deae0bec-6cff-4700-b622-5de8ceca4cbf,ACHAT_FOURNISSEUR,RECUE,2025-10-01 18:03:00,eac55e82-4cf3-480b-8940-f858c7db0400,8,6.0,48.0
e6589078-f91f-4f7d-a4af-9f7a6dcf567b,ACHAT_FOURNISSEUR,RECUE,2025-10-29 08:36:00,dbee0582-7f92-49c0-b98d-beef835602c0,22,7.0,154.0
44235621-f437-4614-804b-34e1c5f16dbd,ACHAT_FOURNISSEUR,RECUE,2025-10-05 15:27:00,3cfcc465-ff37-402e-9c1b-ba5d3ea94f01,22,18.0,396.0
86d33947-4449-4520-8137-e3b339baa7d6,ACHAT_FOURNISSEUR,RECUE,2025-10-26 12:10:00,6807df5e-79b3-4b3d-ad75-2360dc5da848,13,15.0,195.0
d4720635-bf44-40ae-b11f-83cca6d25858,ACHAT_FOURNISSEUR,ANNULEE,2025-10-16 18:32:00,61fa2627-0c32-4b7e-867e-a04aaeaf12aa,12,6.0,72.0
d4720635-bf44-40ae-b11f-83cca6d25858,ACHAT_FOURNISSEUR,ANNULEE,2025-10-16 18:32:00,b1d3e895-75e6-42ad-a3f8-6bd8b9d22be8,8,15.0,120.0
008b7d5b-1450-4aff-93c8-6030d15d48d7,VENTE_CLIENT,RECUE,2025-10-02 15:51:00,dbee0582-7f92-49c0-b98d-beef835602c0,3,19.9,59.699999999999996
008b7d5b-1450-4aff-93c8-6030d15d48d7,VENTE_CLIENT,RECUE,2025-10-02 15:51:00,b1d3e895-75e6-42ad-a3f8-6bd8b9d22be8,1,39.9,39.9
4d9101cd-53ff-4fc7-a082-c5f8f745489a,VENTE_CLIENT,RECUE,2025-10-31 08:39:00,3cfcc465-ff37-402e-9c1b-ba5d3ea94f01,3,44.9,134.7
4d9101cd-53ff-4fc7-a082-c5f8f745489a,VENTE_CLIENT,RECUE,2025-10-31 08:39:00,82c9b156-9e48-4772-b6a4-610f88eed060,2,14.9,29.8
bb378e5b-d613-47cd-8164-5525b31cf493,VENTE_CLIENT,RECUE,2025-10-20 07:31:00,3d69487c-f6bf-4558-b7c5-86dfd5caedb4,2,12.9,25.8
bb378e5b-d613-47cd-8164-5525b31cf493,VENTE_CLIENT,RECUE,2025-10-20 07:31:00,3cfcc465-ff37-402e-9c1b-ba5d3ea94f01,1,44.9,44.9
9ce6d012-8a57-49a7-b07b-688f3e361337,VENTE_CLIENT,RECUE,2025-10-07 13:49:00,61fa2627-0c32-4b7e-867e-a04aaeaf12aa,2,14.9,29.8
f3bc42b4-d3f4-4407-acb1-285522bdb74b,VENTE_CLIENT,RECUE,2025-10-29 07:10:00,394e86b1-2529-4787-99f0-efc1a9651537,2,9.9,19.8
82e1eceb-eccf-45ca-82db-08d11bb89996,VENTE_CLIENT,RECUE,2025-10-14 09:49:00,61fa2627-0c32-4b7e-867e-a04aaeaf12aa,1,14.9,14.9
b188fd03-3d4e-4779-a03b-87c48eb9d272,VENTE_CLIENT,RECUE,2025-10-30 07:43:00,4b036e43-3c29-4f80-bddb-d0b09c2ddfae,1,16.9,16.9
b5b247b8-6b33-486a-b555-cfdf3724f737,VENTE_CLIENT,RECUE,2025-10-06 07:29:00,3cfcc465-ff37-402e-9c1b-ba5d3ea94f01,3,44.9,134.7
eece9483-18a2-48db-ae58-386a34b77b70,VENTE_CLIENT,RECUE,2025-10-30 14:58:00,61fa2627-0c32-4b7e-867e-a04aaeaf12aa,2,14.9,29.8
bece1c3b-0ada-43f3-a3ad-8c093ffbad13,VENTE_CLIENT,RECUE,2025-10-08 09:12:00,3cfcc465-ff37-402e-9c1b-ba5d3ea94f01,3,44.9,134.7
bece1c3b-0ada-43f3-a3ad-8c093ffbad13,VENTE_CLIENT,RECUE,2025-10-08 09:12:00,05c220e2-16b4-44dc-b5fd-5c6af2a0e444,3,54.9,164.7
aa97c9f5-d7c9-4309-8d7f-739420bbe4f3,VENTE_CLIENT,RECUE,2025-10-09 07:13:00,394e86b1-2529-4787-99f0-efc1a9651537,3,9.9,29.700000000000003
aa97c9f5-d7c9-4309-8d7f-739420bbe4f3,VENTE_CLIENT,RECUE,2025-10-09 07:13:00,dbee0582-7f92-49c0-b98d-beef835602c0,1,19.9,19.9
a0171af2-f33c-4329-8858-b253e9ea9623,VENTE_CLIENT,RECUE,2025-10-15 13:33:00,dbee0582-7f92-49c0-b98d-beef835602c0,3,19.9,59.699999999999996
13a0e75c-24f7-41e2-895c-fe87156eb743,VENTE_CLIENT,RECUE,2025-10-03 17:54:00,b1d3e895-75e6-42ad-a3f8-6bd8b9d22be8,1,39.9,39.9
8e151085-3a07-4801-9a72-74cbc8c928a1,VENTE_CLIENT,RECUE,2025-10-27 09:36:00,82c9b156-9e48-4772-b6a4-610f88eed060,3,14.9,44.7
8e151085-3a07-4801-9a72-74cbc8c928a1,VENTE_CLIENT,RECUE,2025-10-27 09:36:00,eac55e82-4cf3-480b-8940-f858c7db0400,1,14.9,14.9
58b44b4c-6b02-4881-a681-c0fbbaa9fffd,VENTE_CLIENT,RECUE,2025-10-03 15:22:00,2f9f7915-0f2d-4aa0-98fa-fbff272def4e,1,14.9,14.9
be8c272a-1639-4510-9569-107563d591d9,VENTE_CLIENT,RECUE,2025-10-15 17:11:00,394e86b1-2529-4787-99f0-efc1a9651537,1,9.9,9.9
600aa975-c171-4400-98cd-cc427fb0464d,VENTE_CLIENT,RECUE,2025-10-10 13:03:00,394e86b1-2529-4787-99f0-efc1a9651537,3,9.9,29.700000000000003
94d8b322-48c0-4df9-b6b3-2d915b88e23f,VENTE_CLIENT,RECUE,2025-10-22 08:21:00,3cfcc465-ff37-402e-9c1b-ba5d3ea94f01,2,44.9,89.8
807d2395-f755-4c6d-b215-2bd8ff69db3b,VENTE_CLIENT,RECUE,2025-10-21 16:15:00,61fa2627-0c32-4b7e-867e-a04aaeaf12aa,2,14.9,29.8
7960d0f4-87cd-4d59-89d3-08952269db31,VENTE_CLIENT,RECUE,2025-10-22 16:40:00,eac55e82-4cf3-480b-8940-f858c7db0400,2,14.9,29.8
83521613-63b2-4435-897a-e065d5cb6d9c,VENTE_CLIENT,RECUE,2025-10-23 17:30:00,82c9b156-9e48-4772-b6a4-610f88eed060,2,14.9,29.8
83521613-63b2-4435-897a-e065d5cb6d9c,VENTE_CLIENT,RECUE,2025-10-23 17:30:00,2f9f7915-0f2d-4aa0-98fa-fbff272def4e,2,14.9,29.8
6b402501-f9e8-40f9-95da-631b367baa1b,VENTE_CLIENT,RECUE,2025-10-13 16:41:00,61fa2627-0c32-4b7e-867e-a04aaeaf12aa,3,14.9,44.7
7bacc860-9ffd-4296-be83-eba8e8fe7827,VENTE_CLIENT,RECUE,2025-10-26 12:21:00,eac55e82-4cf3-480b-8940-f858c7db0400,3,14.9,44.7
9d49457e-6a68-4ca8-8bb5-ccd5f548fdfe,VENTE_CLIENT,RECUE,2025-10-14 12:22:00,05c220e2-16b4-44dc-b5fd-5c6af2a0e444,2,54.9,109.8
9d49457e-6a68-4ca8-8bb5-ccd5f548fdfe,VENTE_CLIENT,RECUE,2025-10-14 12:22:00,3cfcc465-ff37-402e-9c1b-ba5d3ea94f01,2,44.9,89.8
08236800-618c-4b9c-bc94-0b56e19dda20,VENTE_CLIENT,RECUE,2025-10-12 14:39:00,05c220e2-16b4-44dc-b5fd-5c6af2a0e444,1,54.9,54.9
85ad35d3-1e86-4900-8ef5-401a9c6e94fc,VENTE_CLIENT,RECUE,2025-10-30 16:21:00,82c9b156-9e48-4772-b6a4-610f88eed060,2,14.9,29.8
7651a8bf-1022-44e4-ac56-b3ef9e120337,VENTE_CLIENT,RECUE,2025-10-21 13:28:00,2f9f7915-0f2d-4aa0-98fa-fbff272def4e,3,14.9,44.7
7651a8bf-1022-44e4-ac56-b3ef9e120337,VENTE_CLIENT,RECUE,2025-10-21 13:28:00,394e86b1-2529-4787-99f0-efc1a9651537,2,9.9,19.8
42dc9ef7-9eb8-48d6-9f6d-347656798240,VENTE_CLIENT,ANNULEE,2025-10-12 07:10:00,dbee0582-7f92-49c0-b98d-beef835602c0,1,19.9,19.9
563a08d5-4dcc-4a25-96f5-209332dd9157,VENTE_CLIENT,RECUE,2025-10-14 08:13:00,3d69487c-f6bf-4558-b7c5-86dfd5caedb4,2,12.9,25.8
4ab48908-c8b7-47f4-aff9-b39763d96945,VENTE_CLIENT,RECUE,2025-10-05 16:43:00,394e86b1-2529-4787-99f0-efc1a9651537,3,9.9,29.700000000000003
b4615214-7afe-4a74-8261-ee8aa147597d,VENTE_CLIENT,RECUE,2025-10-10 17:11:00,05c220e2-16b4-44dc-b5fd-5c6af2a0e444,2,54.9,109.8
c6722202-ac46-4ad9-924c-15c3e439cfee,VENTE_CLIENT,RECUE,2025-10-31 08:34:00,dbee0582-7f92-49c0-b98d-beef835602c0,3,19.9,59.699999999999996
f467437d-ae3e-41e9-be44-e7152466360f,VENTE_CLIENT,RECUE,2025-10-29 10:54:00,b1d3e895-75e6-42ad-a3f8-6bd8b9d22be8,3,39.9,119.69999999999999
415cab47-c437-4738-9ad0-0c0e49fb2640,VENTE_CLIENT,RECUE,2025-10-22 17:41:00,82c9b156-9e48-4772-b6a4-610f88eed060,2,14.9,29.8
415cab47-c437-4738-9ad0-0c0e49fb2640,VENTE_CLIENT,RECUE,2025-10-22 17:41:00,3d69487c-f6bf-4558-b7c5-86dfd5caedb4,3,12.9,38.7
b2407abf-4873-4f88-958c-0625f47aca33,VENTE_CLIENT,RECUE,2025-10-05 10:00:00,dbee0582-7f92-49c0-b98d-beef835602c0,3,19.9,59.699999999999996
b2407abf-4873-4f88-958c-0625f47aca33,VENTE_CLIENT,RECUE,2025-10-05 10:00:00,82c9b156-9e48-4772-b6a4-610f88eed060,3,14.9,44.7
b1b28d9b-f9d3-47a5-8833-1e0ad72f9c0d,VENTE_CLIENT,RECUE,2025-10-05 08:11:00,b1d3e895-75e6-42ad-a3f8-6bd8b9d22be8,2,39.9,79.8
b1b28d9b-f9d3-47a5-8833-1e0ad72f9c0d,VENTE_CLIENT,RECUE,2025-10-05 08:11:00,05c220e2-16b4-44dc-b5fd-5c6af2a0e444,3,54.9,164.7
930a1b3c-1585-47d2-8bc5-cc36be125952,VENTE_CLIENT,RECUE,2025-10-16 11:19:00,3cfcc465-ff37-402e-9c1b-ba5d3ea94f01,1,44.9,44.9
416acec2-ace4-4ed3-8d8d-d6c6d53b03e9,VENTE_CLIENT,RECUE,2025-10-01 10:38:00,eac55e82-4cf3-480b-8940-f858c7db0400,2,14.9,29.8
416acec2-ace4-4ed3-8d8d-d6c6d53b03e9,VENTE_CLIENT,RECUE,2025-10-01 10:38:00,05c220e2-16b4-44dc-b5fd-5c6af2a0e444,3,54.9,164.7
43faafd3-4fa6-40f0-91eb-68d5d414a2ac,VENTE_CLIENT,RECUE,2025-10-08 14:56:00,2f9f7915-0f2d-4aa0-98fa-fbff272def4e,3,14.9,44.7
cf575642-14f6-4aec-88de-8deb0f293622,VENTE_CLIENT,RECUE,2025-10-07 15:25:00,82c9b156-9e48-4772-b6a4-610f88eed060,2,14.9,29.8
cf575642-14f6-4aec-88de-8deb0f293622,VENTE_CLIENT,RECUE,2025-10-07 15:25:00,eac55e82-4cf3-480b-8940-f858c7db0400,1,14.9,14.9
46c7fcd5-9fef-4c7b-bdd5-394b65411500,VENTE_CLIENT,RECUE,2025-10-08 11:11:00,3cfcc465-ff37-402e-9c1b-ba5d3ea94f01,1,44.9,44.9
e159eac7-737f-4676-8b4d-1a489a88d95f,VENTE_CLIENT,RECUE,2025-10-18 12:33:00,eac55e82-4cf3-480b-8940-f858c7db0400,1,14.9,14.9
cbd244a6-7b62-4c8e-a1f4-c8e3eef92269,VENTE_CLIENT,RECUE,2025-10-04 15:15:00,2f9f7915-0f2d-4aa0-98fa-fbff272def4e,3,14.9,44.7
e4e7c4fe-e99b-457b-acac-0889f63d70b6,VENTE_CLIENT,RECUE,2025-10-10 08:52:00,b1d3e895-75e6-42ad-a3f8-6bd8b9d22be8,3,39.9,119.69999999999999
e4e7c4fe-e99b-457b-acac-0889f63d70b6,VENTE_CLIENT,RECUE,2025-10-10 08:52:00,05c220e2-16b4-44dc-b5fd-5c6af2a0e444,1,54.9,54.9
7b985fa3-4c6c-4a5f-bc40-a203b5592a66,VENTE_CLIENT,RECUE,2025-10-31 16:58:00,dbee0582-7f92-49c0-b98d-beef835602c0,2,19.9,39.8
e87e36a7-ed6c-43e3-8d51-9a0adee0c159,VENTE_CLIENT,RECUE,2025-10-14 09:23:00,2f9f7915-0f2d-4aa0-98fa-fbff272def4e,3,14.9,44.7
e87e36a7-ed6c-43e3-8d51-9a0adee0c159,VENTE_CLIENT,RECUE,2025-10-14 09:23:00,05c220e2-16b4-44dc-b5fd-5c6af2a0e444,3,54.9,164.7
84b5d95b-1105-42a6-ad6e-a411cf6beddc,VENTE_CLIENT,RECUE,2025-10-19 10:14:00,4b036e43-3c29-4f80-bddb-d0b09c2ddfae,3,16.9,50.699999999999996
84b5d95b-1105-42a6-ad6e-a411cf6beddc,VENTE_CLIENT,RECUE,2025-10-19 10:14:00,6807df5e-79b3-4b3d-ad75-2360dc5da848,2,39.9,79.8
10f523c3-b21c-4832-a8d2-c48c4d6d8377,VENTE_CLIENT,RECUE,2025-10-31 10:34:00,4b036e43-3c29-4f80-bddb-d0b09c2ddfae,1,16.9,16.9
f980d4c8-99c1-4a92-a2bb-8ab9e9d5cd9e,VENTE_CLIENT,RECUE,2025-10-23 08:59:00,05c220e2-16b4-44dc-b5fd-5c6af2a0e444,1,54.9,54.9
4c496044-38b7-4093-b6ae-3342df16d820,VENTE_CLIENT,RECUE,2025-10-11 17:58:00,6807df5e-79b3-4b3d-ad75-2360dc5da848,3,39.9,119.69999999999999
4c496044-38b7-4093-b6ae-3342df16d820,VENTE_CLIENT,RECUE,2025-10-11 17:58:00,2f9f7915-0f2d-4aa0-98fa-fbff272def4e,1,14.9,14.9
7b8d1e3f-7247-4e28-b59c-1a8ba48dfd77,VENTE_CLIENT,ANNULEE,2025-10-29 15:57:00,4b036e43-3c29-4f80-bddb-d0b09c2ddfae,3,16.9,50.699999999999996
ac0344f0-5932-48b1-ac77-e368a476fcd7,VENTE_CLIENT,RECUE,2025-10-01 14:13:00,3cfcc465-ff37-402e-9c1b-ba5d3ea94f01,3,44.9,134.7
ac0344f0-5932-48b1-ac77-e368a476fcd7,VENTE_CLIENT,RECUE,2025-10-01 14:13:00,61fa2627-0c32-4b7e-867e-a04aaeaf12aa,3,14.9,44.7
395e5238-c8ad-4a6f-9eae-77d4e6b47cc6,VENTE_CLIENT,RECUE,2025-10-29 12:30:00,3cfcc465-ff37-402e-9c1b-ba5d3ea94f01,2,44.9,89.8
395e5238-c8ad-4a6f-9eae-77d4e6b47cc6,VENTE_CLIENT,RECUE,2025-10-29 12:30:00,4b036e43-3c29-4f80-bddb-d0b09c2ddfae,3,16.9,50.699999999999996
0ccda9d8-ba72-4a2e-be0c-433299000121,VENTE_CLIENT,RECUE,2025-10-26 10:07:00,dbee0582-7f92-49c0-b98d-beef835602c0,1,19.9,19.9
cf04a029-d25f-45fe-9ad5-28f40fb07322,VENTE_CLIENT,RECUE,2025-10-02 11:11:00,3cfcc465-ff37-402e-9c1b-ba5d3ea94f01,2,44.9,89.8
f108cbe9-1241-44ec-9cc5-44c2d763e25c,VENTE_CLIENT,RECUE,2025-10-28 18:18:00,eac55e82-4cf3-480b-8940-f858c7db0400,2,14.9,29.8
2adf2b79-68f0-42d1-84f2-3367a82237fc,ACHAT_FOURNISSEUR,RECUE,2025-11-29 16:29:00,6807df5e-79b3-4b3d-ad75-2360dc5da848,16,15.0,240.0
9d0f00e4-8caf-4f9f-9296-16bdc6de0d7e,ACHAT_FOURNISSEUR,RECUE,2025-11-14 08:33:00,394e86b1-2529-4787-99f0-efc1a9651537,15,3.0,45.0
9d0f00e4-8caf-4f9f-9296-16bdc6de0d7e,ACHAT_FOURNISSEUR,RECUE,2025-11-14 08:33:00,3d69487c-f6bf-4558-b7c5-86dfd5caedb4,11,4.0,44.0
75672f26-2884-4a9a-a674-30ea50ba0e0c,ACHAT_FOURNISSEUR,RECUE,2025-11-17 10:06:00,6807df5e-79b3-4b3d-ad75-2360dc5da848,13,15.0,195.0
6ed938cd-0a6c-40c5-9901-92ab81a71b43,ACHAT_FOURNISSEUR,RECUE,2025-11-19 14:20:00,b1d3e895-75e6-42ad-a3f8-6bd8b9d22be8,25,15.0,375.0
87d5616f-0ae6-4ce1-94ff-30fe1e83a3f1,ACHAT_FOURNISSEUR,RECUE,2025-11-16 16:12:00,61fa2627-0c32-4b7e-867e-a04aaeaf12aa,28,6.0,168.0
45d70dfd-1188-46f5-8437-3236d1dc0099,ACHAT_FOURNISSEUR,RECUE,2025-11-09 13:32:00,6807df5e-79b3-4b3d-ad75-2360dc5da848,28,15.0,420.0
8a6e7114-a8f5-4a57-83ef-53063b63cf34,ACHAT_FOURNISSEUR,RECUE,2025-11-01 10:46:00,80736db9-6fe9-46c5-b942-d8e6d8873264,12,9.0,108.0
2663721b-979b-4a67-b59f-e284b981c9a9,ACHAT_FOURNISSEUR,RECUE,2025-11-07 09:47:00,61fa2627-0c32-4b7e-867e-a04aaeaf12aa,26,6.0,156.0
d3abb2a3-a17a-480f-8fe3-733518d929f4,ACHAT_FOURNISSEUR,RECUE,2025-11-12 11:58:00,61fa2627-0c32-4b7e-867e-a04aaeaf12aa,16,6.0,96.0
d3abb2a3-a17a-480f-8fe3-733518d929f4,ACHAT_FOURNISSEUR,RECUE,2025-11-12 11:58:00,2f9f7915-0f2d-4aa0-98fa-fbff272def4e,17,6.0,102.0
7ce4fbfe-25a1-42f3-83fb-81819d23fb82,VENTE_CLIENT,RECUE,2025-11-14 08:17:00,3cfcc465-ff37-402e-9c1b-ba5d3ea94f01,2,44.9,89.8
7ce4fbfe-25a1-42f3-83fb-81819d23fb82,VENTE_CLIENT,RECUE,2025-11-14 08:17:00,3d69487c-f6bf-4558-b7c5-86dfd5caedb4,1,12.9,12.9
80189dcd-4d19-41fd-b8cb-0cbf96676eab,VENTE_CLIENT,RECUE,2025-11-11 18:39:00,6807df5e-79b3-4b3d-ad75-2360dc5da848,3,39.9,119.69999999999999
2b48fac1-b69a-4dda-9d48-f7d28b9f5495,VENTE_CLIENT,RECUE,2025-11-01 17:02:00,3d69487c-f6bf-4558-b7c5-86dfd5caedb4,1,12.9,12.9
d10ca962-ef59-4a14-b85a-3e384c94cb79,VENTE_CLIENT,ANNULEE,2025-11-08 17:23:00,4b036e43-3c29-4f80-bddb-d0b09c2ddfae,1,16.9,16.9
e45d9076-c123-4db8-8311-66ea188407fd,VENTE_CLIENT,RECUE,2025-11-03 11:35:00,6807df5e-79b3-4b3d-ad75-2360dc5da848,3,39.9,119.69999999999999
988cfed7-8e3f-4155-bda5-f7766d55bad5,VENTE_CLIENT,RECUE,2025-11-17 10:54:00,61fa2627-0c32-4b7e-867e-a04aaeaf12aa,1,14.9,14.9
988cfed7-8e3f-4155-bda5-f7766d55bad5,VENTE_CLIENT,RECUE,2025-11-17 10:54:00,b1d3e895-75e6-42ad-a3f8-6bd8b9d22be8,2,39.9,79.8
eb70599a-c192-4476-9905-1925165dd2a1,VENTE_CLIENT,RECUE,2025-11-27 15:49:00,394e86b1-2529-4787-99f0-efc1a9651537,2,9.9,19.8
6094694f-9761-4afc-a1a7-9d0ce4ac78be,VENTE_CLIENT,RECUE,2025-11-08 10:11:00,dbee0582-7f92-49c0-b98d-beef835602c0,2,19.9,39.8
6094694f-9761-4afc-a1a7-9d0ce4ac78be,VENTE_CLIENT,RECUE,2025-11-08 10:11:00,4b036e43-3c29-4f80-bddb-d0b09c2ddfae,2,16.9,33.8
9265f65b-c807-4662-a4ce-19648951e18b,VENTE_CLIENT,RECUE,2025-11-24 11:48:00,4b036e43-3c29-4f80-bddb-d0b09c2ddfae,2,16.9,33.8
9e4a4791-8bb3-4ed9-bd21-df62a9d57ca8,VENTE_CLIENT,RECUE,2025-11-25 07:59:00,4b036e43-3c29-4f80-bddb-d0b09c2ddfae,1,16.9,16.9
9e4a4791-8bb3-4ed9-bd21-df62a9d57ca8,VENTE_CLIENT,RECUE,2025-11-25 07:59:00,dbee0582-7f92-49c0-b98d-beef835602c0,1,19.9,19.9
73d49f08-9264-4992-b095-60e816f4ef02,VENTE_CLIENT,RECUE,2025-11-14 13:39:00,3d69487c-f6bf-4558-b7c5-86dfd5caedb4,2,12.9,25.8
73d49f08-9264-4992-b095-60e816f4ef02,VENTE_CLIENT,RECUE,2025-11-14 13:39:00,b1d3e895-75e6-42ad-a3f8-6bd8b9d22be8,3,39.9,119.69999999999999
dda4661f-5c07-4873-89b8-06d68efac284,VENTE_CLIENT,RECUE,2025-11-15 07:29:00,eac55e82-4cf3-480b-8940-f858c7db0400,3,14.9,44.7
e1446000-f7c2-43cf-a8a8-714051445ca7,VENTE_CLIENT,RECUE,2025-11-29 16:05:00,3cfcc465-ff37-402e-9c1b-ba5d3ea94f01,1,44.9,44.9
5d8b0653-4be4-4774-aa1e-2b833f71006d,VENTE_CLIENT,RECUE,2025-11-17 16:49:00,dbee0582-7f92-49c0-b98d-beef835602c0,3,19.9,59.699999999999996
5d8b0653-4be4-4774-aa1e-2b833f71006d,VENTE_CLIENT,RECUE,2025-11-17 16:49:00,6807df5e-79b3-4b3d-ad75-2360dc5da848,1,39.9,39.9
49257b3d-e206-415d-9c2c-0819b17d7ea9,VENTE_CLIENT,RECUE,2025-11-15 07:39:00,3cfcc465-ff37-402e-9c1b-ba5d3ea94f01,1,44.9,44.9
49257b3d-e206-415d-9c2c-0819b17d7ea9,VENTE_CLIENT,RECUE,2025-11-15 07:39:00,4b036e43-3c29-4f80-bddb-d0b09c2ddfae,2,16.9,33.8
1d302a46-ef1e-4937-bbc5-6fd84eac130d,VENTE_CLIENT,RECUE,2025-11-16 13:25:00,3cfcc465-ff37-402e-9c1b-ba5d3ea94f01,2,44.9,89.8
1d302a46-ef1e-4937-bbc5-6fd84eac130d,VENTE_CLIENT,RECUE,2025-11-16 13:25:00,b1d3e895-75e6-42ad-a3f8-6bd8b9d22be8,1,39.9,39.9
ef849af8-a675-4b9b-888d-d31c23e9be3d,VENTE_CLIENT,RECUE,2025-11-25 16:30:00,4b036e43-3c29-4f80-bddb-d0b09c2ddfae,2,16.9,33.8
f5e36b16-4460-4cbd-8e11-e7a9d1c4da19,VENTE_CLIENT,RECUE,2025-11-07 17:45:00,6807df5e-79b3-4b3d-ad75-2360dc5da848,1,39.9,39.9
341f7522-781a-464f-ba8b-63e16429ab06,VENTE_CLIENT,RECUE,2025-11-23 15:34:00,61fa2627-0c32-4b7e-867e-a04aaeaf12aa,2,14.9,29.8
b3f9ed83-83ae-47d6-b9b4-0c5add85b642,VENTE_CLIENT,RECUE,2025-11-18 16:33:00,61fa2627-0c32-4b7e-867e-a04aaeaf12aa,3,14.9,44.7
23f1cec4-095d-45f0-aa81-891134e9a3e8,VENTE_CLIENT,RECUE,2025-11-30 07:32:00,4b036e43-3c29-4f80-bddb-d0b09c2ddfae,1,16.9,16.9
f857ccb4-14c9-423a-b79c-13bb0c7dee84,VENTE_CLIENT,RECUE,2025-11-29 15:54:00,05c220e2-16b4-44dc-b5fd-5c6af2a0e444,3,54.9,164.7
9ad48eac-80bf-46de-ada1-cbeef099a980,VENTE_CLIENT,RECUE,2025-11-11 15:02:00,2f9f7915-0f2d-4aa0-98fa-fbff272def4e,1,14.9,14.9
114a9ad5-a424-4a39-b7c2-b73b78c19e68,VENTE_CLIENT,RECUE,2025-11-16 14:16:00,6807df5e-79b3-4b3d-ad75-2360dc5da848,1,39.9,39.9
1d6b80ce-cb20-404b-b562-7d0aab539300,VENTE_CLIENT,RECUE,2025-11-24 13:08:00,394e86b1-2529-4787-99f0-efc1a9651537,3,9.9,29.700000000000003
d4ad9a16-c4fb-49c7-8ffd-1d4bf7650c0f,VENTE_CLIENT,RECUE,2025-11-16 11:55:00,2f9f7915-0f2d-4aa0-98fa-fbff272def4e,3,14.9,44.7
be4ac0eb-74fc-4cf1-91cc-878674674dba,VENTE_CLIENT,RECUE,2025-11-27 08:52:00,eac55e82-4cf3-480b-8940-f858c7db0400,1,14.9,14.9
2fa2668b-7d55-4c51-baf5-0976271604d1,VENTE_CLIENT,RECUE,2025-11-07 14:56:00,6807df5e-79b3-4b3d-ad75-2360dc5da848,1,39.9,39.9
2fa2668b-7d55-4c51-baf5-0976271604d1,VENTE_CLIENT,RECUE,2025-11-07 14:56:00,394e86b1-2529-4787-99f0-efc1a9651537,1,9.9,9.9
a80a0927-8156-42f0-89c9-0977979affdb,VENTE_CLIENT,RECUE,2025-11-29 16:56:00,394e86b1-2529-4787-99f0-efc1a9651537,2,9.9,19.8
1253e402-60c0-4455-8b0b-82b232f4fba8,VENTE_CLIENT,RECUE,2025-11-12 14:22:00,3cfcc465-ff37-402e-9c1b-ba5d3ea94f01,2,44.9,89.8
b6558cb4-b148-4572-a076-656629bd0cea,VENTE_CLIENT,RECUE,2025-11-23 13:51:00,eac55e82-4cf3-480b-8940-f858c7db0400,1,14.9,14.9
4bff4612-8b05-4877-b2c9-3616790b33bb,VENTE_CLIENT,RECUE,2025-11-26 07:16:00,3d69487c-f6bf-4558-b7c5-86dfd5caedb4,1,12.9,12.9
4bff4612-8b05-4877-b2c9-3616790b33bb,VENTE_CLIENT,RECUE,2025-11-26 07:16:00,eac55e82-4cf3-480b-8940-f858c7db0400,2,14.9,29.8
f8e7984e-63cb-4ac3-8bb4-59fce1e075a7,VENTE_CLIENT,RECUE,2025-11-11 14:23:00,3d69487c-f6bf-4558-b7c5-86dfd5caedb4,3,12.9,38.7
f8e7984e-63cb-4ac3-8bb4-59fce1e075a7,VENTE_CLIENT,RECUE,2025-11-11 14:23:00,3cfcc465-ff37-402e-9c1b-ba5d3ea94f01,3,44.9,134.7
cd567a11-a6fe-4bb1-bf46-ce4fc46f2ef6,VENTE_CLIENT,RECUE,2025-11-28 13:22:00,4b036e43-3c29-4f80-bddb-d0b09c2ddfae,3,16.9,50.699999999999996
4ca4aafb-f93e-4ed9-a9f2-0fd4693ab2b8,VENTE_CLIENT,RECUE,2025-11-17 10:29:00,394e86b1-2529-4787-99f0-efc1a9651537,2,9.9,19.8
cd98fee4-d8e7-4099-97dc-e1066ad9cbc0,VENTE_CLIENT,RECUE,2025-11-13 12:16:00,6807df5e-79b3-4b3d-ad75-2360dc5da848,1,39.9,39.9
40eebc66-49cc-430f-a983-6509d7cbff6d,VENTE_CLIENT,ANNULEE,2025-11-21 18:46:00,2f9f7915-0f2d-4aa0-98fa-fbff272def4e,2,14.9,29.8
40eebc66-49cc-430f-a983-6509d7cbff6d,VENTE_CLIENT,ANNULEE,2025-11-21 18:46:00,eac55e82-4cf3-480b-8940-f858c7db0400,3,14.9,44.7
4aaf6986-5a61-4393-8865-7f5da212c02e,VENTE_CLIENT,RECUE,2025-11-13 13:40:00,05c220e2-16b4-44dc-b5fd-5c6af2a0e444,1,54.9,54.9
22eb373e-1ad2-43d7-9f01-7885f52d24b6,VENTE_CLIENT,RECUE,2025-11-08 15:32:00,4b036e43-3c29-4f80-bddb-d0b09c2ddfae,1,16.9,16.9
9e0091c2-3c57-41d3-923d-28ba7361e1a6,VENTE_CLIENT,RECUE,2025-11-12 12:12:00,4b036e43-3c29-4f80-bddb-d0b09c2ddfae,2,16.9,33.8
dbb7e49a-eb40-4490-8804-26dac335c147,VENTE_CLIENT,ANNULEE,2025-11-25 08:28:00,61fa2627-0c32-4b7e-867e-a04aaeaf12aa,2,14.9,29.8
fb4c12e9-236d-4871-abd3-7edea1cc4d71,VENTE_CLIENT,ANNULEE,2025-11-11 16:59:00,2f9f7915-0f2d-4aa0-98fa-fbff272def4e,1,14.9,14.9
ddd0fef8-b86b-4b84-9728-3219f878a5d1,VENTE_CLIENT,RECUE,2025-11-18 08:45:00,6807df5e-79b3-4b3d-ad75-2360dc5da848,1,39.9,39.9
ddd0fef8-b86b-4b84-9728-3219f878a5d1,VENTE_CLIENT,RECUE,2025-11-18 08:45:00,3cfcc465-ff37-402e-9c1b-ba5d3ea94f01,1,44.9,44.9
4bdcf200-bb11-4a63-8c04-e9b03d6c6feb,VENTE_CLIENT,RECUE,2025-11-15 13:08:00,6807df5e-79b3-4b3d-ad75-2360dc5da848,1,39.9,39.9
76893de4-5c47-4ec2-9fa5-f9bdea06d93e,VENTE_CLIENT,RECUE,2025-11-14 08:06:00,2f9f7915-0f2d-4aa0-98fa-fbff272def4e,1,14.9,14.9
76893de4-5c47-4ec2-9fa5-f9bdea06d93e,VENTE_CLIENT,RECUE,2025-11-14 08:06:00,61fa2627-0c32-4b7e-867e-a04aaeaf12aa,1,14.9,14.9
df073c31-96d7-4c03-8b02-5f66a11eb6fb,VENTE_CLIENT,RECUE,2025-11-07 11:12:00,3d69487c-f6bf-4558-b7c5-86dfd5caedb4,3,12.9,38.7
df073c31-96d7-4c03-8b02-5f66a11eb6fb,VENTE_CLIENT,RECUE,2025-11-07 11:12:00,b1d3e895-75e6-42ad-a3f8-6bd8b9d22be8,1,39.9,39.9
11fb7d54-23f3-41d1-9cac-aef3933d249b,VENTE_CLIENT,RECUE,2025-11-21 08:17:00,4b036e43-3c29-4f80-bddb-d0b09c2ddfae,1,16.9,16.9
2b0c42c9-073c-4c6d-89f9-86bd468ef8d9,VENTE_CLIENT,RECUE,2025-11-12 11:00:00,394e86b1-2529-4787-99f0-efc1a9651537,1,9.9,9.9
2b0c42c9-073c-4c6d-89f9-86bd468ef8d9,VENTE_CLIENT,RECUE,2025-11-12 11:00:00,eac55e82-4cf3-480b-8940-f858c7db0400,2,14.9,29.8
2d138c15-5bd2-4e66-a4a8-30dececbde53,VENTE_CLIENT,RECUE,2025-11-05 16:03:00,4b036e43-3c29-4f80-bddb-d0b09c2ddfae,2,16.9,33.8
2d138c15-5bd2-4e66-a4a8-30dececbde53,VENTE_CLIENT,RECUE,2025-11-05 16:03:00,2f9f7915-0f2d-4aa0-98fa-fbff272def4e,3,14.9,44.7
cf6d691b-9c4d-46fc-99d3-224102b30071,VENTE_CLIENT,RECUE,2025-11-10 18:38:00,eac55e82-4cf3-480b-8940-f858c7db0400,1,14.9,14.9
aed56c0d-5d2f-4ad9-a770-bd5c35521568,VENTE_CLIENT,RECUE,2025-11-28 07:48:00,eac55e82-4cf3-480b-8940-f858c7db0400,3,14.9,44.7
a5f01b9c-de0c-492d-93f1-cb760ea321b3,VENTE_CLIENT,RECUE,2025-11-11 17:09:00,3cfcc465-ff37-402e-9c1b-ba5d3ea94f01,1,44.9,44.9
20dbb12e-cf82-4a88-8bee-aa45b35a84cb,VENTE_CLIENT,RECUE,2025-11-25 16:53:00,eac55e82-4cf3-480b-8940-f858c7db0400,3,14.9,44.7
1b6856b2-8fbb-469a-898a-9dd7c7e69939,VENTE_CLIENT,RECUE,2025-11-20 15:19:00,4b036e43-3c29-4f80-bddb-d0b09c2ddfae,2,16.9,33.8
5a508fc7-225b-41c0-b541-ca74cef94984,VENTE_CLIENT,RECUE,2025-11-23 18:41:00,6807df5e-79b3-4b3d-ad75-2360dc5da848,1,39.9,39.9
fd8d2479-9ff4-48aa-9bd3-2a510011d88d,VENTE_CLIENT,RECUE,2025-11-21 14:57:00,4b036e43-3c29-4f80-bddb-d0b09c2ddfae,1,16.9,16.9
8bb029d0-a9fd-4642-9db8-43d3392b7e75,VENTE_CLIENT,RECUE,2025-11-14 14:36:00,3cfcc465-ff37-402e-9c1b-ba5d3ea94f01,1,44.9,44.9
8bb029d0-a9fd-4642-9db8-43d3392b7e75,VENTE_CLIENT,RECUE,2025-11-14 14:36:00,394e86b1-2529-4787-99f0-efc1a9651537,1,9.9,9.9
95660265-d3e7-40a9-ab8d-ca1474f12911,VENTE_CLIENT,RECUE,2025-11-29 11:45:00,2f9f7915-0f2d-4aa0-98fa-fbff272def4e,2,14.9,29.8
12ee1b06-72e8-4d11-9181-3e5cd9a87b52,VENTE_CLIENT,RECUE,2025-11-09 17:50:00,2f9f7915-0f2d-4aa0-98fa-fbff272def4e,2,14.9,29.8
4696a2e1-3dd9-44ee-b6d9-d3babd217636,VENTE_CLIENT,RECUE,2025-11-17 17:01:00,3cfcc465-ff37-402e-9c1b-ba5d3ea94f01,1,44.9,44.9
4696a2e1-3dd9-44ee-b6d9-d3babd217636,VENTE_CLIENT,RECUE,2025-11-17 17:01:00,05c220e2-16b4-44dc-b5fd-5c6af2a0e444,2,54.9,109.8
fd0f7703-c6d6-4c63-882b-ed50085c1b04,VENTE_CLIENT,RECUE,2025-11-11 09:39:00,eac55e82-4cf3-480b-8940-f858c7db0400,3,14.9,44.7
fd0f7703-c6d6-4c63-882b-ed50085c1b04,VENTE_CLIENT,RECUE,2025-11-11 09:39:00,4b036e43-3c29-4f80-bddb-d0b09c2ddfae,2,16.9,33.8
b0037e6a-677d-4442-82be-4b8f303477e5,VENTE_CLIENT,RECUE,2025-11-04 16:44:00,b1d3e895-75e6-42ad-a3f8-6bd8b9d22be8,1,39.9,39.9
123fa439-d4af-4f66-a231-43200b682faf,VENTE_CLIENT,RECUE,2025-11-01 13:07:00,61fa2627-0c32-4b7e-867e-a04aaeaf12aa,2,14.9,29.8
4dd97da2-9c57-4aa8-8b69-aefcff702eb5,VENTE_CLIENT,RECUE,2025-11-25 15:23:00,4b036e43-3c29-4f80-bddb-d0b09c2ddfae,2,16.9,33.8
308d952a-1081-4689-9e88-2197c070275f,VENTE_CLIENT,RECUE,2025-11-08 09:07:00,eac55e82-4cf3-480b-8940-f858c7db0400,3,14.9,44.7
addd3743-7aee-41fa-911c-5f66cded602f,VENTE_CLIENT,ANNULEE,2025-11-10 13:31:00,4b036e43-3c29-4f80-bddb-d0b09c2ddfae,3,16.9,50.699999999999996
addd3743-7aee-41fa-911c-5f66cded602f,VENTE_CLIENT,ANNULEE,2025-11-10 13:31:00,eac55e82-4cf3-480b-8940-f858c7db0400,2,14.9,29.8
c515ed60-19eb-41e6-9bd3-5cc894b3c693,VENTE_CLIENT,RECUE,2025-11-23 18:52:00,4b036e43-3c29-4f80-bddb-d0b09c2ddfae,3,16.9,50.699999999999996
d817ae9a-e6b6-4fd6-8d57-52ae5a3e4c8f,VENTE_CLIENT,RECUE,2025-11-03 15:47:00,3cfcc465-ff37-402e-9c1b-ba5d3ea94f01,2,44.9,89.8
d817ae9a-e6b6-4fd6-8d57-52ae5a3e4c8f,VENTE_CLIENT,RECUE,2025-11-03 15:47:00,eac55e82-4cf3-480b-8940-f858c7db0400,1,14.9,14.9
4bbd3306-9949-4e09-a8d4-d0661a075f31,VENTE_CLIENT,RECUE,2025-11-18 10:17:00,61fa2627-0c32-4b7e-867e-a04aaeaf12aa,2,14.9,29.8
26f2cbbc-5fe5-415e-ac9a-da3e7b63c489,VENTE_CLIENT,RECUE,2025-11-15 15:25:00,eac55e82-4cf3-480b-8940-f858c7db0400,3,14.9,44.7
07c4c77e-a494-49b4-b2b3-ac61f7532035,VENTE_CLIENT,RECUE,2025-11-14 10:57:00,61fa2627-0c32-4b7e-867e-a04aaeaf12aa,3,14.9,44.7
07c4c77e-a494-49b4-b2b3-ac61f7532035,VENTE_CLIENT,RECUE,2025-11-14 10:57:00,4b036e43-3c29-4f80-bddb-d0b09c2ddfae,3,16.9,50.699999999999996
bc4b52ca-84f2-46f3-9770-85b964d9455f,VENTE_CLIENT,RECUE,2025-11-03 10:04:00,4b036e43-3c29-4f80-bddb-d0b09c2ddfae,1,16.9,16.9
bb4e6c92-4e6c-4f8c-a940-924be4b0dc0f,VENTE_CLIENT,RECUE,2025-11-05 08:01:00,4b036e43-3c29-4f80-bddb-d0b09c2ddfae,3,16.9,50.699999999999996
ac9c7da2-5aa6-436e-9407-bde9b0a5075b,VENTE_CLIENT,RECUE,2025-11-23 09:12:00,4b036e43-3c29-4f80-bddb-d0b09c2ddfae,3,16.9,50.699999999999996
0fd20932-ba75-485d-90ea-aa6c07c34618,VENTE_CLIENT,RECUE,2025-11-17 09:29:00,3cfcc465-ff37-402e-9c1b-ba5d3ea94f01,1,44.9,44.9
0e8cb10f-8d7c-4a79-a590-0bfed5eda4f9,VENTE_CLIENT,RECUE,2025-11-09 10:04:00,4b036e43-3c29-4f80-bddb-d0b09c2ddfae,1,16.9,16.9
0e8cb10f-8d7c-4a79-a590-0bfed5eda4f9,VENTE_CLIENT,RECUE,2025-11-09 10:04:00,61fa2627-0c32-4b7e-867e-a04aaeaf12aa,2,14.9,29.8
6aeb2594-2974-4fad-a709-a595a4c52c09,VENTE_CLIENT,RECUE,2025-11-24 07:48:00,4b036e43-3c29-4f80-bddb-d0b09c2ddfae,3,16.9,50.699999999999996
b3bd6693-c48a-419a-be51-7123c36b6f0e,VENTE_CLIENT,RECUE,2025-11-05 09:57:00,61fa2627-0c32-4b7e-867e-a04aaeaf12aa,2,14.9,29.8
b13d706d-2ce8-4323-b5f7-5aff4fe5aa7d,VENTE_CLIENT,RECUE,2025-11-06 08:55:00,80736db9-6fe9-46c5-b942-d8e6d8873264,2,24.9,49.8
3a3bef63-9656-4a24-9f6f-334071c69d60,VENTE_CLIENT,RECUE,2025-11-25 09:56:00,61fa2627-0c32-4b7e-867e-a04aaeaf12aa,2,14.9,29.8
8f989413-c407-4fd7-bf5e-a537304d149f,VENTE_CLIENT,RECUE,2025-11-13 08:42:00,3cfcc465-ff37-402e-9c1b-ba5d3ea94f01,3,44.9,134.7
4205be2a-ce7a-42c8-9161-96fbf749e1cd,VENTE_CLIENT,RECUE,2025-11-25 07:15:00,3cfcc465-ff37-402e-9c1b-ba5d3ea94f01,3,44.9,134.7
d8476b0e-9432-4506-9b43-a7e8cf6e7e77,VENTE_CLIENT,RECUE,2025-11-06 16:21:00,4b036e43-3c29-4f80-bddb-d0b09c2ddfae,2,16.9,33.8
a7b7c699-a3ef-4aba-8c5a-54479e48e16e,VENTE_CLIENT,RECUE,2025-11-03 13:28:00,2f9f7915-0f2d-4aa0-98fa-fbff272def4e,1,14.9,14.9
4a7c57ff-d17d-49e1-bc1a-f7b9f25aa1da,VENTE_CLIENT,RECUE,2025-11-25 09:35:00,4b036e43-3c29-4f80-bddb-d0b09c2ddfae,3,16.9,50.699999999999996
d78fc4a1-134a-4b3e-a1e2-2d8a4237785a,VENTE_CLIENT,RECUE,2025-11-25 14:15:00,4b036e43-3c29-4f80-bddb-d0b09c2ddfae,3,16.9,50.699999999999996
85d9b78f-c5d5-49bd-9f15-d8874c22b8e5,VENTE_CLIENT,RECUE,2025-11-14 15:52:00,4b036e43-3c29-4f80-bddb-d0b09c2ddfae,1,16.9,16.9
9f891e74-c701-44b5-8fa5-3c210e80f30b,VENTE_CLIENT,RECUE,2025-11-26 14:45:00,3cfcc465-ff37-402e-9c1b-ba5d3ea94f01,2,44.9,89.8
700bcde5-7955-4de5-98f6-23e2b3de2c1b,ACHAT_FOURNISSEUR,ANNULEE,2025-12-22 14:07:00,3cfcc465-ff37-402e-9c1b-ba5d3ea94f01,28,18.0,504.0
c2793d93-c6b7-48ba-8339-509a0c67648e,ACHAT_FOURNISSEUR,RECUE,2025-12-09 16:59:00,05c220e2-16b4-44dc-b5fd-5c6af2a0e444,29,22.0,638.0
35ad6bcf-af30-4663-92e9-15d6b89220a2,ACHAT_FOURNISSEUR,RECUE,2025-12-08 16:13:00,82c9b156-9e48-4772-b6a4-610f88eed060,26,6.0,156.0
90a51477-aad3-4500-a665-d9c5da3cbf42,ACHAT_FOURNISSEUR,RECUE,2025-12-30 13:48:00,b1d3e895-75e6-42ad-a3f8-6bd8b9d22be8,26,15.0,390.0
192d900e-cea7-42aa-bf5f-4b9815d7ac09,ACHAT_FOURNISSEUR,RECUE,2025-12-01 17:29:00,6807df5e-79b3-4b3d-ad75-2360dc5da848,14,15.0,210.0
192d900e-cea7-42aa-bf5f-4b9815d7ac09,ACHAT_FOURNISSEUR,RECUE,2025-12-01 17:29:00,dbee0582-7f92-49c0-b98d-beef835602c0,18,7.0,126.0
da71b856-92fc-4ca2-8a29-c8ac94cef452,ACHAT_FOURNISSEUR,RECUE,2025-12-07 12:04:00,3cfcc465-ff37-402e-9c1b-ba5d3ea94f01,18,18.0,324.0
da71b856-92fc-4ca2-8a29-c8ac94cef452,ACHAT_FOURNISSEUR,RECUE,2025-12-07 12:04:00,82c9b156-9e48-4772-b6a4-610f88eed060,12,6.0,72.0
fc7b1c2e-2e1f-4868-87f8-351bfef8efcc,ACHAT_FOURNISSEUR,RECUE,2025-12-04 09:48:00,2f9f7915-0f2d-4aa0-98fa-fbff272def4e,17,6.0,102.0
fc7b1c2e-2e1f-4868-87f8-351bfef8efcc,ACHAT_FOURNISSEUR,RECUE,2025-12-04 09:48:00,b1d3e895-75e6-42ad-a3f8-6bd8b9d22be8,12,15.0,180.0
8b356ae6-3855-4025-a390-94bce0786590,ACHAT_FOURNISSEUR,RECUE,2025-12-14 17:42:00,b1d3e895-75e6-42ad-a3f8-6bd8b9d22be8,15,15.0,225.0
8b356ae6-3855-4025-a390-94bce0786590,ACHAT_FOURNISSEUR,RECUE,2025-12-14 17:42:00,3d69487c-f6bf-4558-b7c5-86dfd5caedb4,15,4.0,60.0
168eb533-76a4-44c9-bbac-62ad8d117670,ACHAT_FOURNISSEUR,RECUE,2025-12-07 16:34:00,1d4729fb-527d-4107-b1d8-d718e7f64323,29,18.0,522.0
8dcd1dfc-be6e-451a-9f31-0b3e99260889,VENTE_CLIENT,RECUE,2025-12-17 16:49:00,05c220e2-16b4-44dc-b5fd-5c6af2a0e444,2,54.9,109.8
61e42477-d17c-416d-8805-81c475fdbe2c,VENTE_CLIENT,ANNULEE,2025-12-22 16:40:00,05c220e2-16b4-44dc-b5fd-5c6af2a0e444,2,54.9,109.8
587b3b56-190f-4c60-91ec-87983236edcf,VENTE_CLIENT,RECUE,2025-12-04 17:13:00,dbee0582-7f92-49c0-b98d-beef835602c0,2,19.9,39.8
587b3b56-190f-4c60-91ec-87983236edcf,VENTE_CLIENT,RECUE,2025-12-04 17:13:00,3cfcc465-ff37-402e-9c1b-ba5d3ea94f01,3,44.9,134.7
1b398524-a8cc-4e9b-abee-fbfac9ff22ae,VENTE_CLIENT,RECUE,2025-12-02 11:18:00,05c220e2-16b4-44dc-b5fd-5c6af2a0e444,1,54.9,54.9
0da67770-fff6-41a5-b916-a9133daa81b4,VENTE_CLIENT,RECUE,2025-12-10 15:30:00,dbee0582-7f92-49c0-b98d-beef835602c0,2,19.9,39.8
9fef6d13-0f37-4b59-b2cf-57c6f37f61ca,VENTE_CLIENT,RECUE,2025-12-20 17:06:00,dbee0582-7f92-49c0-b98d-beef835602c0,1,19.9,19.9
9fef6d13-0f37-4b59-b2cf-57c6f37f61ca,VENTE_CLIENT,RECUE,2025-12-20 17:06:00,3d69487c-f6bf-4558-b7c5-86dfd5caedb4,1,12.9,12.9
9b5f42a8-eaeb-45a1-b28d-9b519176eed8,VENTE_CLIENT,RECUE,2025-12-01 11:31:00,1d4729fb-527d-4107-b1d8-d718e7f64323,1,44.9,44.9
9b5f42a8-eaeb-45a1-b28d-9b519176eed8,VENTE_CLIENT,RECUE,2025-12-01 11:31:00,2f9f7915-0f2d-4aa0-98fa-fbff272def4e,3,14.9,44.7
3d54efee-071a-42b7-afc3-34f2de49e397,VENTE_CLIENT,RECUE,2025-12-09 07:54:00,2f9f7915-0f2d-4aa0-98fa-fbff272def4e,3,14.9,44.7
2b95a0b8-7bb6-4325-be86-e2f2965eb11c,VENTE_CLIENT,RECUE,2025-12-21 12:20:00,05c220e2-16b4-44dc-b5fd-5c6af2a0e444,2,54.9,109.8
264a4521-55cf-4ca8-aaef-8800bd3f877a,VENTE_CLIENT,RECUE,2025-12-07 10:05:00,3d69487c-f6bf-4558-b7c5-86dfd5caedb4,2,12.9,25.8
bc7737bf-1f0b-4f69-a74a-2ab09f4b3d45,VENTE_CLIENT,RECUE,2025-12-16 15:04:00,05c220e2-16b4-44dc-b5fd-5c6af2a0e444,3,54.9,164.7
c27d3373-df75-48c9-bca6-237dd793ee4f,VENTE_CLIENT,RECUE,2025-12-13 14:29:00,05c220e2-16b4-44dc-b5fd-5c6af2a0e444,1,54.9,54.9
087e04e0-e840-4075-8dff-935add79a442,VENTE_CLIENT,RECUE,2025-12-14 16:42:00,1d4729fb-527d-4107-b1d8-d718e7f64323,1,44.9,44.9
bf947df7-37e8-49e7-9d4c-2a1ecdb9ad0a,VENTE_CLIENT,RECUE,2025-12-14 12:57:00,dbee0582-7f92-49c0-b98d-beef835602c0,1,19.9,19.9
ff443934-b7b9-41f1-a8e5-d37f336a1386,VENTE_CLIENT,RECUE,2025-12-31 12:33:00,6807df5e-79b3-4b3d-ad75-2360dc5da848,1,39.9,39.9
7c784ee4-286d-47fc-840c-11a4567b8d6d,VENTE_CLIENT,RECUE,2025-12-31 16:16:00,394e86b1-2529-4787-99f0-efc1a9651537,1,9.9,9.9
edaa8c17-60e6-4d43-9fce-3e49c3fcbd49,VENTE_CLIENT,RECUE,2025-12-17 17:01:00,dbee0582-7f92-49c0-b98d-beef835602c0,1,19.9,19.9
4eff4bd9-3815-41d4-8f1a-b269d58b6777,VENTE_CLIENT,RECUE,2025-12-21 08:52:00,2f9f7915-0f2d-4aa0-98fa-fbff272def4e,3,14.9,44.7
4eff4bd9-3815-41d4-8f1a-b269d58b6777,VENTE_CLIENT,RECUE,2025-12-21 08:52:00,80736db9-6fe9-46c5-b942-d8e6d8873264,2,24.9,49.8
1c2d8af6-ca7e-42cb-8916-43045ae65d78,VENTE_CLIENT,RECUE,2025-12-17 17:41:00,b1d3e895-75e6-42ad-a3f8-6bd8b9d22be8,1,39.9,39.9
d2295ead-90c5-44f7-8462-4111df602f3e,VENTE_CLIENT,RECUE,2025-12-14 13:30:00,61fa2627-0c32-4b7e-867e-a04aaeaf12aa,1,14.9,14.9
23cddfe5-7aff-4329-9ace-d9198146d939,VENTE_CLIENT,RECUE,2025-12-29 11:26:00,dbee0582-7f92-49c0-b98d-beef835602c0,2,19.9,39.8
23cddfe5-7aff-4329-9ace-d9198146d939,VENTE_CLIENT,RECUE,2025-12-29 11:26:00,61fa2627-0c32-4b7e-867e-a04aaeaf12aa,3,14.9,44.7
9a57e98b-a8cd-4c48-b623-dc4634b25904,VENTE_CLIENT,RECUE,2025-12-30 16:21:00,394e86b1-2529-4787-99f0-efc1a9651537,2,9.9,19.8
9a57e98b-a8cd-4c48-b623-dc4634b25904,VENTE_CLIENT,RECUE,2025-12-30 16:21:00,61fa2627-0c32-4b7e-867e-a04aaeaf12aa,1,14.9,14.9
f290401d-4030-4e73-8ac8-2f79ea49bfdf,VENTE_CLIENT,RECUE,2025-12-08 17:22:00,2f9f7915-0f2d-4aa0-98fa-fbff272def4e,3,14.9,44.7
f290401d-4030-4e73-8ac8-2f79ea49bfdf,VENTE_CLIENT,RECUE,2025-12-08 17:22:00,dbee0582-7f92-49c0-b98d-beef835602c0,2,19.9,39.8
36b9c8cb-b4c3-4aec-b699-a94f6eca7bc6,VENTE_CLIENT,RECUE,2025-12-26 08:47:00,6807df5e-79b3-4b3d-ad75-2360dc5da848,2,39.9,79.8
3043eda7-7d68-4661-9d43-8cf56c4d4b65,VENTE_CLIENT,RECUE,2025-12-20 13:56:00,2f9f7915-0f2d-4aa0-98fa-fbff272def4e,3,14.9,44.7
33ce8ef0-2054-461e-8637-15695ecae3bc,VENTE_CLIENT,ANNULEE,2025-12-02 08:02:00,61fa2627-0c32-4b7e-867e-a04aaeaf12aa,3,14.9,44.7
dcb6d0ab-4863-4d93-aac7-9b35f2d88dfb,VENTE_CLIENT,RECUE,2025-12-23 09:55:00,b1d3e895-75e6-42ad-a3f8-6bd8b9d22be8,1,39.9,39.9
0c4a7933-456c-48b1-93fb-b108e61e2c42,VENTE_CLIENT,RECUE,2025-12-18 14:48:00,3d69487c-f6bf-4558-b7c5-86dfd5caedb4,3,12.9,38.7
0c4a7933-456c-48b1-93fb-b108e61e2c42,VENTE_CLIENT,RECUE,2025-12-18 14:48:00,05c220e2-16b4-44dc-b5fd-5c6af2a0e444,2,54.9,109.8
2ee9ed85-861c-4244-93ed-36e8242f4d6f,VENTE_CLIENT,RECUE,2025-12-12 09:32:00,eac55e82-4cf3-480b-8940-f858c7db0400,1,14.9,14.9
563770f3-c19a-4ee8-94cd-0e426bb6db0d,VENTE_CLIENT,RECUE,2025-12-03 08:58:00,b1d3e895-75e6-42ad-a3f8-6bd8b9d22be8,3,39.9,119.69999999999999
f62d4ac1-c591-47ba-adfd-2c6f19149272,VENTE_CLIENT,RECUE,2025-12-04 09:52:00,6807df5e-79b3-4b3d-ad75-2360dc5da848,3,39.9,119.69999999999999
9f8c6acd-9e80-4c9b-ab6a-84e3b4916930,VENTE_CLIENT,RECUE,2025-12-08 09:08:00,61fa2627-0c32-4b7e-867e-a04aaeaf12aa,3,14.9,44.7
9f8c6acd-9e80-4c9b-ab6a-84e3b4916930,VENTE_CLIENT,RECUE,2025-12-08 09:08:00,82c9b156-9e48-4772-b6a4-610f88eed060,3,14.9,44.7
49e16e6c-022b-49a2-a79a-e48c878214c1,VENTE_CLIENT,ANNULEE,2025-12-10 07:44:00,05c220e2-16b4-44dc-b5fd-5c6af2a0e444,1,54.9,54.9
1152f526-ba2a-49d7-8434-b2507381a12a,VENTE_CLIENT,RECUE,2025-12-26 18:05:00,dbee0582-7f92-49c0-b98d-beef835602c0,1,19.9,19.9
1152f526-ba2a-49d7-8434-b2507381a12a,VENTE_CLIENT,RECUE,2025-12-26 18:05:00,eac55e82-4cf3-480b-8940-f858c7db0400,2,14.9,29.8
b78bca4d-4b70-4674-8b97-b3b6c6d163cd,VENTE_CLIENT,RECUE,2025-12-26 10:54:00,3cfcc465-ff37-402e-9c1b-ba5d3ea94f01,2,44.9,89.8
b7f99328-fa30-407f-bf39-54d616f159f9,VENTE_CLIENT,RECUE,2025-12-31 16:16:00,61fa2627-0c32-4b7e-867e-a04aaeaf12aa,3,14.9,44.7
446204da-20df-4f9a-ae4c-5c29e4470852,VENTE_CLIENT,RECUE,2025-12-07 16:05:00,dbee0582-7f92-49c0-b98d-beef835602c0,2,19.9,39.8
446204da-20df-4f9a-ae4c-5c29e4470852,VENTE_CLIENT,RECUE,2025-12-07 16:05:00,3cfcc465-ff37-402e-9c1b-ba5d3ea94f01,1,44.9,44.9
ded8ddc5-d9ea-4df9-949e-e453c85ba626,VENTE_CLIENT,RECUE,2025-12-19 09:16:00,6807df5e-79b3-4b3d-ad75-2360dc5da848,1,39.9,39.9
30001c94-5782-4eea-8160-8068911c600b,VENTE_CLIENT,RECUE,2025-12-02 16:12:00,6807df5e-79b3-4b3d-ad75-2360dc5da848,2,39.9,79.8
7cfd9029-435f-4b4e-b79b-f86285225d1f,VENTE_CLIENT,RECUE,2025-12-01 13:57:00,61fa2627-0c32-4b7e-867e-a04aaeaf12aa,1,14.9,14.9
bffa0c0e-b17a-40e5-9d83-861fb3ccebe0,VENTE_CLIENT,RECUE,2025-12-12 17:28:00,6807df5e-79b3-4b3d-ad75-2360dc5da848,2,39.9,79.8
bffa0c0e-b17a-40e5-9d83-861fb3ccebe0,VENTE_CLIENT,RECUE,2025-12-12 17:28:00,2f9f7915-0f2d-4aa0-98fa-fbff272def4e,2,14.9,29.8
ab589168-c5bf-4a97-bab8-0b77e68afb13,VENTE_CLIENT,ANNULEE,2025-12-26 12:39:00,82c9b156-9e48-4772-b6a4-610f88eed060,3,14.9,44.7
4b8c9d1b-b423-4507-b291-f2fc38eac850,VENTE_CLIENT,RECUE,2025-12-23 07:55:00,b1d3e895-75e6-42ad-a3f8-6bd8b9d22be8,3,39.9,119.69999999999999
526dac34-052a-411c-b818-b902642ac5b9,VENTE_CLIENT,RECUE,2025-12-15 10:03:00,dbee0582-7f92-49c0-b98d-beef835602c0,1,19.9,19.9
9605e8e5-aaaf-4331-9821-d6a589c4d200,VENTE_CLIENT,RECUE,2025-12-25 08:27:00,82c9b156-9e48-4772-b6a4-610f88eed060,1,14.9,14.9
15e894e4-cd58-44aa-b881-2abb32ac7b58,VENTE_CLIENT,RECUE,2025-12-18 17:36:00,3cfcc465-ff37-402e-9c1b-ba5d3ea94f01,1,44.9,44.9
15e894e4-cd58-44aa-b881-2abb32ac7b58,VENTE_CLIENT,RECUE,2025-12-18 17:36:00,82c9b156-9e48-4772-b6a4-610f88eed060,2,14.9,29.8
04b1760c-fd2d-4758-9214-c4333b51ce4f,VENTE_CLIENT,RECUE,2025-12-01 10:31:00,6807df5e-79b3-4b3d-ad75-2360dc5da848,3,39.9,119.69999999999999
2befc187-44fd-4d63-b6fe-2da921c81e7c,VENTE_CLIENT,ANNULEE,2025-12-23 17:05:00,6807df5e-79b3-4b3d-ad75-2360dc5da848,2,39.9,79.8
2befc187-44fd-4d63-b6fe-2da921c81e7c,VENTE_CLIENT,ANNULEE,2025-12-23 17:05:00,05c220e2-16b4-44dc-b5fd-5c6af2a0e444,1,54.9,54.9
02a264fd-6255-4c1a-aa0e-876de3f7432e,VENTE_CLIENT,RECUE,2025-12-28 16:17:00,80736db9-6fe9-46c5-b942-d8e6d8873264,2,24.9,49.8
02a264fd-6255-4c1a-aa0e-876de3f7432e,VENTE_CLIENT,RECUE,2025-12-28 16:17:00,3cfcc465-ff37-402e-9c1b-ba5d3ea94f01,2,44.9,89.8
18bff337-20b0-4861-af03-c24bd770a19f,VENTE_CLIENT,RECUE,2025-12-23 12:11:00,2f9f7915-0f2d-4aa0-98fa-fbff272def4e,2,14.9,29.8
18bff337-20b0-4861-af03-c24bd770a19f,VENTE_CLIENT,RECUE,2025-12-23 12:11:00,dbee0582-7f92-49c0-b98d-beef835602c0,1,19.9,19.9
5c4ee1a2-fa0c-4f27-95d1-fb32ea1eca24,VENTE_CLIENT,RECUE,2025-12-03 11:47:00,82c9b156-9e48-4772-b6a4-610f88eed060,1,14.9,14.9
f1d44d86-65b3-4022-9404-ea016c50b4e3,VENTE_CLIENT,RECUE,2025-12-25 11:01:00,3d69487c-f6bf-4558-b7c5-86dfd5caedb4,1,12.9,12.9
4f3cdd57-72d7-4f49-bba7-b82a0e3fb651,VENTE_CLIENT,ANNULEE,2025-12-01 15:12:00,eac55e82-4cf3-480b-8940-f858c7db0400,1,14.9,14.9
a441ca4f-d462-4194-9a1f-18b691a496a2,VENTE_CLIENT,RECUE,2025-12-03 15:37:00,82c9b156-9e48-4772-b6a4-610f88eed060,3,14.9,44.7
4681b1d6-f2c7-43e3-b48b-865f4a6e5e7c,VENTE_CLIENT,RECUE,2025-12-01 10:10:00,82c9b156-9e48-4772-b6a4-610f88eed060,2,14.9,29.8
4681b1d6-f2c7-43e3-b48b-865f4a6e5e7c,VENTE_CLIENT,RECUE,2025-12-01 10:10:00,61fa2627-0c32-4b7e-867e-a04aaeaf12aa,2,14.9,29.8
afeb994d-a4da-40a3-a4c4-2982967d81bf,VENTE_CLIENT,RECUE,2025-12-16 17:47:00,dbee0582-7f92-49c0-b98d-beef835602c0,2,19.9,39.8
ac0592ba-6f02-44c5-b43a-75fa46dda8e3,VENTE_CLIENT,RECUE,2025-12-10 07:03:00,eac55e82-4cf3-480b-8940-f858c7db0400,2,14.9,29.8
1d7d47dc-47b9-4fc8-b804-d98e6ffff8c4,VENTE_CLIENT,RECUE,2025-12-05 08:06:00,1d4729fb-527d-4107-b1d8-d718e7f64323,3,44.9,134.7
7bbd77a0-1670-450b-9c5b-026eee0e26b2,VENTE_CLIENT,ANNULEE,2025-12-11 10:40:00,3d69487c-f6bf-4558-b7c5-86dfd5caedb4,2,12.9,25.8
3008f41d-5173-4879-b789-29794373ad3c,VENTE_CLIENT,RECUE,2025-12-10 12:16:00,3cfcc465-ff37-402e-9c1b-ba5d3ea94f01,1,44.9,44.9
0661e807-6fb2-4d47-8112-b2f7039d7c32,VENTE_CLIENT,RECUE,2025-12-18 09:54:00,3d69487c-f6bf-4558-b7c5-86dfd5caedb4,2,12.9,25.8
ab39031d-c6ec-4353-b497-f958f264f444,VENTE_CLIENT,RECUE,2025-12-02 17:48:00,b1d3e895-75e6-42ad-a3f8-6bd8b9d22be8,2,39.9,79.8
f61566ea-fb4a-4acc-b8e4-80a21cc52796,VENTE_CLIENT,RECUE,2025-12-17 18:56:00,05c220e2-16b4-44dc-b5fd-5c6af2a0e444,3,54.9,164.7
e828b25e-e4f9-4174-8fac-aa93baeea513,VENTE_CLIENT,RECUE,2025-12-20 16:14:00,eac55e82-4cf3-480b-8940-f858c7db0400,1,14.9,14.9
e828b25e-e4f9-4174-8fac-aa93baeea513,VENTE_CLIENT,RECUE,2025-12-20 16:14:00,2f9f7915-0f2d-4aa0-98fa-fbff272def4e,1,14.9,14.9
13803672-2f0f-4287-92fa-ab07c35ca40d,VENTE_CLIENT,RECUE,2025-12-02 13:04:00,3cfcc465-ff37-402e-9c1b-ba5d3ea94f01,2,44.9,89.8
eb407a1c-3234-41e0-80d5-6cd7e4740f54,VENTE_CLIENT,RECUE,2025-12-13 07:54:00,3d69487c-f6bf-4558-b7c5-86dfd5caedb4,3,12.9,38.7
ce64f01d-47fa-4176-baa7-23000bf3133f,VENTE_CLIENT,RECUE,2025-12-21 12:29:00,3d69487c-f6bf-4558-b7c5-86dfd5caedb4,2,12.9,25.8
1a3aacb0-53d7-4df5-90ae-9177c05778bf,VENTE_CLIENT,RECUE,2025-12-09 08:06:00,80736db9-6fe9-46c5-b942-d8e6d8873264,2,24.9,49.8
6335a68c-521f-4ec7-b235-4de2f2ba66e4,VENTE_CLIENT,RECUE,2025-12-11 09:24:00,82c9b156-9e48-4772-b6a4-610f88eed060,3,14.9,44.7
53d45eb5-5eb0-4d31-a326-6cf390f09161,VENTE_CLIENT,RECUE,2025-12-05 08:38:00,3cfcc465-ff37-402e-9c1b-ba5d3ea94f01,3,44.9,134.7
80806aac-0747-4abf-a64b-0fa00b60dbbe,VENTE_CLIENT,RECUE,2025-12-04 12:33:00,2f9f7915-0f2d-4aa0-98fa-fbff272def4e,1,14.9,14.9
cc9470a7-3100-473f-a446-e7dbc5486871,VENTE_CLIENT,RECUE,2025-12-27 07:53:00,6807df5e-79b3-4b3d-ad75-2360dc5da848,1,39.9,39.9
cc9470a7-3100-473f-a446-e7dbc5486871,VENTE_CLIENT,RECUE,2025-12-27 07:53:00,2f9f7915-0f2d-4aa0-98fa-fbff272def4e,2,14.9,29.8
d65a8f09-e474-4e75-a84b-bcceda86fe5d,VENTE_CLIENT,RECUE,2025-12-13 09:37:00,1d4729fb-527d-4107-b1d8-d718e7f64323,1,44.9,44.9
d6686755-6a54-4bec-a00e-647f35295909,VENTE_CLIENT,ANNULEE,2025-12-01 15:43:00,05c220e2-16b4-44dc-b5fd-5c6af2a0e444,1,54.9,54.9
d6686755-6a54-4bec-a00e-647f35295909,VENTE_CLIENT,ANNULEE,2025-12-01 15:43:00,2f9f7915-0f2d-4aa0-98fa-fbff272def4e,2,14.9,29.8
f9acaf81-a1ae-4756-9935-352cf43b7653,VENTE_CLIENT,RECUE,2025-12-19 10:48:00,05c220e2-16b4-44dc-b5fd-5c6af2a0e444,3,54.9,164.7
103a4260-6332-4df0-a49c-b2eb25f5c5cc,VENTE_CLIENT,RECUE,2025-12-23 13:49:00,61fa2627-0c32-4b7e-867e-a04aaeaf12aa,1,14.9,14.9
4432a6d0-b5ed-44c6-aab6-ad821b011eb1,VENTE_CLIENT,ANNULEE,2025-12-29 18:12:00,6807df5e-79b3-4b3d-ad75-2360dc5da848,2,39.9,79.8
27206da5-1372-40b0-9f8a-625b0202aee4,VENTE_CLIENT,RECUE,2025-12-21 15:27:00,61fa2627-0c32-4b7e-867e-a04aaeaf12aa,1,14.9,14.9
e75f92d8-40b2-485e-8a0f-b7f5bb71c63c,ACHAT_FOURNISSEUR,RECUE,2026-01-07 14:22:00,eac55e82-4cf3-480b-8940-f858c7db0400,6,6.0,36.0
03dad723-9030-49f3-8797-01b28eed9f7d,ACHAT_FOURNISSEUR,RECUE,2026-01-19 14:27:00,394e86b1-2529-4787-99f0-efc1a9651537,6,3.0,18.0
03dad723-9030-49f3-8797-01b28eed9f7d,ACHAT_FOURNISSEUR,RECUE,2026-01-19 14:27:00,3d69487c-f6bf-4558-b7c5-86dfd5caedb4,8,4.0,32.0
440dea46-0082-44a7-9cf1-c94f628c8be4,ACHAT_FOURNISSEUR,RECUE,2026-01-28 15:13:00,dbee0582-7f92-49c0-b98d-beef835602c0,11,7.0,77.0
440dea46-0082-44a7-9cf1-c94f628c8be4,ACHAT_FOURNISSEUR,RECUE,2026-01-28 15:13:00,82c9b156-9e48-4772-b6a4-610f88eed060,7,6.0,42.0
de0819d7-abd1-4490-9a3a-9aef038ca659,ACHAT_FOURNISSEUR,RECUE,2026-01-09 18:09:00,61fa2627-0c32-4b7e-867e-a04aaeaf12aa,6,6.0,36.0
de0819d7-abd1-4490-9a3a-9aef038ca659,ACHAT_FOURNISSEUR,RECUE,2026-01-09 18:09:00,4b036e43-3c29-4f80-bddb-d0b09c2ddfae,7,5.0,35.0
6bdf5529-06c7-483c-959b-75c2f877c018,ACHAT_FOURNISSEUR,ANNULEE,2026-01-22 18:43:00,82c9b156-9e48-4772-b6a4-610f88eed060,18,6.0,108.0
b3903fa5-1763-495e-8441-6d262a9c3477,ACHAT_FOURNISSEUR,RECUE,2026-01-11 15:32:00,61fa2627-0c32-4b7e-867e-a04aaeaf12aa,10,6.0,60.0
b3903fa5-1763-495e-8441-6d262a9c3477,ACHAT_FOURNISSEUR,RECUE,2026-01-11 15:32:00,b1d3e895-75e6-42ad-a3f8-6bd8b9d22be8,9,15.0,135.0
9f68a28f-abe7-4261-bcf8-5c633ecc14ac,ACHAT_FOURNISSEUR,RECUE,2026-01-03 08:28:00,1d4729fb-527d-4107-b1d8-d718e7f64323,8,18.0,144.0
9f68a28f-abe7-4261-bcf8-5c633ecc14ac,ACHAT_FOURNISSEUR,RECUE,2026-01-03 08:28:00,4b036e43-3c29-4f80-bddb-d0b09c2ddfae,6,5.0,30.0
d059788e-b442-4aae-87d7-33eda34a01f4,ACHAT_FOURNISSEUR,RECUE,2026-01-03 10:43:00,b1d3e895-75e6-42ad-a3f8-6bd8b9d22be8,11,15.0,165.0
d059788e-b442-4aae-87d7-33eda34a01f4,ACHAT_FOURNISSEUR,RECUE,2026-01-03 10:43:00,61fa2627-0c32-4b7e-867e-a04aaeaf12aa,7,6.0,42.0
be0b28aa-c08c-41c4-b946-4e3c8bb287c0,ACHAT_FOURNISSEUR,RECUE,2026-01-08 10:12:00,05c220e2-16b4-44dc-b5fd-5c6af2a0e444,7,22.0,154.0
be0b28aa-c08c-41c4-b946-4e3c8bb287c0,ACHAT_FOURNISSEUR,RECUE,2026-01-08 10:12:00,61fa2627-0c32-4b7e-867e-a04aaeaf12aa,8,6.0,48.0
9e29e1fe-afaf-4627-a762-0f451663bdaf,VENTE_CLIENT,RECUE,2026-01-21 07:07:00,4b036e43-3c29-4f80-bddb-d0b09c2ddfae,1,16.9,16.9
9923ec29-d997-4bbe-ac4c-3f4381fe6f68,VENTE_CLIENT,ANNULEE,2026-01-08 14:13:00,394e86b1-2529-4787-99f0-efc1a9651537,2,9.9,19.8
5fb3f2eb-8d39-42b1-a738-f1e452a8c9ed,VENTE_CLIENT,RECUE,2026-01-22 12:17:00,b1d3e895-75e6-42ad-a3f8-6bd8b9d22be8,2,39.9,79.8
5fb3f2eb-8d39-42b1-a738-f1e452a8c9ed,VENTE_CLIENT,RECUE,2026-01-22 12:17:00,4b036e43-3c29-4f80-bddb-d0b09c2ddfae,3,16.9,50.699999999999996
0ad7dd9b-d2fd-468f-a3a2-7e847f10872a,VENTE_CLIENT,RECUE,2026-01-29 10:59:00,05c220e2-16b4-44dc-b5fd-5c6af2a0e444,3,54.9,164.7
0ad7dd9b-d2fd-468f-a3a2-7e847f10872a,VENTE_CLIENT,RECUE,2026-01-29 10:59:00,4b036e43-3c29-4f80-bddb-d0b09c2ddfae,1,16.9,16.9
0faf12c2-c554-4936-a505-f32b3cdc12c0,VENTE_CLIENT,RECUE,2026-01-08 14:06:00,4b036e43-3c29-4f80-bddb-d0b09c2ddfae,3,16.9,50.699999999999996
0faf12c2-c554-4936-a505-f32b3cdc12c0,VENTE_CLIENT,RECUE,2026-01-08 14:06:00,3d69487c-f6bf-4558-b7c5-86dfd5caedb4,3,12.9,38.7
b00fbd67-b9b0-494f-889b-6f705579896e,VENTE_CLIENT,RECUE,2026-01-11 07:44:00,3cfcc465-ff37-402e-9c1b-ba5d3ea94f01,3,44.9,134.7
b00fbd67-b9b0-494f-889b-6f705579896e,VENTE_CLIENT,RECUE,2026-01-11 07:44:00,dbee0582-7f92-49c0-b98d-beef835602c0,3,19.9,59.699999999999996
728df777-02a9-41df-9d16-b43b9e4a5f67,VENTE_CLIENT,RECUE,2026-01-07 09:48:00,4b036e43-3c29-4f80-bddb-d0b09c2ddfae,1,16.9,16.9
a7cd9288-7791-4f5d-9dd9-5bdccf2cebc9,VENTE_CLIENT,RECUE,2026-01-14 11:43:00,394e86b1-2529-4787-99f0-efc1a9651537,1,9.9,9.9
12138969-8f55-4560-b312-e236a6d75fac,VENTE_CLIENT,RECUE,2026-01-01 09:40:00,1d4729fb-527d-4107-b1d8-d718e7f64323,3,44.9,134.7
12138969-8f55-4560-b312-e236a6d75fac,VENTE_CLIENT,RECUE,2026-01-01 09:40:00,4b036e43-3c29-4f80-bddb-d0b09c2ddfae,1,16.9,16.9
7edbf360-ec06-41c4-b86c-2b0e2798f0eb,VENTE_CLIENT,RECUE,2026-01-14 18:16:00,4b036e43-3c29-4f80-bddb-d0b09c2ddfae,2,16.9,33.8
67f27def-835f-4b22-a937-21ac8973e43d,VENTE_CLIENT,RECUE,2026-01-20 17:28:00,05c220e2-16b4-44dc-b5fd-5c6af2a0e444,2,54.9,109.8
67f27def-835f-4b22-a937-21ac8973e43d,VENTE_CLIENT,RECUE,2026-01-20 17:28:00,82c9b156-9e48-4772-b6a4-610f88eed060,1,14.9,14.9
3523a81d-e8ed-4518-8225-7f60af5f0010,VENTE_CLIENT,RECUE,2026-01-03 15:00:00,6807df5e-79b3-4b3d-ad75-2360dc5da848,2,39.9,79.8
3523a81d-e8ed-4518-8225-7f60af5f0010,VENTE_CLIENT,RECUE,2026-01-03 15:00:00,1d4729fb-527d-4107-b1d8-d718e7f64323,3,44.9,134.7
3073c431-f73f-494c-8a9f-3922f6605f95,VENTE_CLIENT,RECUE,2026-01-08 09:32:00,05c220e2-16b4-44dc-b5fd-5c6af2a0e444,1,54.9,54.9
b9768b40-abe8-48e3-981b-20160b78c8b7,VENTE_CLIENT,RECUE,2026-01-18 10:04:00,82c9b156-9e48-4772-b6a4-610f88eed060,1,14.9,14.9
45511546-7cda-4199-b75b-1622811578b4,VENTE_CLIENT,RECUE,2026-01-21 07:34:00,3cfcc465-ff37-402e-9c1b-ba5d3ea94f01,1,44.9,44.9
45511546-7cda-4199-b75b-1622811578b4,VENTE_CLIENT,RECUE,2026-01-21 07:34:00,05c220e2-16b4-44dc-b5fd-5c6af2a0e444,3,54.9,164.7
37bee97c-f03b-4300-88b6-74ae2be2f041,VENTE_CLIENT,RECUE,2026-01-03 15:37:00,4b036e43-3c29-4f80-bddb-d0b09c2ddfae,1,16.9,16.9
e57d4bcd-559a-4bdd-823d-6ecc278dcb1b,VENTE_CLIENT,RECUE,2026-01-16 18:48:00,05c220e2-16b4-44dc-b5fd-5c6af2a0e444,2,54.9,109.8
e57d4bcd-559a-4bdd-823d-6ecc278dcb1b,VENTE_CLIENT,RECUE,2026-01-16 18:48:00,b1d3e895-75e6-42ad-a3f8-6bd8b9d22be8,2,39.9,79.8
9b589d90-9677-44e5-a7ff-010d9f8a94c7,VENTE_CLIENT,RECUE,2026-01-12 15:45:00,394e86b1-2529-4787-99f0-efc1a9651537,2,9.9,19.8
f7715eb8-afe3-478b-bb97-b3f3ba2938c3,VENTE_CLIENT,ANNULEE,2026-01-03 07:17:00,394e86b1-2529-4787-99f0-efc1a9651537,2,9.9,19.8
20db878a-c3fe-4cef-96bb-1945857deedb,VENTE_CLIENT,RECUE,2026-01-16 08:47:00,05c220e2-16b4-44dc-b5fd-5c6af2a0e444,3,54.9,164.7
2037dd33-517f-4693-85bd-bd34828b4226,VENTE_CLIENT,RECUE,2026-01-14 08:06:00,b1d3e895-75e6-42ad-a3f8-6bd8b9d22be8,3,39.9,119.69999999999999
b494a1b0-1b84-4156-baeb-bfa79da17913,VENTE_CLIENT,RECUE,2026-01-08 09:09:00,82c9b156-9e48-4772-b6a4-610f88eed060,3,14.9,44.7
b494a1b0-1b84-4156-baeb-bfa79da17913,VENTE_CLIENT,RECUE,2026-01-08 09:09:00,3cfcc465-ff37-402e-9c1b-ba5d3ea94f01,3,44.9,134.7
659ee9b3-2093-416d-991b-cf96122aa4c6,VENTE_CLIENT,RECUE,2026-01-02 14:25:00,2f9f7915-0f2d-4aa0-98fa-fbff272def4e,2,14.9,29.8
e271c7b4-6516-4d8c-a7ff-2b60cf2d795b,VENTE_CLIENT,RECUE,2026-01-25 12:36:00,82c9b156-9e48-4772-b6a4-610f88eed060,3,14.9,44.7
175bb860-2bc0-427b-95aa-deed04fd622e,VENTE_CLIENT,RECUE,2026-01-05 15:57:00,394e86b1-2529-4787-99f0-efc1a9651537,3,9.9,29.700000000000003
4accd6dc-dba9-46ca-8e30-9ff38f9e015c,VENTE_CLIENT,RECUE,2026-01-04 10:18:00,61fa2627-0c32-4b7e-867e-a04aaeaf12aa,1,14.9,14.9
37656f77-eb22-4e2b-84b7-13efaa498830,VENTE_CLIENT,RECUE,2026-01-24 13:06:00,3d69487c-f6bf-4558-b7c5-86dfd5caedb4,1,12.9,12.9
654a0c1b-8417-40fd-9bd7-22346bc6884b,VENTE_CLIENT,RECUE,2026-01-21 17:14:00,dbee0582-7f92-49c0-b98d-beef835602c0,2,19.9,39.8
1647b14b-329e-4bc9-b3bd-341f8fc09768,VENTE_CLIENT,RECUE,2026-01-17 15:25:00,eac55e82-4cf3-480b-8940-f858c7db0400,1,14.9,14.9
1647b14b-329e-4bc9-b3bd-341f8fc09768,VENTE_CLIENT,RECUE,2026-01-17 15:25:00,3cfcc465-ff37-402e-9c1b-ba5d3ea94f01,2,44.9,89.8
395d06b2-06ee-469f-aa86-e6bd85e2593e,VENTE_CLIENT,RECUE,2026-01-17 14:32:00,61fa2627-0c32-4b7e-867e-a04aaeaf12aa,3,14.9,44.7
395d06b2-06ee-469f-aa86-e6bd85e2593e,VENTE_CLIENT,RECUE,2026-01-17 14:32:00,1d4729fb-527d-4107-b1d8-d718e7f64323,2,44.9,89.8
0d07c89b-40a6-4731-bd6a-151859a7b35f,VENTE_CLIENT,RECUE,2026-01-22 07:27:00,3d69487c-f6bf-4558-b7c5-86dfd5caedb4,3,12.9,38.7
0d07c89b-40a6-4731-bd6a-151859a7b35f,VENTE_CLIENT,RECUE,2026-01-22 07:27:00,6807df5e-79b3-4b3d-ad75-2360dc5da848,2,39.9,79.8
12dead15-4052-4ba8-b781-4e443deb5e70,VENTE_CLIENT,RECUE,2026-01-05 09:53:00,b1d3e895-75e6-42ad-a3f8-6bd8b9d22be8,3,39.9,119.69999999999999
156db57d-90ec-4f58-abcd-66b64fb53e87,VENTE_CLIENT,ANNULEE,2026-01-23 18:16:00,80736db9-6fe9-46c5-b942-d8e6d8873264,1,24.9,24.9
51f671e3-efb5-471b-8176-e1ea670b043a,VENTE_CLIENT,RECUE,2026-01-04 07:25:00,6807df5e-79b3-4b3d-ad75-2360dc5da848,3,39.9,119.69999999999999
23968843-7a54-4b50-b4d8-78812cd74815,VENTE_CLIENT,RECUE,2026-01-09 17:59:00,eac55e82-4cf3-480b-8940-f858c7db0400,3,14.9,44.7
4ad53b8c-34e7-483e-b94c-1b64697289b5,VENTE_CLIENT,RECUE,2026-01-23 18:48:00,eac55e82-4cf3-480b-8940-f858c7db0400,2,14.9,29.8
cad0117e-072d-443a-9c28-13b22b9f7a89,VENTE_CLIENT,RECUE,2026-01-27 11:18:00,eac55e82-4cf3-480b-8940-f858c7db0400,2,14.9,29.8
aadc6a4d-c442-46ee-b408-827df6348b58,VENTE_CLIENT,RECUE,2026-01-19 12:41:00,eac55e82-4cf3-480b-8940-f858c7db0400,1,14.9,14.9
915e4524-fa35-4161-a433-a793a0e62544,VENTE_CLIENT,RECUE,2026-01-12 07:54:00,2f9f7915-0f2d-4aa0-98fa-fbff272def4e,2,14.9,29.8
3de02672-9884-4515-bbd9-6c5834eca7c7,VENTE_CLIENT,RECUE,2026-01-24 18:12:00,eac55e82-4cf3-480b-8940-f858c7db0400,2,14.9,29.8
3de02672-9884-4515-bbd9-6c5834eca7c7,VENTE_CLIENT,RECUE,2026-01-24 18:12:00,dbee0582-7f92-49c0-b98d-beef835602c0,1,19.9,19.9
fe117e57-1dbc-4b88-9cf5-f5a5363e7fe5,VENTE_CLIENT,RECUE,2026-01-02 07:34:00,6807df5e-79b3-4b3d-ad75-2360dc5da848,2,39.9,79.8
ac94d7a7-f0b4-4f02-8d77-dc2486ec9d4c,VENTE_CLIENT,RECUE,2026-01-22 14:43:00,05c220e2-16b4-44dc-b5fd-5c6af2a0e444,3,54.9,164.7
89dbfb35-0a03-450a-9a8a-6b6c143421a3,VENTE_CLIENT,RECUE,2026-01-02 09:21:00,b1d3e895-75e6-42ad-a3f8-6bd8b9d22be8,2,39.9,79.8
2658ab8d-24b4-4314-982f-92a534acb163,VENTE_CLIENT,RECUE,2026-01-03 13:11:00,6807df5e-79b3-4b3d-ad75-2360dc5da848,3,39.9,119.69999999999999
453e733b-46c3-4a00-b73f-770319d7d307,VENTE_CLIENT,RECUE,2026-01-21 13:41:00,61fa2627-0c32-4b7e-867e-a04aaeaf12aa,2,14.9,29.8
6f48b5c7-76e4-4ca5-b98b-794ee5d3caa8,VENTE_CLIENT,RECUE,2026-01-18 13:45:00,b1d3e895-75e6-42ad-a3f8-6bd8b9d22be8,3,39.9,119.69999999999999
9f00ee58-0776-46f2-9fd7-a87f38e6e51d,VENTE_CLIENT,RECUE,2026-01-06 11:47:00,3cfcc465-ff37-402e-9c1b-ba5d3ea94f01,3,44.9,134.7
9f00ee58-0776-46f2-9fd7-a87f38e6e51d,VENTE_CLIENT,RECUE,2026-01-06 11:47:00,eac55e82-4cf3-480b-8940-f858c7db0400,1,14.9,14.9
0d92276a-1a80-4426-811d-f28243afb6ac,VENTE_CLIENT,RECUE,2026-01-12 13:08:00,3d69487c-f6bf-4558-b7c5-86dfd5caedb4,1,12.9,12.9
2eddf94c-4e1a-4035-ae04-fbff3f509895,VENTE_CLIENT,RECUE,2026-01-03 13:18:00,3d69487c-f6bf-4558-b7c5-86dfd5caedb4,1,12.9,12.9
398257f0-e1c6-495d-9d10-e939c492e96b,VENTE_CLIENT,RECUE,2026-01-03 09:36:00,6807df5e-79b3-4b3d-ad75-2360dc5da848,3,39.9,119.69999999999999
181a2231-4519-4ad5-ab3d-0a98c36d4fdb,VENTE_CLIENT,RECUE,2026-01-03 08:53:00,82c9b156-9e48-4772-b6a4-610f88eed060,2,14.9,29.8
fc49962e-efd0-4719-a7ec-820f1022176a,ACHAT_FOURNISSEUR,RECUE,2026-02-20 09:28:00,394e86b1-2529-4787-99f0-efc1a9651537,20,3.0,60.0
d2f555f9-9133-4ffe-a419-11d1a17d96ef,ACHAT_FOURNISSEUR,RECUE,2026-02-10 13:55:00,82c9b156-9e48-4772-b6a4-610f88eed060,8,6.0,48.0
d2f555f9-9133-4ffe-a419-11d1a17d96ef,ACHAT_FOURNISSEUR,RECUE,2026-02-10 13:55:00,3cfcc465-ff37-402e-9c1b-ba5d3ea94f01,10,18.0,180.0
39cf788d-835c-421a-9c7a-298487831d3a,ACHAT_FOURNISSEUR,RECUE,2026-02-07 14:32:00,61fa2627-0c32-4b7e-867e-a04aaeaf12aa,19,6.0,114.0
05ee9944-2243-4911-a84b-48d7cbd683f8,ACHAT_FOURNISSEUR,RECUE,2026-02-16 14:49:00,394e86b1-2529-4787-99f0-efc1a9651537,20,3.0,60.0
e39f884d-caef-4e7e-870f-64b70cb2badf,ACHAT_FOURNISSEUR,RECUE,2026-02-12 07:05:00,4b036e43-3c29-4f80-bddb-d0b09c2ddfae,21,5.0,105.0
2fd7aad8-86c9-474f-ae01-0cc15ea6f0e6,ACHAT_FOURNISSEUR,RECUE,2026-02-12 12:49:00,1d4729fb-527d-4107-b1d8-d718e7f64323,24,18.0,432.0
c86f63ae-06f4-4529-84c8-3212c303dfec,ACHAT_FOURNISSEUR,RECUE,2026-02-06 11:26:00,05c220e2-16b4-44dc-b5fd-5c6af2a0e444,23,22.0,506.0
5e245c03-ed4c-44f6-bb7b-0fb106443caf,ACHAT_FOURNISSEUR,RECUE,2026-02-12 07:07:00,3d69487c-f6bf-4558-b7c5-86dfd5caedb4,13,4.0,52.0
5e245c03-ed4c-44f6-bb7b-0fb106443caf,ACHAT_FOURNISSEUR,RECUE,2026-02-12 07:07:00,4b036e43-3c29-4f80-bddb-d0b09c2ddfae,8,5.0,40.0
90ad03d1-ff49-47a6-bc8d-6532bf111b4a,ACHAT_FOURNISSEUR,RECUE,2026-02-21 11:12:00,3cfcc465-ff37-402e-9c1b-ba5d3ea94f01,12,18.0,216.0
90ad03d1-ff49-47a6-bc8d-6532bf111b4a,ACHAT_FOURNISSEUR,RECUE,2026-02-21 11:12:00,80736db9-6fe9-46c5-b942-d8e6d8873264,11,9.0,99.0
f7fb7009-7224-4930-b90e-383abee33bc4,VENTE_CLIENT,RECUE,2026-02-23 13:58:00,4b036e43-3c29-4f80-bddb-d0b09c2ddfae,3,16.9,50.699999999999996
0548b35f-2ecc-48e1-b73f-cab1b7c1f7df,VENTE_CLIENT,RECUE,2026-02-26 11:53:00,2f9f7915-0f2d-4aa0-98fa-fbff272def4e,1,14.9,14.9
ce937ff6-9626-4c5c-a6fb-93aaa26548fd,VENTE_CLIENT,RECUE,2026-02-20 12:21:00,4b036e43-3c29-4f80-bddb-d0b09c2ddfae,3,16.9,50.699999999999996
ce937ff6-9626-4c5c-a6fb-93aaa26548fd,VENTE_CLIENT,RECUE,2026-02-20 12:21:00,394e86b1-2529-4787-99f0-efc1a9651537,1,9.9,9.9
84e0df3f-63a7-4130-a522-ce7b8c82d8a0,VENTE_CLIENT,RECUE,2026-02-08 08:43:00,82c9b156-9e48-4772-b6a4-610f88eed060,2,14.9,29.8
c3faf226-5b61-43de-8d1c-7dc84392126e,VENTE_CLIENT,RECUE,2026-02-10 10:15:00,4b036e43-3c29-4f80-bddb-d0b09c2ddfae,3,16.9,50.699999999999996
3a32bb72-0686-4b00-a48b-8a150fd38551,VENTE_CLIENT,RECUE,2026-02-13 17:53:00,82c9b156-9e48-4772-b6a4-610f88eed060,1,14.9,14.9
ed937512-2272-4885-8049-592a4a985e3a,VENTE_CLIENT,ANNULEE,2026-02-01 15:23:00,6807df5e-79b3-4b3d-ad75-2360dc5da848,2,39.9,79.8
ed937512-2272-4885-8049-592a4a985e3a,VENTE_CLIENT,ANNULEE,2026-02-01 15:23:00,394e86b1-2529-4787-99f0-efc1a9651537,3,9.9,29.700000000000003
6a398aad-48aa-47ce-8cf8-8fea0f3ce0c2,VENTE_CLIENT,RECUE,2026-02-08 09:00:00,05c220e2-16b4-44dc-b5fd-5c6af2a0e444,2,54.9,109.8
5c9335f5-c63d-409b-ac65-8ba118fee289,VENTE_CLIENT,RECUE,2026-02-12 13:54:00,6807df5e-79b3-4b3d-ad75-2360dc5da848,3,39.9,119.69999999999999
5c9335f5-c63d-409b-ac65-8ba118fee289,VENTE_CLIENT,RECUE,2026-02-12 13:54:00,394e86b1-2529-4787-99f0-efc1a9651537,3,9.9,29.700000000000003
5a1b51a8-0db9-4996-b26f-65e64b164ef3,VENTE_CLIENT,RECUE,2026-02-06 07:54:00,6807df5e-79b3-4b3d-ad75-2360dc5da848,3,39.9,119.69999999999999
5a1b51a8-0db9-4996-b26f-65e64b164ef3,VENTE_CLIENT,RECUE,2026-02-06 07:54:00,4b036e43-3c29-4f80-bddb-d0b09c2ddfae,2,16.9,33.8
acddf851-cc9d-456c-9019-bc7e8ca5c605,VENTE_CLIENT,RECUE,2026-02-09 18:40:00,eac55e82-4cf3-480b-8940-f858c7db0400,1,14.9,14.9
99e68e21-fda9-4eb8-9a51-d99e01fe6235,VENTE_CLIENT,RECUE,2026-02-13 07:05:00,b1d3e895-75e6-42ad-a3f8-6bd8b9d22be8,1,39.9,39.9
99e68e21-fda9-4eb8-9a51-d99e01fe6235,VENTE_CLIENT,RECUE,2026-02-13 07:05:00,394e86b1-2529-4787-99f0-efc1a9651537,2,9.9,19.8
6249174e-c40a-45ab-9679-12bcdfc9f8b0,VENTE_CLIENT,RECUE,2026-02-13 07:56:00,1d4729fb-527d-4107-b1d8-d718e7f64323,2,44.9,89.8
6249174e-c40a-45ab-9679-12bcdfc9f8b0,VENTE_CLIENT,RECUE,2026-02-13 07:56:00,2f9f7915-0f2d-4aa0-98fa-fbff272def4e,3,14.9,44.7
767de05a-aa1a-4e18-9b08-a9d3ac518196,VENTE_CLIENT,RECUE,2026-02-12 10:05:00,82c9b156-9e48-4772-b6a4-610f88eed060,3,14.9,44.7
767de05a-aa1a-4e18-9b08-a9d3ac518196,VENTE_CLIENT,RECUE,2026-02-12 10:05:00,394e86b1-2529-4787-99f0-efc1a9651537,2,9.9,19.8
4f3d490d-45e8-4bfc-8bb2-a23096c6e97b,VENTE_CLIENT,RECUE,2026-02-02 13:03:00,6807df5e-79b3-4b3d-ad75-2360dc5da848,1,39.9,39.9
5c6c4b6e-d7ab-46c2-b843-4328fead33f0,VENTE_CLIENT,RECUE,2026-02-24 07:40:00,dbee0582-7f92-49c0-b98d-beef835602c0,3,19.9,59.699999999999996
bc838e8a-f715-4b74-bb27-ace35f8d70ae,VENTE_CLIENT,RECUE,2026-02-10 18:15:00,b1d3e895-75e6-42ad-a3f8-6bd8b9d22be8,3,39.9,119.69999999999999
bc838e8a-f715-4b74-bb27-ace35f8d70ae,VENTE_CLIENT,RECUE,2026-02-10 18:15:00,eac55e82-4cf3-480b-8940-f858c7db0400,3,14.9,44.7
77860e98-f579-4941-a9ce-076a61eb9089,VENTE_CLIENT,RECUE,2026-02-10 11:52:00,6807df5e-79b3-4b3d-ad75-2360dc5da848,1,39.9,39.9
db7c1bf0-3ae6-424a-af8c-133eab0493f9,VENTE_CLIENT,RECUE,2026-02-28 09:04:00,4b036e43-3c29-4f80-bddb-d0b09c2ddfae,1,16.9,16.9
db7c1bf0-3ae6-424a-af8c-133eab0493f9,VENTE_CLIENT,RECUE,2026-02-28 09:04:00,b1d3e895-75e6-42ad-a3f8-6bd8b9d22be8,3,39.9,119.69999999999999
08ed906a-5e42-4270-9c0b-7a2b25318fc8,VENTE_CLIENT,RECUE,2026-02-18 11:25:00,6807df5e-79b3-4b3d-ad75-2360dc5da848,3,39.9,119.69999999999999
32c2403d-cb3d-46e7-af73-2b933f277a3a,VENTE_CLIENT,RECUE,2026-02-25 07:22:00,05c220e2-16b4-44dc-b5fd-5c6af2a0e444,3,54.9,164.7
f2e78bca-b6d3-421d-9db3-978a636a7dfc,VENTE_CLIENT,RECUE,2026-02-25 10:53:00,05c220e2-16b4-44dc-b5fd-5c6af2a0e444,3,54.9,164.7
f2e78bca-b6d3-421d-9db3-978a636a7dfc,VENTE_CLIENT,RECUE,2026-02-25 10:53:00,6807df5e-79b3-4b3d-ad75-2360dc5da848,2,39.9,79.8
ba71bcf4-740c-43c4-9dcd-9e754097a485,VENTE_CLIENT,RECUE,2026-02-13 16:11:00,1d4729fb-527d-4107-b1d8-d718e7f64323,3,44.9,134.7
ba71bcf4-740c-43c4-9dcd-9e754097a485,VENTE_CLIENT,RECUE,2026-02-13 16:11:00,dbee0582-7f92-49c0-b98d-beef835602c0,1,19.9,19.9
074bd08c-c890-4e8e-bd3d-bb431d8fc8c3,VENTE_CLIENT,RECUE,2026-02-11 07:24:00,3cfcc465-ff37-402e-9c1b-ba5d3ea94f01,2,44.9,89.8
f35d3644-3266-4a88-9e9b-678ce1b69876,VENTE_CLIENT,RECUE,2026-02-23 18:17:00,82c9b156-9e48-4772-b6a4-610f88eed060,2,14.9,29.8
f35d3644-3266-4a88-9e9b-678ce1b69876,VENTE_CLIENT,RECUE,2026-02-23 18:17:00,4b036e43-3c29-4f80-bddb-d0b09c2ddfae,1,16.9,16.9
c6991d9f-01ad-4799-b376-e504d244e790,VENTE_CLIENT,RECUE,2026-02-22 16:54:00,3cfcc465-ff37-402e-9c1b-ba5d3ea94f01,2,44.9,89.8
c6991d9f-01ad-4799-b376-e504d244e790,VENTE_CLIENT,RECUE,2026-02-22 16:54:00,b1d3e895-75e6-42ad-a3f8-6bd8b9d22be8,3,39.9,119.69999999999999
a262c137-f9ad-4a47-b44a-e6a7d8b75f64,VENTE_CLIENT,RECUE,2026-02-15 08:50:00,4b036e43-3c29-4f80-bddb-d0b09c2ddfae,1,16.9,16.9
9c6e0c28-1438-42bf-bec1-bf2cd81fca19,VENTE_CLIENT,RECUE,2026-02-19 17:16:00,82c9b156-9e48-4772-b6a4-610f88eed060,3,14.9,44.7
83ed9c4c-4d48-466b-a556-5fd97be8b466,VENTE_CLIENT,RECUE,2026-02-11 17:34:00,6807df5e-79b3-4b3d-ad75-2360dc5da848,3,39.9,119.69999999999999
7b1d0f6b-5b96-4346-9d91-1b1abcf14451,VENTE_CLIENT,ANNULEE,2026-02-28 07:52:00,3cfcc465-ff37-402e-9c1b-ba5d3ea94f01,2,44.9,89.8
7b1d0f6b-5b96-4346-9d91-1b1abcf14451,VENTE_CLIENT,ANNULEE,2026-02-28 07:52:00,6807df5e-79b3-4b3d-ad75-2360dc5da848,3,39.9,119.69999999999999
27072f0d-0cee-42b5-ad94-dbb2bc6a7e76,VENTE_CLIENT,RECUE,2026-02-23 07:39:00,3cfcc465-ff37-402e-9c1b-ba5d3ea94f01,2,44.9,89.8
beb29381-f065-4e60-a457-3739b81be0f9,VENTE_CLIENT,RECUE,2026-02-15 09:05:00,6807df5e-79b3-4b3d-ad75-2360dc5da848,3,39.9,119.69999999999999
27b91fd2-7bb0-4e23-b15e-d1f3056c4325,VENTE_CLIENT,RECUE,2026-02-22 09:40:00,4b036e43-3c29-4f80-bddb-d0b09c2ddfae,2,16.9,33.8
6f7dc3e3-b9c5-46e3-a1e3-abc0025b416c,VENTE_CLIENT,RECUE,2026-02-10 09:15:00,4b036e43-3c29-4f80-bddb-d0b09c2ddfae,1,16.9,16.9
4fb38ee6-f6ed-4dd2-b9a6-576222f7eb3c,VENTE_CLIENT,RECUE,2026-02-15 09:38:00,4b036e43-3c29-4f80-bddb-d0b09c2ddfae,2,16.9,33.8
4fb38ee6-f6ed-4dd2-b9a6-576222f7eb3c,VENTE_CLIENT,RECUE,2026-02-15 09:38:00,1d4729fb-527d-4107-b1d8-d718e7f64323,2,44.9,89.8
8ef8cca8-9bb7-4ddf-aaff-b2fe20471375,VENTE_CLIENT,ANNULEE,2026-02-05 07:38:00,3d69487c-f6bf-4558-b7c5-86dfd5caedb4,2,12.9,25.8
8ef8cca8-9bb7-4ddf-aaff-b2fe20471375,VENTE_CLIENT,ANNULEE,2026-02-05 07:38:00,3cfcc465-ff37-402e-9c1b-ba5d3ea94f01,1,44.9,44.9
018e3003-447e-499b-9245-761838b89b82,VENTE_CLIENT,RECUE,2026-02-07 14:41:00,394e86b1-2529-4787-99f0-efc1a9651537,1,9.9,9.9
61549463-a320-4ebb-abe3-02343ea8d670,VENTE_CLIENT,RECUE,2026-02-09 16:30:00,1d4729fb-527d-4107-b1d8-d718e7f64323,3,44.9,134.7
61549463-a320-4ebb-abe3-02343ea8d670,VENTE_CLIENT,RECUE,2026-02-09 16:30:00,b1d3e895-75e6-42ad-a3f8-6bd8b9d22be8,3,39.9,119.69999999999999
2b76b1c6-4518-4fc8-9e8c-555cf427efe7,VENTE_CLIENT,RECUE,2026-02-03 13:23:00,3cfcc465-ff37-402e-9c1b-ba5d3ea94f01,1,44.9,44.9
2b76b1c6-4518-4fc8-9e8c-555cf427efe7,VENTE_CLIENT,RECUE,2026-02-03 13:23:00,05c220e2-16b4-44dc-b5fd-5c6af2a0e444,2,54.9,109.8
29742889-3ac7-4acc-9233-172cdfcd4699,VENTE_CLIENT,RECUE,2026-02-12 15:14:00,1d4729fb-527d-4107-b1d8-d718e7f64323,3,44.9,134.7
29742889-3ac7-4acc-9233-172cdfcd4699,VENTE_CLIENT,RECUE,2026-02-12 15:14:00,eac55e82-4cf3-480b-8940-f858c7db0400,3,14.9,44.7
eba50bbc-f55a-4021-9015-d6f53066c933,VENTE_CLIENT,RECUE,2026-02-10 15:26:00,394e86b1-2529-4787-99f0-efc1a9651537,2,9.9,19.8
de006e49-42c0-47f5-aa42-44b98ddc494a,VENTE_CLIENT,RECUE,2026-02-28 11:42:00,1d4729fb-527d-4107-b1d8-d718e7f64323,3,44.9,134.7
c2dcf7fb-7ec7-4dd3-b2ad-e91fc36c7b84,VENTE_CLIENT,ANNULEE,2026-02-21 18:05:00,3cfcc465-ff37-402e-9c1b-ba5d3ea94f01,1,44.9,44.9
c2dcf7fb-7ec7-4dd3-b2ad-e91fc36c7b84,VENTE_CLIENT,ANNULEE,2026-02-21 18:05:00,394e86b1-2529-4787-99f0-efc1a9651537,3,9.9,29.700000000000003
c014ef67-fe0f-4299-b898-a751e6d58411,VENTE_CLIENT,RECUE,2026-02-28 14:33:00,82c9b156-9e48-4772-b6a4-610f88eed060,3,14.9,44.7
3e706615-d35d-4449-98e6-3b86d3c932be,VENTE_CLIENT,RECUE,2026-02-14 13:59:00,4b036e43-3c29-4f80-bddb-d0b09c2ddfae,2,16.9,33.8
3fb6aa5f-cec4-4329-954e-73b8a6c53333,VENTE_CLIENT,RECUE,2026-02-05 10:13:00,61fa2627-0c32-4b7e-867e-a04aaeaf12aa,2,14.9,29.8
3fb6aa5f-cec4-4329-954e-73b8a6c53333,VENTE_CLIENT,RECUE,2026-02-05 10:13:00,4b036e43-3c29-4f80-bddb-d0b09c2ddfae,2,16.9,33.8
d72a5528-9cdb-459f-a34b-934c1254ba3b,VENTE_CLIENT,RECUE,2026-02-11 17:24:00,61fa2627-0c32-4b7e-867e-a04aaeaf12aa,2,14.9,29.8
a199c079-bf47-44f5-9bfb-03aa73b1c2b2,VENTE_CLIENT,RECUE,2026-02-08 18:39:00,4b036e43-3c29-4f80-bddb-d0b09c2ddfae,2,16.9,33.8
77bca145-f64c-4551-900f-abcbf39d2fcf,VENTE_CLIENT,RECUE,2026-02-12 15:35:00,4b036e43-3c29-4f80-bddb-d0b09c2ddfae,1,16.9,16.9
a64f6453-8d44-4499-8110-d7c7bcfffe78,VENTE_CLIENT,RECUE,2026-02-19 11:15:00,61fa2627-0c32-4b7e-867e-a04aaeaf12aa,1,14.9,14.9
a64f6453-8d44-4499-8110-d7c7bcfffe78,VENTE_CLIENT,RECUE,2026-02-19 11:15:00,394e86b1-2529-4787-99f0-efc1a9651537,3,9.9,29.700000000000003
2c7798aa-7eb3-4951-9575-ebabe49e93ff,VENTE_CLIENT,RECUE,2026-02-06 12:21:00,2f9f7915-0f2d-4aa0-98fa-fbff272def4e,1,14.9,14.9
2c7798aa-7eb3-4951-9575-ebabe49e93ff,VENTE_CLIENT,RECUE,2026-02-06 12:21:00,3cfcc465-ff37-402e-9c1b-ba5d3ea94f01,3,44.9,134.7
a6dcc044-87f6-4e00-a930-f3c821a55140,VENTE_CLIENT,RECUE,2026-02-01 07:44:00,05c220e2-16b4-44dc-b5fd-5c6af2a0e444,1,54.9,54.9
a6dcc044-87f6-4e00-a930-f3c821a55140,VENTE_CLIENT,RECUE,2026-02-01 07:44:00,1d4729fb-527d-4107-b1d8-d718e7f64323,3,44.9,134.7
c64424f9-bb1b-45df-a4f6-50951c979806,VENTE_CLIENT,RECUE,2026-02-10 18:53:00,b1d3e895-75e6-42ad-a3f8-6bd8b9d22be8,3,39.9,119.69999999999999
2b75bd2f-30ea-46f7-a5b5-fcc64418062e,VENTE_CLIENT,RECUE,2026-02-23 09:42:00,4b036e43-3c29-4f80-bddb-d0b09c2ddfae,3,16.9,50.699999999999996
2b75bd2f-30ea-46f7-a5b5-fcc64418062e,VENTE_CLIENT,RECUE,2026-02-23 09:42:00,1d4729fb-527d-4107-b1d8-d718e7f64323,1,44.9,44.9
6464e54f-0c28-4183-8f34-0a85a5783982,VENTE_CLIENT,RECUE,2026-02-02 10:48:00,61fa2627-0c32-4b7e-867e-a04aaeaf12aa,1,14.9,14.9
6464e54f-0c28-4183-8f34-0a85a5783982,VENTE_CLIENT,RECUE,2026-02-02 10:48:00,3d69487c-f6bf-4558-b7c5-86dfd5caedb4,2,12.9,25.8
4dd532ce-e082-412d-9dcf-1a063f67999f,VENTE_CLIENT,RECUE,2026-02-28 14:35:00,82c9b156-9e48-4772-b6a4-610f88eed060,2,14.9,29.8
c72aa22d-3551-42d9-ba36-5986e72c392d,VENTE_CLIENT,RECUE,2026-02-25 11:53:00,2f9f7915-0f2d-4aa0-98fa-fbff272def4e,1,14.9,14.9
07566e28-b122-41fa-99c0-e5467be7ead1,VENTE_CLIENT,RECUE,2026-02-04 09:48:00,3cfcc465-ff37-402e-9c1b-ba5d3ea94f01,1,44.9,44.9
b613c8c5-b13f-4b6c-9a9e-163b86941918,VENTE_CLIENT,RECUE,2026-02-28 09:49:00,1d4729fb-527d-4107-b1d8-d718e7f64323,1,44.9,44.9
2aed04a1-35c3-4589-aac2-d0208f569ba0,VENTE_CLIENT,RECUE,2026-02-26 15:51:00,b1d3e895-75e6-42ad-a3f8-6bd8b9d22be8,3,39.9,119.69999999999999
2aed04a1-35c3-4589-aac2-d0208f569ba0,VENTE_CLIENT,RECUE,2026-02-26 15:51:00,6807df5e-79b3-4b3d-ad75-2360dc5da848,1,39.9,39.9
2ebdb8de-dd4a-4f95-a728-243d0c3cb47a,VENTE_CLIENT,RECUE,2026-02-25 18:30:00,6807df5e-79b3-4b3d-ad75-2360dc5da848,3,39.9,119.69999999999999
aadce01e-24c5-49c9-872d-1d68dbc0cf65,VENTE_CLIENT,RECUE,2026-02-01 10:43:00,394e86b1-2529-4787-99f0-efc1a9651537,3,9.9,29.700000000000003
a950670a-3ae4-4f52-91b6-fb714c3f4a30,VENTE_CLIENT,RECUE,2026-02-21 09:11:00,05c220e2-16b4-44dc-b5fd-5c6af2a0e444,1,54.9,54.9
b771e807-dde5-43af-85e0-d71d848f8377,VENTE_CLIENT,RECUE,2026-02-24 18:55:00,394e86b1-2529-4787-99f0-efc1a9651537,1,9.9,9.9
7c162988-cfd2-4c0c-809c-5333dad99ae1,VENTE_CLIENT,RECUE,2026-02-21 13:24:00,394e86b1-2529-4787-99f0-efc1a9651537,1,9.9,9.9
7c162988-cfd2-4c0c-809c-5333dad99ae1,VENTE_CLIENT,RECUE,2026-02-21 13:24:00,1d4729fb-527d-4107-b1d8-d718e7f64323,2,44.9,89.8
f4502ccd-1bd4-432e-9be5-6f9d799982fb,VENTE_CLIENT,RECUE,2026-02-09 10:04:00,dbee0582-7f92-49c0-b98d-beef835602c0,1,19.9,19.9
f4502ccd-1bd4-432e-9be5-6f9d799982fb,VENTE_CLIENT,RECUE,2026-02-09 10:04:00,1d4729fb-527d-4107-b1d8-d718e7f64323,1,44.9,44.9
920a227a-a452-4a70-a02b-04854215d0d5,VENTE_CLIENT,RECUE,2026-02-23 18:30:00,b1d3e895-75e6-42ad-a3f8-6bd8b9d22be8,1,39.9,39.9
d23e1bb0-73b4-4bf9-b82f-770d54818c1c,VENTE_CLIENT,RECUE,2026-02-05 17:06:00,3cfcc465-ff37-402e-9c1b-ba5d3ea94f01,3,44.9,134.7
d23e1bb0-73b4-4bf9-b82f-770d54818c1c,VENTE_CLIENT,RECUE,2026-02-05 17:06:00,6807df5e-79b3-4b3d-ad75-2360dc5da848,2,39.9,79.8
b0ea3147-a069-40fe-94a8-988c50d8fcc1,ACHAT_FOURNISSEUR,RECUE,2026-03-13 08:06:00,05c220e2-16b4-44dc-b5fd-5c6af2a0e444,24,22.0,528.0
1a6b4bfd-949f-46b9-b7c6-592ca6afe0ae,ACHAT_FOURNISSEUR,RECUE,2026-03-08 13:34:00,61fa2627-0c32-4b7e-867e-a04aaeaf12aa,10,6.0,60.0
1a6b4bfd-949f-46b9-b7c6-592ca6afe0ae,ACHAT_FOURNISSEUR,RECUE,2026-03-08 13:34:00,1d4729fb-527d-4107-b1d8-d718e7f64323,13,18.0,234.0
38b3bca6-1cf1-4648-b664-61f2d78ff3e3,ACHAT_FOURNISSEUR,RECUE,2026-03-30 14:30:00,2f9f7915-0f2d-4aa0-98fa-fbff272def4e,23,6.0,138.0
b6c04614-f694-477d-b08c-af2176136179,ACHAT_FOURNISSEUR,RECUE,2026-03-31 09:35:00,2f9f7915-0f2d-4aa0-98fa-fbff272def4e,21,6.0,126.0
30a74df5-36b0-43d0-b968-d788f562bc5a,ACHAT_FOURNISSEUR,RECUE,2026-03-10 07:46:00,05c220e2-16b4-44dc-b5fd-5c6af2a0e444,13,22.0,286.0
30a74df5-36b0-43d0-b968-d788f562bc5a,ACHAT_FOURNISSEUR,RECUE,2026-03-10 07:46:00,61fa2627-0c32-4b7e-867e-a04aaeaf12aa,8,6.0,48.0
a77686c4-5d9c-4071-bf3a-d9060ed59d7b,ACHAT_FOURNISSEUR,RECUE,2026-03-07 16:34:00,1d4729fb-527d-4107-b1d8-d718e7f64323,22,18.0,396.0
59dc6a59-a62c-44d2-9d7d-5abe4a982bf1,ACHAT_FOURNISSEUR,RECUE,2026-03-08 10:39:00,6807df5e-79b3-4b3d-ad75-2360dc5da848,22,15.0,330.0
6bedb763-4239-4f8a-a391-f4adb9a2f0d6,ACHAT_FOURNISSEUR,RECUE,2026-03-31 17:27:00,2f9f7915-0f2d-4aa0-98fa-fbff272def4e,12,6.0,72.0
6bedb763-4239-4f8a-a391-f4adb9a2f0d6,ACHAT_FOURNISSEUR,RECUE,2026-03-31 17:27:00,82c9b156-9e48-4772-b6a4-610f88eed060,14,6.0,84.0
b8b7c748-a5b6-4364-b5bc-03ede6098062,ACHAT_FOURNISSEUR,RECUE,2026-03-25 18:50:00,80736db9-6fe9-46c5-b942-d8e6d8873264,19,9.0,171.0
d77d6b68-e490-44cf-9d51-e826acc60133,VENTE_CLIENT,RECUE,2026-03-21 15:29:00,80736db9-6fe9-46c5-b942-d8e6d8873264,3,24.9,74.69999999999999
d77d6b68-e490-44cf-9d51-e826acc60133,VENTE_CLIENT,RECUE,2026-03-21 15:29:00,61fa2627-0c32-4b7e-867e-a04aaeaf12aa,3,14.9,44.7
50cf8965-35ec-4c71-93d3-06648a5b5c3b,VENTE_CLIENT,RECUE,2026-03-01 10:44:00,61fa2627-0c32-4b7e-867e-a04aaeaf12aa,1,14.9,14.9
50cf8965-35ec-4c71-93d3-06648a5b5c3b,VENTE_CLIENT,RECUE,2026-03-01 10:44:00,394e86b1-2529-4787-99f0-efc1a9651537,3,9.9,29.700000000000003
92cd445a-6fba-4f7e-bce7-81dfb9e2b650,VENTE_CLIENT,RECUE,2026-03-05 17:53:00,1d4729fb-527d-4107-b1d8-d718e7f64323,1,44.9,44.9
92cd445a-6fba-4f7e-bce7-81dfb9e2b650,VENTE_CLIENT,RECUE,2026-03-05 17:53:00,b1d3e895-75e6-42ad-a3f8-6bd8b9d22be8,1,39.9,39.9
75d0c74e-cdc4-4d74-9be0-535e87f845b6,VENTE_CLIENT,RECUE,2026-03-07 09:58:00,61fa2627-0c32-4b7e-867e-a04aaeaf12aa,2,14.9,29.8
7ee597c9-c9cc-4bea-9feb-17ccdc0f5268,VENTE_CLIENT,RECUE,2026-03-14 11:57:00,3cfcc465-ff37-402e-9c1b-ba5d3ea94f01,3,44.9,134.7
031912e4-fafa-4433-92ad-e05aa7356a44,VENTE_CLIENT,RECUE,2026-03-11 07:16:00,3d69487c-f6bf-4558-b7c5-86dfd5caedb4,3,12.9,38.7
08d2a3f7-5388-4808-9a67-3353c03cd535,VENTE_CLIENT,RECUE,2026-03-10 11:41:00,1d4729fb-527d-4107-b1d8-d718e7f64323,2,44.9,89.8
6da26a41-0512-4c53-9932-dd7a1e5591a2,VENTE_CLIENT,RECUE,2026-03-19 17:33:00,eac55e82-4cf3-480b-8940-f858c7db0400,1,14.9,14.9
300fe13c-b74f-471a-be11-9920b6b2cac4,VENTE_CLIENT,RECUE,2026-03-17 11:29:00,2f9f7915-0f2d-4aa0-98fa-fbff272def4e,3,14.9,44.7
c4180640-ff57-4ce6-829f-f83e2ffc66c9,VENTE_CLIENT,RECUE,2026-03-23 15:51:00,3d69487c-f6bf-4558-b7c5-86dfd5caedb4,1,12.9,12.9
618d3f60-f418-46a8-92ab-eb9bd8a0eb57,VENTE_CLIENT,RECUE,2026-03-31 12:43:00,82c9b156-9e48-4772-b6a4-610f88eed060,2,14.9,29.8
bd5818fc-71ad-4e03-b0c0-5449268c21db,VENTE_CLIENT,RECUE,2026-03-13 12:22:00,6807df5e-79b3-4b3d-ad75-2360dc5da848,2,39.9,79.8
f242cc35-04a4-4548-9e79-1aae4cd21970,VENTE_CLIENT,ANNULEE,2026-03-31 12:15:00,eac55e82-4cf3-480b-8940-f858c7db0400,2,14.9,29.8
9dcfc2d6-596a-44c0-90fd-4376ccb88f7e,VENTE_CLIENT,RECUE,2026-03-21 08:04:00,82c9b156-9e48-4772-b6a4-610f88eed060,2,14.9,29.8
9dcfc2d6-596a-44c0-90fd-4376ccb88f7e,VENTE_CLIENT,RECUE,2026-03-21 08:04:00,3d69487c-f6bf-4558-b7c5-86dfd5caedb4,3,12.9,38.7
8c3c9f58-265f-42c8-b91f-12b6d44b346b,VENTE_CLIENT,RECUE,2026-03-08 11:29:00,80736db9-6fe9-46c5-b942-d8e6d8873264,2,24.9,49.8
7fb70422-afde-434b-9ca2-a2e890d42334,VENTE_CLIENT,RECUE,2026-03-13 18:13:00,05c220e2-16b4-44dc-b5fd-5c6af2a0e444,3,54.9,164.7
7fb70422-afde-434b-9ca2-a2e890d42334,VENTE_CLIENT,RECUE,2026-03-13 18:13:00,80736db9-6fe9-46c5-b942-d8e6d8873264,2,24.9,49.8
4abf0723-93d2-4b17-8abc-bf8d35413569,VENTE_CLIENT,RECUE,2026-03-08 11:37:00,61fa2627-0c32-4b7e-867e-a04aaeaf12aa,1,14.9,14.9
92193f51-09d1-416d-a200-5a221f2a0a58,VENTE_CLIENT,RECUE,2026-03-07 12:52:00,3d69487c-f6bf-4558-b7c5-86dfd5caedb4,1,12.9,12.9
92193f51-09d1-416d-a200-5a221f2a0a58,VENTE_CLIENT,RECUE,2026-03-07 12:52:00,1d4729fb-527d-4107-b1d8-d718e7f64323,1,44.9,44.9
22c2fb36-13ec-4502-a58b-ab1c1345c914,VENTE_CLIENT,RECUE,2026-03-03 09:23:00,b1d3e895-75e6-42ad-a3f8-6bd8b9d22be8,1,39.9,39.9
0b956abc-f1bc-4b2e-822d-cc7da9ae0e37,VENTE_CLIENT,RECUE,2026-03-04 11:49:00,3cfcc465-ff37-402e-9c1b-ba5d3ea94f01,1,44.9,44.9
2dafb693-2eae-41ae-b757-c8de42c9133b,VENTE_CLIENT,RECUE,2026-03-05 16:46:00,eac55e82-4cf3-480b-8940-f858c7db0400,2,14.9,29.8
1cca4bc6-69f6-4848-83e4-ca1d49f725f3,VENTE_CLIENT,RECUE,2026-03-03 18:43:00,05c220e2-16b4-44dc-b5fd-5c6af2a0e444,2,54.9,109.8
aa6db43f-1544-4a05-82f0-a36ace394628,VENTE_CLIENT,RECUE,2026-03-23 07:17:00,2f9f7915-0f2d-4aa0-98fa-fbff272def4e,1,14.9,14.9
7be4f125-9cd2-493d-9149-d0ef2f0f9b2f,VENTE_CLIENT,RECUE,2026-03-14 13:51:00,61fa2627-0c32-4b7e-867e-a04aaeaf12aa,1,14.9,14.9
051d38fc-56c1-4d96-9d2d-0cd6a8d258f2,VENTE_CLIENT,RECUE,2026-03-12 10:09:00,61fa2627-0c32-4b7e-867e-a04aaeaf12aa,1,14.9,14.9
051d38fc-56c1-4d96-9d2d-0cd6a8d258f2,VENTE_CLIENT,RECUE,2026-03-12 10:09:00,394e86b1-2529-4787-99f0-efc1a9651537,3,9.9,29.700000000000003
1d2707e6-596f-40af-969f-cad32ab377e0,VENTE_CLIENT,RECUE,2026-03-27 09:46:00,3cfcc465-ff37-402e-9c1b-ba5d3ea94f01,2,44.9,89.8
1d2707e6-596f-40af-969f-cad32ab377e0,VENTE_CLIENT,RECUE,2026-03-27 09:46:00,eac55e82-4cf3-480b-8940-f858c7db0400,2,14.9,29.8
d46156d5-4166-450d-812a-137f0d0f07c1,VENTE_CLIENT,RECUE,2026-03-11 17:27:00,80736db9-6fe9-46c5-b942-d8e6d8873264,3,24.9,74.69999999999999
527af906-0b27-4281-bb90-f611ee0e402e,VENTE_CLIENT,RECUE,2026-03-01 17:12:00,3cfcc465-ff37-402e-9c1b-ba5d3ea94f01,1,44.9,44.9
717f6abb-cca1-470a-8e7b-812da7d6da69,VENTE_CLIENT,RECUE,2026-03-18 14:28:00,05c220e2-16b4-44dc-b5fd-5c6af2a0e444,1,54.9,54.9
717f6abb-cca1-470a-8e7b-812da7d6da69,VENTE_CLIENT,RECUE,2026-03-18 14:28:00,2f9f7915-0f2d-4aa0-98fa-fbff272def4e,2,14.9,29.8
6ec89e3f-be0f-4330-80df-27c318c262ad,VENTE_CLIENT,RECUE,2026-03-04 07:42:00,394e86b1-2529-4787-99f0-efc1a9651537,3,9.9,29.700000000000003
6ec89e3f-be0f-4330-80df-27c318c262ad,VENTE_CLIENT,RECUE,2026-03-04 07:42:00,3cfcc465-ff37-402e-9c1b-ba5d3ea94f01,3,44.9,134.7
7e5a0d0e-6341-4c25-80b5-66e5a41efc4c,VENTE_CLIENT,RECUE,2026-03-22 16:55:00,1d4729fb-527d-4107-b1d8-d718e7f64323,1,44.9,44.9
67ac5425-3db3-4b2a-8115-66d15d2cc48a,VENTE_CLIENT,RECUE,2026-03-28 12:00:00,b1d3e895-75e6-42ad-a3f8-6bd8b9d22be8,2,39.9,79.8
67ac5425-3db3-4b2a-8115-66d15d2cc48a,VENTE_CLIENT,RECUE,2026-03-28 12:00:00,6807df5e-79b3-4b3d-ad75-2360dc5da848,3,39.9,119.69999999999999
6a1a8866-31b1-458f-ab0e-9afa3e4ef064,VENTE_CLIENT,RECUE,2026-03-12 14:33:00,1d4729fb-527d-4107-b1d8-d718e7f64323,2,44.9,89.8
05067ef1-b422-46bb-86a9-db7f8f0d8d50,VENTE_CLIENT,RECUE,2026-03-28 18:24:00,80736db9-6fe9-46c5-b942-d8e6d8873264,3,24.9,74.69999999999999
60a9b56a-e9b4-446d-ad5a-7611b1a55fb6,VENTE_CLIENT,RECUE,2026-03-11 16:51:00,394e86b1-2529-4787-99f0-efc1a9651537,2,9.9,19.8
60a9b56a-e9b4-446d-ad5a-7611b1a55fb6,VENTE_CLIENT,RECUE,2026-03-11 16:51:00,61fa2627-0c32-4b7e-867e-a04aaeaf12aa,3,14.9,44.7
b7430410-47dc-4317-9d20-9c81898f3255,VENTE_CLIENT,RECUE,2026-03-20 16:01:00,80736db9-6fe9-46c5-b942-d8e6d8873264,3,24.9,74.69999999999999
be91a03d-1ffa-4f5e-9e68-147ac7b6c7aa,VENTE_CLIENT,RECUE,2026-03-02 18:55:00,80736db9-6fe9-46c5-b942-d8e6d8873264,1,24.9,24.9
be91a03d-1ffa-4f5e-9e68-147ac7b6c7aa,VENTE_CLIENT,RECUE,2026-03-02 18:55:00,3d69487c-f6bf-4558-b7c5-86dfd5caedb4,3,12.9,38.7
96cdc260-7db8-457d-884f-a7bd3578e82a,VENTE_CLIENT,RECUE,2026-03-16 07:35:00,61fa2627-0c32-4b7e-867e-a04aaeaf12aa,3,14.9,44.7
2b77f0ec-2425-4cbb-a65f-882988a10702,VENTE_CLIENT,RECUE,2026-03-09 08:05:00,2f9f7915-0f2d-4aa0-98fa-fbff272def4e,1,14.9,14.9
6a426ac0-19be-4f80-8d4a-c4bf436fd2ff,VENTE_CLIENT,RECUE,2026-03-22 13:25:00,3cfcc465-ff37-402e-9c1b-ba5d3ea94f01,1,44.9,44.9
16eb498b-d7c6-428f-bd5c-599dcdf847f7,VENTE_CLIENT,RECUE,2026-03-28 08:16:00,82c9b156-9e48-4772-b6a4-610f88eed060,3,14.9,44.7
67f02cf2-1881-4d81-bc44-dfbec6cba656,VENTE_CLIENT,RECUE,2026-03-31 15:02:00,6807df5e-79b3-4b3d-ad75-2360dc5da848,2,39.9,79.8
67f02cf2-1881-4d81-bc44-dfbec6cba656,VENTE_CLIENT,RECUE,2026-03-31 15:02:00,05c220e2-16b4-44dc-b5fd-5c6af2a0e444,3,54.9,164.7
051e015f-9c75-4281-9619-4e7721941b4e,VENTE_CLIENT,RECUE,2026-03-01 17:23:00,2f9f7915-0f2d-4aa0-98fa-fbff272def4e,2,14.9,29.8
051e015f-9c75-4281-9619-4e7721941b4e,VENTE_CLIENT,RECUE,2026-03-01 17:23:00,394e86b1-2529-4787-99f0-efc1a9651537,3,9.9,29.700000000000003
005e8641-19ea-4db1-ab62-212b6b6e3418,VENTE_CLIENT,RECUE,2026-03-24 18:16:00,82c9b156-9e48-4772-b6a4-610f88eed060,2,14.9,29.8
cd2b127c-4b21-4703-9b85-e3f2d45bf2e4,VENTE_CLIENT,RECUE,2026-03-26 07:32:00,394e86b1-2529-4787-99f0-efc1a9651537,3,9.9,29.700000000000003
0863ec86-ca33-4a02-b0cf-3f68409a6faa,VENTE_CLIENT,RECUE,2026-03-28 13:07:00,b1d3e895-75e6-42ad-a3f8-6bd8b9d22be8,2,39.9,79.8
dbcc919e-e756-4e19-bb39-8efa4687c7ec,VENTE_CLIENT,RECUE,2026-03-26 09:33:00,3cfcc465-ff37-402e-9c1b-ba5d3ea94f01,2,44.9,89.8
e773c631-dabf-47cd-b0d7-099c645ad7ee,VENTE_CLIENT,RECUE,2026-03-14 10:01:00,6807df5e-79b3-4b3d-ad75-2360dc5da848,3,39.9,119.69999999999999
8dbff842-25b6-4ba9-ab12-d3b12abe4a2e,VENTE_CLIENT,RECUE,2026-03-31 10:35:00,82c9b156-9e48-4772-b6a4-610f88eed060,2,14.9,29.8
4db1d42c-f7e3-406b-a26a-61f81adba3e0,VENTE_CLIENT,RECUE,2026-03-24 10:57:00,394e86b1-2529-4787-99f0-efc1a9651537,2,9.9,19.8
2d171140-5ad7-4ef0-b74a-1244fa28cad3,VENTE_CLIENT,RECUE,2026-03-15 07:59:00,3cfcc465-ff37-402e-9c1b-ba5d3ea94f01,1,44.9,44.9
2d171140-5ad7-4ef0-b74a-1244fa28cad3,VENTE_CLIENT,RECUE,2026-03-15 07:59:00,394e86b1-2529-4787-99f0-efc1a9651537,2,9.9,19.8
0d456f6e-6149-40ea-92de-ddb7907b545a,VENTE_CLIENT,RECUE,2026-03-03 12:03:00,b1d3e895-75e6-42ad-a3f8-6bd8b9d22be8,1,39.9,39.9
7a62ab35-710e-4a56-adec-925b03f73c80,VENTE_CLIENT,RECUE,2026-03-24 14:48:00,80736db9-6fe9-46c5-b942-d8e6d8873264,3,24.9,74.69999999999999
85658f98-dd08-475b-986a-eb3192af7f77,VENTE_CLIENT,RECUE,2026-03-17 16:29:00,82c9b156-9e48-4772-b6a4-610f88eed060,2,14.9,29.8
46c49fe5-d33f-46cf-8711-76cc0d9a5dc9,VENTE_CLIENT,RECUE,2026-03-28 10:41:00,05c220e2-16b4-44dc-b5fd-5c6af2a0e444,1,54.9,54.9
02305945-3992-4fb5-a7a2-04436b0d71d0,VENTE_CLIENT,RECUE,2026-03-01 09:00:00,1d4729fb-527d-4107-b1d8-d718e7f64323,3,44.9,134.7
4f20512a-4499-414e-9989-a19921ed7e0b,VENTE_CLIENT,RECUE,2026-03-26 10:40:00,61fa2627-0c32-4b7e-867e-a04aaeaf12aa,2,14.9,29.8
c1767ccd-d646-411d-9e7c-ed51b02673c8,VENTE_CLIENT,RECUE,2026-03-31 08:38:00,80736db9-6fe9-46c5-b942-d8e6d8873264,1,24.9,24.9
c1767ccd-d646-411d-9e7c-ed51b02673c8,VENTE_CLIENT,RECUE,2026-03-31 08:38:00,2f9f7915-0f2d-4aa0-98fa-fbff272def4e,1,14.9,14.9
52ef8628-4cba-4ccd-9e21-cf8c197573cb,VENTE_CLIENT,RECUE,2026-03-17 09:55:00,1d4729fb-527d-4107-b1d8-d718e7f64323,3,44.9,134.7
b3182540-5868-493d-9cff-8661fbe98410,VENTE_CLIENT,RECUE,2026-03-01 18:13:00,b1d3e895-75e6-42ad-a3f8-6bd8b9d22be8,3,39.9,119.69999999999999
b3182540-5868-493d-9cff-8661fbe98410,VENTE_CLIENT,RECUE,2026-03-01 18:13:00,2f9f7915-0f2d-4aa0-98fa-fbff272def4e,1,14.9,14.9
bea56d43-69f8-450f-8ba3-d8d8157b8d94,VENTE_CLIENT,RECUE,2026-03-09 16:57:00,6807df5e-79b3-4b3d-ad75-2360dc5da848,2,39.9,79.8
abb9ad6e-dcb9-4f8c-9916-dba95fc06b32,VENTE_CLIENT,RECUE,2026-03-30 09:32:00,61fa2627-0c32-4b7e-867e-a04aaeaf12aa,1,14.9,14.9
b9e4645b-07bd-4d84-8869-da34419c5159,VENTE_CLIENT,ANNULEE,2026-03-02 09:51:00,05c220e2-16b4-44dc-b5fd-5c6af2a0e444,1,54.9,54.9
090df347-46b0-4f56-8457-0f1388f4927e,VENTE_CLIENT,RECUE,2026-03-11 10:55:00,1d4729fb-527d-4107-b1d8-d718e7f64323,3,44.9,134.7
dbe4493e-fde7-4eee-9cea-466e4ef99ac0,VENTE_CLIENT,RECUE,2026-03-09 10:08:00,05c220e2-16b4-44dc-b5fd-5c6af2a0e444,1,54.9,54.9
dbe4493e-fde7-4eee-9cea-466e4ef99ac0,VENTE_CLIENT,RECUE,2026-03-09 10:08:00,2f9f7915-0f2d-4aa0-98fa-fbff272def4e,1,14.9,14.9
a6aea0e3-5cfc-49ad-ac9c-e49a81f5eb41,VENTE_CLIENT,RECUE,2026-03-11 08:53:00,2f9f7915-0f2d-4aa0-98fa-fbff272def4e,2,14.9,29.8
a6aea0e3-5cfc-49ad-ac9c-e49a81f5eb41,VENTE_CLIENT,RECUE,2026-03-11 08:53:00,82c9b156-9e48-4772-b6a4-610f88eed060,1,14.9,14.9
fa332923-b0cc-45ee-b69a-e079aaac95e0,VENTE_CLIENT,RECUE,2026-03-01 18:20:00,05c220e2-16b4-44dc-b5fd-5c6af2a0e444,1,54.9,54.9
d4610f91-426b-4e9d-9cf3-a2591e81b7e9,ACHAT_FOURNISSEUR,ANNULEE,2026-04-04 18:00:00,61fa2627-0c32-4b7e-867e-a04aaeaf12aa,23,6.0,138.0
7bcaa3b4-c3f9-4abf-b291-eceea80ff6c0,ACHAT_FOURNISSEUR,RECUE,2026-04-14 11:25:00,05c220e2-16b4-44dc-b5fd-5c6af2a0e444,13,22.0,286.0
7bcaa3b4-c3f9-4abf-b291-eceea80ff6c0,ACHAT_FOURNISSEUR,RECUE,2026-04-14 11:25:00,61fa2627-0c32-4b7e-867e-a04aaeaf12aa,14,6.0,84.0
3b409673-9db7-4182-a04f-367f79ef9749,ACHAT_FOURNISSEUR,RECUE,2026-04-02 08:43:00,1d4729fb-527d-4107-b1d8-d718e7f64323,19,18.0,342.0
d770594e-bbb0-4b8f-9ac3-c00787d5f8ef,ACHAT_FOURNISSEUR,RECUE,2026-04-07 17:47:00,3cfcc465-ff37-402e-9c1b-ba5d3ea94f01,19,18.0,342.0
4fa10a73-4a7e-4b3b-ad15-dbb9c83f0823,ACHAT_FOURNISSEUR,RECUE,2026-04-11 09:15:00,1d4729fb-527d-4107-b1d8-d718e7f64323,19,18.0,342.0
91b3d199-c42b-4551-b0e3-7d7956e2c406,ACHAT_FOURNISSEUR,RECUE,2026-04-15 11:23:00,05c220e2-16b4-44dc-b5fd-5c6af2a0e444,12,22.0,264.0
91b3d199-c42b-4551-b0e3-7d7956e2c406,ACHAT_FOURNISSEUR,RECUE,2026-04-15 11:23:00,b1d3e895-75e6-42ad-a3f8-6bd8b9d22be8,8,15.0,120.0
f568dcfd-16dd-48c5-90c0-464f035bfadb,ACHAT_FOURNISSEUR,RECUE,2026-04-14 17:04:00,80736db9-6fe9-46c5-b942-d8e6d8873264,13,9.0,117.0
f568dcfd-16dd-48c5-90c0-464f035bfadb,ACHAT_FOURNISSEUR,RECUE,2026-04-14 17:04:00,b1d3e895-75e6-42ad-a3f8-6bd8b9d22be8,9,15.0,135.0
0bc43f6d-ddcf-4010-8326-5e8bcbb031ba,ACHAT_FOURNISSEUR,RECUE,2026-04-22 13:20:00,3cfcc465-ff37-402e-9c1b-ba5d3ea94f01,13,18.0,234.0
0bc43f6d-ddcf-4010-8326-5e8bcbb031ba,ACHAT_FOURNISSEUR,RECUE,2026-04-22 13:20:00,394e86b1-2529-4787-99f0-efc1a9651537,8,3.0,24.0
dbb64f3a-cffa-45b5-b26d-45e392919d5f,ACHAT_FOURNISSEUR,RECUE,2026-04-25 09:08:00,3cfcc465-ff37-402e-9c1b-ba5d3ea94f01,10,18.0,180.0
dbb64f3a-cffa-45b5-b26d-45e392919d5f,ACHAT_FOURNISSEUR,RECUE,2026-04-25 09:08:00,394e86b1-2529-4787-99f0-efc1a9651537,14,3.0,42.0
08b23afa-8016-4102-9da2-7ea9839b2aa8,VENTE_CLIENT,RECUE,2026-04-14 12:29:00,61fa2627-0c32-4b7e-867e-a04aaeaf12aa,2,14.9,29.8
08b23afa-8016-4102-9da2-7ea9839b2aa8,VENTE_CLIENT,RECUE,2026-04-14 12:29:00,6807df5e-79b3-4b3d-ad75-2360dc5da848,2,39.9,79.8
5eb9362e-3e6c-4dc8-924a-9b2b695f82c3,VENTE_CLIENT,RECUE,2026-04-06 07:58:00,2f9f7915-0f2d-4aa0-98fa-fbff272def4e,3,14.9,44.7
77a83bcf-96b9-4667-87d6-010afbc727f3,VENTE_CLIENT,RECUE,2026-04-20 12:48:00,61fa2627-0c32-4b7e-867e-a04aaeaf12aa,1,14.9,14.9
77a83bcf-96b9-4667-87d6-010afbc727f3,VENTE_CLIENT,RECUE,2026-04-20 12:48:00,b1d3e895-75e6-42ad-a3f8-6bd8b9d22be8,1,39.9,39.9
5783967f-16c9-4a05-b7fa-ab3d8edbdf4a,VENTE_CLIENT,RECUE,2026-04-30 15:23:00,3cfcc465-ff37-402e-9c1b-ba5d3ea94f01,1,44.9,44.9
ffb92567-41ca-413c-a1db-ef60cded76a6,VENTE_CLIENT,ANNULEE,2026-04-02 15:40:00,80736db9-6fe9-46c5-b942-d8e6d8873264,3,24.9,74.69999999999999
a363ba7c-a306-429b-ad43-949353fffe58,VENTE_CLIENT,RECUE,2026-04-12 12:49:00,82c9b156-9e48-4772-b6a4-610f88eed060,3,14.9,44.7
a363ba7c-a306-429b-ad43-949353fffe58,VENTE_CLIENT,RECUE,2026-04-12 12:49:00,05c220e2-16b4-44dc-b5fd-5c6af2a0e444,3,54.9,164.7
8094396f-788d-487f-ae8b-4091f9677a77,VENTE_CLIENT,RECUE,2026-04-23 15:07:00,61fa2627-0c32-4b7e-867e-a04aaeaf12aa,3,14.9,44.7
e8d6518a-b182-4148-a405-d685444b43f3,VENTE_CLIENT,RECUE,2026-04-28 10:15:00,80736db9-6fe9-46c5-b942-d8e6d8873264,1,24.9,24.9
9bd4101e-ec9b-41d9-a05e-84a61fca0304,VENTE_CLIENT,RECUE,2026-04-03 12:51:00,3cfcc465-ff37-402e-9c1b-ba5d3ea94f01,1,44.9,44.9
a0362a1e-154b-4bfd-a484-d6a8715e83ff,VENTE_CLIENT,ANNULEE,2026-04-11 08:24:00,82c9b156-9e48-4772-b6a4-610f88eed060,2,14.9,29.8
37543e79-a0bf-4580-9f2b-bf5985f06fd6,VENTE_CLIENT,RECUE,2026-04-01 09:11:00,2f9f7915-0f2d-4aa0-98fa-fbff272def4e,1,14.9,14.9
d6de49af-3018-485b-85ff-fc13210eedee,VENTE_CLIENT,RECUE,2026-04-19 11:07:00,82c9b156-9e48-4772-b6a4-610f88eed060,1,14.9,14.9
25ee96fe-846c-43c2-abb8-507db1043b98,VENTE_CLIENT,RECUE,2026-04-19 15:50:00,2f9f7915-0f2d-4aa0-98fa-fbff272def4e,2,14.9,29.8
49eef32f-812c-4164-b23a-8019e8fc4cc0,VENTE_CLIENT,RECUE,2026-04-03 16:29:00,82c9b156-9e48-4772-b6a4-610f88eed060,1,14.9,14.9
093fa5b4-aa27-44c7-8742-13a49a9cf6d4,VENTE_CLIENT,RECUE,2026-04-05 07:57:00,2f9f7915-0f2d-4aa0-98fa-fbff272def4e,3,14.9,44.7
093fa5b4-aa27-44c7-8742-13a49a9cf6d4,VENTE_CLIENT,RECUE,2026-04-05 07:57:00,80736db9-6fe9-46c5-b942-d8e6d8873264,3,24.9,74.69999999999999
bacfccfc-34c2-4236-a2ee-c287b23a79b2,VENTE_CLIENT,RECUE,2026-04-20 13:10:00,05c220e2-16b4-44dc-b5fd-5c6af2a0e444,3,54.9,164.7
68f0b462-503b-4526-bd3d-f16374e9f649,VENTE_CLIENT,RECUE,2026-04-06 16:19:00,1d4729fb-527d-4107-b1d8-d718e7f64323,3,44.9,134.7
84962c65-df02-4fbe-a527-57b6df14fc46,VENTE_CLIENT,RECUE,2026-04-14 07:22:00,05c220e2-16b4-44dc-b5fd-5c6af2a0e444,1,54.9,54.9
6be7a0ee-fc73-4547-ad63-4de69844f5d9,VENTE_CLIENT,RECUE,2026-04-27 16:05:00,3cfcc465-ff37-402e-9c1b-ba5d3ea94f01,3,44.9,134.7
6be7a0ee-fc73-4547-ad63-4de69844f5d9,VENTE_CLIENT,RECUE,2026-04-27 16:05:00,394e86b1-2529-4787-99f0-efc1a9651537,2,9.9,19.8
2e56bb96-b3be-459a-a1f5-30b9c1f57d9c,VENTE_CLIENT,RECUE,2026-04-17 10:25:00,05c220e2-16b4-44dc-b5fd-5c6af2a0e444,1,54.9,54.9
dc3f3ac2-74eb-451b-bb58-4df6808d1b27,VENTE_CLIENT,RECUE,2026-04-09 11:06:00,3cfcc465-ff37-402e-9c1b-ba5d3ea94f01,2,44.9,89.8
dc3f3ac2-74eb-451b-bb58-4df6808d1b27,VENTE_CLIENT,RECUE,2026-04-09 11:06:00,6807df5e-79b3-4b3d-ad75-2360dc5da848,2,39.9,79.8
35a73239-e37e-4b67-99bd-915a78be3500,VENTE_CLIENT,RECUE,2026-04-25 13:02:00,82c9b156-9e48-4772-b6a4-610f88eed060,1,14.9,14.9
fc97a3e2-33b0-4faa-816e-eac59b4ac7c8,VENTE_CLIENT,RECUE,2026-04-05 14:14:00,6807df5e-79b3-4b3d-ad75-2360dc5da848,1,39.9,39.9
7c022b26-89ae-43a0-bc82-85cd5f7c221d,VENTE_CLIENT,RECUE,2026-04-11 08:32:00,80736db9-6fe9-46c5-b942-d8e6d8873264,1,24.9,24.9
0f92b8ec-ed03-42e7-b0e9-44dc32bdcbf8,VENTE_CLIENT,RECUE,2026-04-27 15:29:00,82c9b156-9e48-4772-b6a4-610f88eed060,3,14.9,44.7
0f92b8ec-ed03-42e7-b0e9-44dc32bdcbf8,VENTE_CLIENT,RECUE,2026-04-27 15:29:00,05c220e2-16b4-44dc-b5fd-5c6af2a0e444,1,54.9,54.9
19587b2b-7f10-4c0f-9e5b-e21e7f6cc99b,VENTE_CLIENT,RECUE,2026-04-21 15:51:00,394e86b1-2529-4787-99f0-efc1a9651537,3,9.9,29.700000000000003
601d452e-b027-413f-bc15-efd7bb5b3efa,VENTE_CLIENT,RECUE,2026-04-01 16:47:00,394e86b1-2529-4787-99f0-efc1a9651537,1,9.9,9.9
808edf05-3861-4567-975f-d743f1259984,VENTE_CLIENT,RECUE,2026-04-07 15:41:00,80736db9-6fe9-46c5-b942-d8e6d8873264,3,24.9,74.69999999999999
2b1a63a3-943b-46bc-ad92-d8b44ae143cb,VENTE_CLIENT,RECUE,2026-04-12 11:41:00,80736db9-6fe9-46c5-b942-d8e6d8873264,2,24.9,49.8
2b1a63a3-943b-46bc-ad92-d8b44ae143cb,VENTE_CLIENT,RECUE,2026-04-12 11:41:00,b1d3e895-75e6-42ad-a3f8-6bd8b9d22be8,2,39.9,79.8
a71f6ce1-88bd-419c-954f-d8b4dc756009,VENTE_CLIENT,RECUE,2026-04-15 12:03:00,80736db9-6fe9-46c5-b942-d8e6d8873264,1,24.9,24.9
a71f6ce1-88bd-419c-954f-d8b4dc756009,VENTE_CLIENT,RECUE,2026-04-15 12:03:00,05c220e2-16b4-44dc-b5fd-5c6af2a0e444,3,54.9,164.7
f4819900-ad51-4290-8250-9d6d90b237de,VENTE_CLIENT,RECUE,2026-04-26 15:34:00,3cfcc465-ff37-402e-9c1b-ba5d3ea94f01,2,44.9,89.8
e8a85ea7-ffde-40ee-a4cc-d14ac30b14ec,VENTE_CLIENT,RECUE,2026-04-28 18:46:00,394e86b1-2529-4787-99f0-efc1a9651537,2,9.9,19.8
a35018dc-f5cb-4214-883a-4bc8f0aa1dda,VENTE_CLIENT,RECUE,2026-04-15 18:35:00,1d4729fb-527d-4107-b1d8-d718e7f64323,1,44.9,44.9
d1363e6f-64e8-4fe0-b78d-e4790c425db6,VENTE_CLIENT,RECUE,2026-04-26 11:11:00,6807df5e-79b3-4b3d-ad75-2360dc5da848,1,39.9,39.9
3b39afad-edf5-4de9-b396-b4409d031f8c,VENTE_CLIENT,RECUE,2026-04-12 14:39:00,05c220e2-16b4-44dc-b5fd-5c6af2a0e444,3,54.9,164.7
fe1c1dd8-6b31-41d7-bbbb-7a3c4caf68a1,VENTE_CLIENT,RECUE,2026-04-05 12:03:00,82c9b156-9e48-4772-b6a4-610f88eed060,1,14.9,14.9
f6a7e4bf-2085-4e32-95ce-9241d57e8467,VENTE_CLIENT,RECUE,2026-04-26 12:08:00,80736db9-6fe9-46c5-b942-d8e6d8873264,1,24.9,24.9
f6a7e4bf-2085-4e32-95ce-9241d57e8467,VENTE_CLIENT,RECUE,2026-04-26 12:08:00,6807df5e-79b3-4b3d-ad75-2360dc5da848,3,39.9,119.69999999999999
7275195c-4d4f-4380-95d7-b5b4bba4bc17,VENTE_CLIENT,RECUE,2026-04-05 08:31:00,82c9b156-9e48-4772-b6a4-610f88eed060,1,14.9,14.9
39c2d6ef-63c0-4230-b080-73e962bd32aa,VENTE_CLIENT,RECUE,2026-04-04 08:12:00,1d4729fb-527d-4107-b1d8-d718e7f64323,2,44.9,89.8
1aff680d-ccac-44a2-943c-f9969bc2021c,VENTE_CLIENT,RECUE,2026-04-15 07:34:00,b1d3e895-75e6-42ad-a3f8-6bd8b9d22be8,1,39.9,39.9
5acfad1a-9ec3-49b9-968e-14d0bd6844b9,VENTE_CLIENT,RECUE,2026-04-24 12:54:00,1d4729fb-527d-4107-b1d8-d718e7f64323,3,44.9,134.7
25babc0e-31d2-4b12-b934-1c74d48642db,VENTE_CLIENT,RECUE,2026-04-03 10:51:00,82c9b156-9e48-4772-b6a4-610f88eed060,1,14.9,14.9
e60d87a7-055c-452b-a847-6f31c3041a09,VENTE_CLIENT,RECUE,2026-04-25 11:13:00,61fa2627-0c32-4b7e-867e-a04aaeaf12aa,3,14.9,44.7
98ea848d-86e1-49a0-9237-c859a665fe48,VENTE_CLIENT,RECUE,2026-04-24 11:54:00,05c220e2-16b4-44dc-b5fd-5c6af2a0e444,1,54.9,54.9
b5d0c753-5630-4962-aa08-1b59efc1bd7a,VENTE_CLIENT,RECUE,2026-04-10 11:31:00,05c220e2-16b4-44dc-b5fd-5c6af2a0e444,3,54.9,164.7
498f7c2f-9c77-451f-9bf4-ee6b5f540060,VENTE_CLIENT,RECUE,2026-04-01 18:28:00,80736db9-6fe9-46c5-b942-d8e6d8873264,2,24.9,49.8
3684216f-6474-4b02-a651-c31a89fca21f,VENTE_CLIENT,RECUE,2026-04-13 13:53:00,6807df5e-79b3-4b3d-ad75-2360dc5da848,3,39.9,119.69999999999999
16447576-3576-42c0-acbc-57efba2a1e54,VENTE_CLIENT,RECUE,2026-04-25 13:20:00,1d4729fb-527d-4107-b1d8-d718e7f64323,3,44.9,134.7
16447576-3576-42c0-acbc-57efba2a1e54,VENTE_CLIENT,RECUE,2026-04-25 13:20:00,394e86b1-2529-4787-99f0-efc1a9651537,2,9.9,19.8
f614f49c-d57b-4af7-a0ed-0552a589473e,VENTE_CLIENT,RECUE,2026-04-26 15:16:00,80736db9-6fe9-46c5-b942-d8e6d8873264,2,24.9,49.8
f614f49c-d57b-4af7-a0ed-0552a589473e,VENTE_CLIENT,RECUE,2026-04-26 15:16:00,2f9f7915-0f2d-4aa0-98fa-fbff272def4e,1,14.9,14.9
8d3f695e-aa75-412b-962e-a79b3fe656b0,VENTE_CLIENT,RECUE,2026-04-11 07:30:00,b1d3e895-75e6-42ad-a3f8-6bd8b9d22be8,2,39.9,79.8
53e89bdf-79fe-450a-b8f4-f8c8e03dd36a,VENTE_CLIENT,RECUE,2026-04-11 18:33:00,2f9f7915-0f2d-4aa0-98fa-fbff272def4e,3,14.9,44.7
eed4f89f-79b9-4e34-be61-f6ad39287106,VENTE_CLIENT,RECUE,2026-04-01 11:32:00,3cfcc465-ff37-402e-9c1b-ba5d3ea94f01,3,44.9,134.7
eed4f89f-79b9-4e34-be61-f6ad39287106,VENTE_CLIENT,RECUE,2026-04-01 11:32:00,1d4729fb-527d-4107-b1d8-d718e7f64323,1,44.9,44.9
42f18f19-e240-4249-9499-918f140f30ac,VENTE_CLIENT,ANNULEE,2026-04-06 12:56:00,b1d3e895-75e6-42ad-a3f8-6bd8b9d22be8,3,39.9,119.69999999999999
e0163ac0-691f-4462-805f-9cb9279d94a3,VENTE_CLIENT,RECUE,2026-04-27 08:02:00,61fa2627-0c32-4b7e-867e-a04aaeaf12aa,3,14.9,44.7
9a82d06a-a9b0-4953-b621-7f40c166c7d8,VENTE_CLIENT,ANNULEE,2026-04-14 18:21:00,61fa2627-0c32-4b7e-867e-a04aaeaf12aa,3,14.9,44.7
bf313488-21fe-45fb-bd52-189dba33161b,VENTE_CLIENT,RECUE,2026-04-14 12:30:00,05c220e2-16b4-44dc-b5fd-5c6af2a0e444,2,54.9,109.8
fefd2450-cbed-4f68-a9c5-e7bca40119ed,VENTE_CLIENT,RECUE,2026-04-09 15:16:00,80736db9-6fe9-46c5-b942-d8e6d8873264,1,24.9,24.9
fefd2450-cbed-4f68-a9c5-e7bca40119ed,VENTE_CLIENT,RECUE,2026-04-09 15:16:00,05c220e2-16b4-44dc-b5fd-5c6af2a0e444,1,54.9,54.9
790b073f-26b9-43fd-9c36-4203fc4ace81,VENTE_CLIENT,RECUE,2026-04-02 11:43:00,394e86b1-2529-4787-99f0-efc1a9651537,1,9.9,9.9
33e57d95-8059-4b98-a393-075ba9111902,VENTE_CLIENT,RECUE,2026-04-27 11:55:00,394e86b1-2529-4787-99f0-efc1a9651537,1,9.9,9.9
ba355523-e91b-40e4-bba5-6dea867a9c76,VENTE_CLIENT,RECUE,2026-04-03 12:19:00,1d4729fb-527d-4107-b1d8-d718e7f64323,2,44.9,89.8
ba355523-e91b-40e4-bba5-6dea867a9c76,VENTE_CLIENT,RECUE,2026-04-03 12:19:00,80736db9-6fe9-46c5-b942-d8e6d8873264,2,24.9,49.8
b38e09eb-b6b3-407f-86d9-2168edf87199,VENTE_CLIENT,RECUE,2026-04-01 17:23:00,3cfcc465-ff37-402e-9c1b-ba5d3ea94f01,3,44.9,134.7
b0c0df99-8cca-47f8-80c3-35a531d5ca75,VENTE_CLIENT,RECUE,2026-04-05 10:45:00,b1d3e895-75e6-42ad-a3f8-6bd8b9d22be8,1,39.9,39.9
b0c0df99-8cca-47f8-80c3-35a531d5ca75,VENTE_CLIENT,RECUE,2026-04-05 10:45:00,05c220e2-16b4-44dc-b5fd-5c6af2a0e444,1,54.9,54.9
d31e2f00-6d88-4086-935c-c1199b9b2fb9,VENTE_CLIENT,RECUE,2026-04-04 08:24:00,6807df5e-79b3-4b3d-ad75-2360dc5da848,2,39.9,79.8
91b91dda-3e2c-41ad-acbb-77e7a6a4ef71,VENTE_CLIENT,RECUE,2026-04-02 14:10:00,3cfcc465-ff37-402e-9c1b-ba5d3ea94f01,3,44.9,134.7
91b91dda-3e2c-41ad-acbb-77e7a6a4ef71,VENTE_CLIENT,RECUE,2026-04-02 14:10:00,6807df5e-79b3-4b3d-ad75-2360dc5da848,2,39.9,79.8
6e141ed8-600f-4533-827d-f1ecb883ff0d,VENTE_CLIENT,RECUE,2026-04-11 17:19:00,61fa2627-0c32-4b7e-867e-a04aaeaf12aa,3,14.9,44.7
b3768071-54b6-4358-a42e-04d9d86bfc0c,VENTE_CLIENT,RECUE,2026-04-19 07:38:00,80736db9-6fe9-46c5-b942-d8e6d8873264,1,24.9,24.9
17af7639-5544-45c1-95a5-173272f7d245,VENTE_CLIENT,RECUE,2026-04-13 18:59:00,394e86b1-2529-4787-99f0-efc1a9651537,3,9.9,29.700000000000003
ad2d9c99-012f-42b0-bfe1-547afa3a8d05,ACHAT_FOURNISSEUR,RECUE,2026-05-31 10:57:00,6807df5e-79b3-4b3d-ad75-2360dc5da848,19,15.0,285.0
b8f91ecd-956a-4396-bbe9-3c45e491adf9,ACHAT_FOURNISSEUR,RECUE,2026-05-20 07:05:00,80736db9-6fe9-46c5-b942-d8e6d8873264,13,9.0,117.0
b8f91ecd-956a-4396-bbe9-3c45e491adf9,ACHAT_FOURNISSEUR,RECUE,2026-05-20 07:05:00,dbee0582-7f92-49c0-b98d-beef835602c0,13,7.0,91.0
73303b0b-533e-4645-a24c-e9fece9af0da,ACHAT_FOURNISSEUR,RECUE,2026-05-21 07:06:00,4b036e43-3c29-4f80-bddb-d0b09c2ddfae,9,5.0,45.0
73303b0b-533e-4645-a24c-e9fece9af0da,ACHAT_FOURNISSEUR,RECUE,2026-05-21 07:06:00,394e86b1-2529-4787-99f0-efc1a9651537,12,3.0,36.0
f2cd19f9-0f39-4212-9847-3bb5ffd140f0,ACHAT_FOURNISSEUR,RECUE,2026-05-15 08:00:00,82c9b156-9e48-4772-b6a4-610f88eed060,14,6.0,84.0
f2cd19f9-0f39-4212-9847-3bb5ffd140f0,ACHAT_FOURNISSEUR,RECUE,2026-05-15 08:00:00,80736db9-6fe9-46c5-b942-d8e6d8873264,11,9.0,99.0
0d92d675-687a-44d5-bd41-83991a64d555,ACHAT_FOURNISSEUR,RECUE,2026-05-04 09:02:00,3d69487c-f6bf-4558-b7c5-86dfd5caedb4,13,4.0,52.0
0d92d675-687a-44d5-bd41-83991a64d555,ACHAT_FOURNISSEUR,RECUE,2026-05-04 09:02:00,b1d3e895-75e6-42ad-a3f8-6bd8b9d22be8,14,15.0,210.0
1c68b417-79a1-4fa4-9e81-d63203e447a0,ACHAT_FOURNISSEUR,RECUE,2026-05-08 09:37:00,394e86b1-2529-4787-99f0-efc1a9651537,14,3.0,42.0
1c68b417-79a1-4fa4-9e81-d63203e447a0,ACHAT_FOURNISSEUR,RECUE,2026-05-08 09:37:00,eac55e82-4cf3-480b-8940-f858c7db0400,12,6.0,72.0
688b57a6-b877-4225-8af5-d747cfbfe923,ACHAT_FOURNISSEUR,RECUE,2026-05-20 11:27:00,394e86b1-2529-4787-99f0-efc1a9651537,24,3.0,72.0
913a1a4a-a464-428d-8331-fdeeaf4215e8,ACHAT_FOURNISSEUR,RECUE,2026-05-31 11:37:00,80736db9-6fe9-46c5-b942-d8e6d8873264,12,9.0,108.0
913a1a4a-a464-428d-8331-fdeeaf4215e8,ACHAT_FOURNISSEUR,RECUE,2026-05-31 11:37:00,05c220e2-16b4-44dc-b5fd-5c6af2a0e444,13,22.0,286.0
785a7867-34f9-4537-9cf2-e17f5d95853d,ACHAT_FOURNISSEUR,RECUE,2026-05-25 13:02:00,05c220e2-16b4-44dc-b5fd-5c6af2a0e444,19,22.0,418.0
b7fa32fc-cba6-4be6-a9f5-dd7b4b6817ba,ACHAT_FOURNISSEUR,RECUE,2026-05-25 18:20:00,61fa2627-0c32-4b7e-867e-a04aaeaf12aa,14,6.0,84.0
b7fa32fc-cba6-4be6-a9f5-dd7b4b6817ba,ACHAT_FOURNISSEUR,RECUE,2026-05-25 18:20:00,05c220e2-16b4-44dc-b5fd-5c6af2a0e444,12,22.0,264.0
973cbe12-f109-4b9c-9f11-9719f1ef8fb8,VENTE_CLIENT,RECUE,2026-05-01 08:16:00,1d4729fb-527d-4107-b1d8-d718e7f64323,2,44.9,89.8
908bb372-9313-4c87-b810-f362e228baf9,VENTE_CLIENT,RECUE,2026-05-25 16:28:00,05c220e2-16b4-44dc-b5fd-5c6af2a0e444,2,54.9,109.8
908bb372-9313-4c87-b810-f362e228baf9,VENTE_CLIENT,RECUE,2026-05-25 16:28:00,80736db9-6fe9-46c5-b942-d8e6d8873264,2,24.9,49.8
3270aa7f-e533-4ee5-ad5a-3ef0f51c7b2d,VENTE_CLIENT,RECUE,2026-05-23 18:49:00,80736db9-6fe9-46c5-b942-d8e6d8873264,1,24.9,24.9
3270aa7f-e533-4ee5-ad5a-3ef0f51c7b2d,VENTE_CLIENT,RECUE,2026-05-23 18:49:00,3d69487c-f6bf-4558-b7c5-86dfd5caedb4,3,12.9,38.7
5eef9537-d7f1-4b95-91ca-b0c08dced963,VENTE_CLIENT,ANNULEE,2026-05-23 16:21:00,3d69487c-f6bf-4558-b7c5-86dfd5caedb4,2,12.9,25.8
5eef9537-d7f1-4b95-91ca-b0c08dced963,VENTE_CLIENT,ANNULEE,2026-05-23 16:21:00,80736db9-6fe9-46c5-b942-d8e6d8873264,1,24.9,24.9
fe5c11be-5a4a-4260-a09a-ce7643e50f51,VENTE_CLIENT,RECUE,2026-05-20 10:20:00,394e86b1-2529-4787-99f0-efc1a9651537,1,9.9,9.9
fe5c11be-5a4a-4260-a09a-ce7643e50f51,VENTE_CLIENT,RECUE,2026-05-20 10:20:00,80736db9-6fe9-46c5-b942-d8e6d8873264,1,24.9,24.9
5e20c8cf-2de6-44d2-9452-211ece1a5d38,VENTE_CLIENT,RECUE,2026-05-28 16:07:00,3cfcc465-ff37-402e-9c1b-ba5d3ea94f01,1,44.9,44.9
8b019691-6f1b-4e65-bcd5-bca6e7be3279,VENTE_CLIENT,RECUE,2026-05-28 07:55:00,61fa2627-0c32-4b7e-867e-a04aaeaf12aa,3,14.9,44.7
1ec0bd53-a69b-4de9-aa83-87d35baf64c3,VENTE_CLIENT,RECUE,2026-05-17 11:33:00,b1d3e895-75e6-42ad-a3f8-6bd8b9d22be8,1,39.9,39.9
1ec0bd53-a69b-4de9-aa83-87d35baf64c3,VENTE_CLIENT,RECUE,2026-05-17 11:33:00,80736db9-6fe9-46c5-b942-d8e6d8873264,3,24.9,74.69999999999999
210a7765-8720-4fdb-a874-8aebff10e63a,VENTE_CLIENT,RECUE,2026-05-30 07:57:00,82c9b156-9e48-4772-b6a4-610f88eed060,2,14.9,29.8
2d38381b-9d1e-47a0-a378-a2834f6e3bee,VENTE_CLIENT,RECUE,2026-05-09 11:10:00,3cfcc465-ff37-402e-9c1b-ba5d3ea94f01,1,44.9,44.9
16de90cd-b278-4e55-9eef-199a6a48268b,VENTE_CLIENT,RECUE,2026-05-29 07:30:00,3d69487c-f6bf-4558-b7c5-86dfd5caedb4,2,12.9,25.8
3ea25eee-0a3b-48b7-82c5-0120baefbb0e,VENTE_CLIENT,RECUE,2026-05-31 18:43:00,b1d3e895-75e6-42ad-a3f8-6bd8b9d22be8,1,39.9,39.9
10a18275-6029-4b80-a517-f4c00a174cd0,VENTE_CLIENT,RECUE,2026-05-20 13:08:00,6807df5e-79b3-4b3d-ad75-2360dc5da848,1,39.9,39.9
10a18275-6029-4b80-a517-f4c00a174cd0,VENTE_CLIENT,RECUE,2026-05-20 13:08:00,3cfcc465-ff37-402e-9c1b-ba5d3ea94f01,3,44.9,134.7
6cc78ec5-7006-4f88-81a8-65b45b31b904,VENTE_CLIENT,RECUE,2026-05-10 11:27:00,80736db9-6fe9-46c5-b942-d8e6d8873264,3,24.9,74.69999999999999
8bf7758d-3313-4074-beea-0648a93acaa1,VENTE_CLIENT,RECUE,2026-05-28 14:10:00,6807df5e-79b3-4b3d-ad75-2360dc5da848,1,39.9,39.9
014428d2-6912-4cc0-a3ac-7b01b484419e,VENTE_CLIENT,RECUE,2026-05-27 09:41:00,eac55e82-4cf3-480b-8940-f858c7db0400,3,14.9,44.7
fe84a52f-cae6-4fd2-bf44-7c1c8324855a,VENTE_CLIENT,RECUE,2026-05-22 14:17:00,3cfcc465-ff37-402e-9c1b-ba5d3ea94f01,1,44.9,44.9
fe84a52f-cae6-4fd2-bf44-7c1c8324855a,VENTE_CLIENT,RECUE,2026-05-22 14:17:00,dbee0582-7f92-49c0-b98d-beef835602c0,1,19.9,19.9
42190573-ff81-457c-a5b1-efd674be4db1,VENTE_CLIENT,RECUE,2026-05-06 09:54:00,1d4729fb-527d-4107-b1d8-d718e7f64323,3,44.9,134.7
42190573-ff81-457c-a5b1-efd674be4db1,VENTE_CLIENT,RECUE,2026-05-06 09:54:00,80736db9-6fe9-46c5-b942-d8e6d8873264,3,24.9,74.69999999999999
21f5f984-7a5e-4c6a-89a7-d1024ed067dd,VENTE_CLIENT,ANNULEE,2026-05-15 17:25:00,dbee0582-7f92-49c0-b98d-beef835602c0,3,19.9,59.699999999999996
86e4cfb1-b56e-4d65-9d17-ddd4df793c3c,VENTE_CLIENT,RECUE,2026-05-26 10:27:00,b1d3e895-75e6-42ad-a3f8-6bd8b9d22be8,2,39.9,79.8
86e4cfb1-b56e-4d65-9d17-ddd4df793c3c,VENTE_CLIENT,RECUE,2026-05-26 10:27:00,80736db9-6fe9-46c5-b942-d8e6d8873264,3,24.9,74.69999999999999
d348ca55-b670-4504-99cc-aa8d2a03a1a0,VENTE_CLIENT,RECUE,2026-05-22 10:52:00,dbee0582-7f92-49c0-b98d-beef835602c0,1,19.9,19.9
d348ca55-b670-4504-99cc-aa8d2a03a1a0,VENTE_CLIENT,RECUE,2026-05-22 10:52:00,eac55e82-4cf3-480b-8940-f858c7db0400,3,14.9,44.7
6d373708-ef5a-4568-8081-c9abffcfbc81,VENTE_CLIENT,RECUE,2026-05-26 07:09:00,61fa2627-0c32-4b7e-867e-a04aaeaf12aa,2,14.9,29.8
0c207eef-a842-4a6b-9aed-4aeb15815974,VENTE_CLIENT,RECUE,2026-05-06 14:01:00,82c9b156-9e48-4772-b6a4-610f88eed060,3,14.9,44.7
0c207eef-a842-4a6b-9aed-4aeb15815974,VENTE_CLIENT,RECUE,2026-05-06 14:01:00,3d69487c-f6bf-4558-b7c5-86dfd5caedb4,2,12.9,25.8
b885ea81-191b-4bc8-a608-23842243b9fe,VENTE_CLIENT,RECUE,2026-05-30 10:52:00,82c9b156-9e48-4772-b6a4-610f88eed060,3,14.9,44.7
b885ea81-191b-4bc8-a608-23842243b9fe,VENTE_CLIENT,RECUE,2026-05-30 10:52:00,05c220e2-16b4-44dc-b5fd-5c6af2a0e444,3,54.9,164.7
fc6b9489-2d1a-4b4a-85f5-06206d5401fb,VENTE_CLIENT,ANNULEE,2026-05-02 07:22:00,3d69487c-f6bf-4558-b7c5-86dfd5caedb4,3,12.9,38.7
fc6b9489-2d1a-4b4a-85f5-06206d5401fb,VENTE_CLIENT,ANNULEE,2026-05-02 07:22:00,6807df5e-79b3-4b3d-ad75-2360dc5da848,3,39.9,119.69999999999999
97d642d0-fcd1-42d9-9ce8-47dd0381351c,VENTE_CLIENT,RECUE,2026-05-16 16:38:00,6807df5e-79b3-4b3d-ad75-2360dc5da848,2,39.9,79.8
5c4735c5-46ca-4f75-b0b1-f74861287348,VENTE_CLIENT,RECUE,2026-05-22 15:14:00,82c9b156-9e48-4772-b6a4-610f88eed060,3,14.9,44.7
5c4735c5-46ca-4f75-b0b1-f74861287348,VENTE_CLIENT,RECUE,2026-05-22 15:14:00,80736db9-6fe9-46c5-b942-d8e6d8873264,1,24.9,24.9
1c389e06-56f6-4402-927f-f471e2da87ed,VENTE_CLIENT,RECUE,2026-05-17 15:01:00,3d69487c-f6bf-4558-b7c5-86dfd5caedb4,3,12.9,38.7
1c389e06-56f6-4402-927f-f471e2da87ed,VENTE_CLIENT,RECUE,2026-05-17 15:01:00,05c220e2-16b4-44dc-b5fd-5c6af2a0e444,1,54.9,54.9
60bdef57-9b63-4d8a-91e8-020a879364c4,VENTE_CLIENT,ANNULEE,2026-05-15 12:20:00,b1d3e895-75e6-42ad-a3f8-6bd8b9d22be8,1,39.9,39.9
b943de42-92d3-4418-8867-df1d8d848345,VENTE_CLIENT,RECUE,2026-05-12 12:47:00,80736db9-6fe9-46c5-b942-d8e6d8873264,1,24.9,24.9
cd69345e-dfbe-41bf-b662-2cde7765d527,VENTE_CLIENT,RECUE,2026-05-15 10:58:00,2f9f7915-0f2d-4aa0-98fa-fbff272def4e,2,14.9,29.8
3855fa9b-19e3-4894-8179-ac2ff2d86c82,VENTE_CLIENT,RECUE,2026-05-23 11:58:00,b1d3e895-75e6-42ad-a3f8-6bd8b9d22be8,3,39.9,119.69999999999999
eeb25485-ae1c-4725-9f4d-361149d6d4d9,VENTE_CLIENT,RECUE,2026-05-09 18:19:00,05c220e2-16b4-44dc-b5fd-5c6af2a0e444,1,54.9,54.9
a32c074b-07a6-4880-8307-c84a10a13059,VENTE_CLIENT,RECUE,2026-05-07 13:46:00,b1d3e895-75e6-42ad-a3f8-6bd8b9d22be8,3,39.9,119.69999999999999
a32c074b-07a6-4880-8307-c84a10a13059,VENTE_CLIENT,RECUE,2026-05-07 13:46:00,80736db9-6fe9-46c5-b942-d8e6d8873264,1,24.9,24.9
db93e422-0f3b-4d26-a712-5ae398b12abd,VENTE_CLIENT,RECUE,2026-05-04 17:20:00,4b036e43-3c29-4f80-bddb-d0b09c2ddfae,3,16.9,50.699999999999996
69edaf19-8aa3-4cd2-b205-f36f8f73acb3,VENTE_CLIENT,RECUE,2026-05-11 13:12:00,80736db9-6fe9-46c5-b942-d8e6d8873264,2,24.9,49.8
7ff6e0d5-672a-441d-a800-ef7867f0bc61,VENTE_CLIENT,RECUE,2026-05-18 13:15:00,3d69487c-f6bf-4558-b7c5-86dfd5caedb4,2,12.9,25.8
a10b30a6-3e9e-4ad3-9bee-d600384ab393,VENTE_CLIENT,RECUE,2026-05-04 07:14:00,82c9b156-9e48-4772-b6a4-610f88eed060,2,14.9,29.8
a10b30a6-3e9e-4ad3-9bee-d600384ab393,VENTE_CLIENT,RECUE,2026-05-04 07:14:00,80736db9-6fe9-46c5-b942-d8e6d8873264,2,24.9,49.8
b8a984cb-4065-4878-9a9f-9158e1c48dbc,VENTE_CLIENT,RECUE,2026-05-15 10:21:00,b1d3e895-75e6-42ad-a3f8-6bd8b9d22be8,3,39.9,119.69999999999999
cc83bb29-f325-499a-8545-e668206716f5,VENTE_CLIENT,RECUE,2026-05-14 16:43:00,6807df5e-79b3-4b3d-ad75-2360dc5da848,3,39.9,119.69999999999999
44383f11-779d-422a-8971-7e02a74c84a6,VENTE_CLIENT,RECUE,2026-05-12 09:26:00,82c9b156-9e48-4772-b6a4-610f88eed060,1,14.9,14.9
1a0c1547-9003-41bd-a8e5-49a7ac446815,VENTE_CLIENT,RECUE,2026-05-02 10:24:00,05c220e2-16b4-44dc-b5fd-5c6af2a0e444,2,54.9,109.8
1a0c1547-9003-41bd-a8e5-49a7ac446815,VENTE_CLIENT,RECUE,2026-05-02 10:24:00,dbee0582-7f92-49c0-b98d-beef835602c0,1,19.9,19.9
fdc3c741-15fe-4742-98e4-4cc4fad203ff,VENTE_CLIENT,ANNULEE,2026-05-27 14:50:00,80736db9-6fe9-46c5-b942-d8e6d8873264,3,24.9,74.69999999999999
1492a2bb-43bf-43b6-b8cb-826e519bb064,VENTE_CLIENT,RECUE,2026-05-28 10:39:00,3cfcc465-ff37-402e-9c1b-ba5d3ea94f01,3,44.9,134.7
bc59504b-b0cd-4814-a04b-ff0947f3a25f,VENTE_CLIENT,RECUE,2026-05-15 07:13:00,dbee0582-7f92-49c0-b98d-beef835602c0,3,19.9,59.699999999999996
1ce67909-3064-4cbc-abab-1be1b1cfce1a,VENTE_CLIENT,RECUE,2026-05-10 08:58:00,4b036e43-3c29-4f80-bddb-d0b09c2ddfae,2,16.9,33.8
c234e161-3903-4730-aab4-6635897c8c31,VENTE_CLIENT,RECUE,2026-05-14 18:03:00,05c220e2-16b4-44dc-b5fd-5c6af2a0e444,3,54.9,164.7
c234e161-3903-4730-aab4-6635897c8c31,VENTE_CLIENT,RECUE,2026-05-14 18:03:00,80736db9-6fe9-46c5-b942-d8e6d8873264,1,24.9,24.9
612d6956-4c56-4d8a-b296-8f027fab16e1,VENTE_CLIENT,RECUE,2026-05-21 09:28:00,dbee0582-7f92-49c0-b98d-beef835602c0,3,19.9,59.699999999999996
612d6956-4c56-4d8a-b296-8f027fab16e1,VENTE_CLIENT,RECUE,2026-05-21 09:28:00,6807df5e-79b3-4b3d-ad75-2360dc5da848,3,39.9,119.69999999999999
16115ca3-c9d6-4dd4-a222-aee4ffc56a09,VENTE_CLIENT,RECUE,2026-05-18 07:29:00,61fa2627-0c32-4b7e-867e-a04aaeaf12aa,2,14.9,29.8
138edf90-f68e-41d4-b022-4e47bb0d8e99,VENTE_CLIENT,RECUE,2026-05-02 16:52:00,394e86b1-2529-4787-99f0-efc1a9651537,2,9.9,19.8
47db45b7-bcf0-4bdb-ad00-1d28f09d11c6,VENTE_CLIENT,RECUE,2026-05-25 11:22:00,3cfcc465-ff37-402e-9c1b-ba5d3ea94f01,1,44.9,44.9
47db45b7-bcf0-4bdb-ad00-1d28f09d11c6,VENTE_CLIENT,RECUE,2026-05-25 11:22:00,3d69487c-f6bf-4558-b7c5-86dfd5caedb4,1,12.9,12.9
2b64e540-8f84-41ed-a6ce-1b542709ce1d,VENTE_CLIENT,RECUE,2026-05-11 08:45:00,3cfcc465-ff37-402e-9c1b-ba5d3ea94f01,2,44.9,89.8
2b64e540-8f84-41ed-a6ce-1b542709ce1d,VENTE_CLIENT,RECUE,2026-05-11 08:45:00,dbee0582-7f92-49c0-b98d-beef835602c0,2,19.9,39.8
c1e8436d-162e-4455-aaf3-173da42a47aa,VENTE_CLIENT,RECUE,2026-05-27 07:14:00,eac55e82-4cf3-480b-8940-f858c7db0400,1,14.9,14.9
0089fd6a-8f94-4694-8bb2-9509c2a2d741,VENTE_CLIENT,RECUE,2026-05-08 13:28:00,4b036e43-3c29-4f80-bddb-d0b09c2ddfae,3,16.9,50.699999999999996
fd9672ba-cfcd-4e01-aea6-fadda35ffc07,VENTE_CLIENT,RECUE,2026-05-10 10:34:00,05c220e2-16b4-44dc-b5fd-5c6af2a0e444,1,54.9,54.9
fd9672ba-cfcd-4e01-aea6-fadda35ffc07,VENTE_CLIENT,RECUE,2026-05-10 10:34:00,394e86b1-2529-4787-99f0-efc1a9651537,1,9.9,9.9
88607665-fd02-499b-99a1-7d43c7198abd,VENTE_CLIENT,RECUE,2026-05-02 08:47:00,3cfcc465-ff37-402e-9c1b-ba5d3ea94f01,3,44.9,134.7
88607665-fd02-499b-99a1-7d43c7198abd,VENTE_CLIENT,RECUE,2026-05-02 08:47:00,61fa2627-0c32-4b7e-867e-a04aaeaf12aa,1,14.9,14.9
654c75f0-ee41-4d21-93eb-639c156d3f0f,VENTE_CLIENT,RECUE,2026-05-15 11:15:00,80736db9-6fe9-46c5-b942-d8e6d8873264,1,24.9,24.9
654c75f0-ee41-4d21-93eb-639c156d3f0f,VENTE_CLIENT,RECUE,2026-05-15 11:15:00,b1d3e895-75e6-42ad-a3f8-6bd8b9d22be8,3,39.9,119.69999999999999
0658fb34-2dee-4f57-a39d-ef771605727e,VENTE_CLIENT,RECUE,2026-05-05 07:15:00,2f9f7915-0f2d-4aa0-98fa-fbff272def4e,1,14.9,14.9
b585f5cc-4f2c-4e03-acc6-4b6807900293,VENTE_CLIENT,RECUE,2026-05-21 18:43:00,80736db9-6fe9-46c5-b942-d8e6d8873264,3,24.9,74.69999999999999
87e2bcd1-1ce6-4d76-aea5-046be96cac57,VENTE_CLIENT,RECUE,2026-05-04 09:05:00,394e86b1-2529-4787-99f0-efc1a9651537,2,9.9,19.8
87e2bcd1-1ce6-4d76-aea5-046be96cac57,VENTE_CLIENT,RECUE,2026-05-04 09:05:00,3cfcc465-ff37-402e-9c1b-ba5d3ea94f01,3,44.9,134.7
81dfd556-0cd4-43a4-ac81-92cdca335beb,VENTE_CLIENT,RECUE,2026-05-20 17:03:00,61fa2627-0c32-4b7e-867e-a04aaeaf12aa,1,14.9,14.9
e935fbe0-10f7-47bf-97f1-655f56ac7f05,VENTE_CLIENT,RECUE,2026-05-17 07:53:00,80736db9-6fe9-46c5-b942-d8e6d8873264,2,24.9,49.8
e9cc81c2-b31a-4784-9b79-e2f5dcee0908,VENTE_CLIENT,ANNULEE,2026-05-15 18:12:00,05c220e2-16b4-44dc-b5fd-5c6af2a0e444,1,54.9,54.9
0f3d3d64-633b-45ab-8d19-214f6bcd959e,VENTE_CLIENT,RECUE,2026-05-08 18:02:00,80736db9-6fe9-46c5-b942-d8e6d8873264,1,24.9,24.9
394c20c1-51c4-49a3-b616-357973a62f7a,VENTE_CLIENT,ANNULEE,2026-05-12 07:28:00,6807df5e-79b3-4b3d-ad75-2360dc5da848,3,39.9,119.69999999999999
394c20c1-51c4-49a3-b616-357973a62f7a,VENTE_CLIENT,ANNULEE,2026-05-12 07:28:00,eac55e82-4cf3-480b-8940-f858c7db0400,1,14.9,14.9
158d94dc-f48f-4b4b-b631-77f1e955b957,VENTE_CLIENT,RECUE,2026-05-19 12:12:00,80736db9-6fe9-46c5-b942-d8e6d8873264,1,24.9,24.9
d346e2b9-3a49-492d-aa6f-a06c19f6427d,VENTE_CLIENT,RECUE,2026-05-09 11:50:00,b1d3e895-75e6-42ad-a3f8-6bd8b9d22be8,2,39.9,79.8
2e562e63-d855-4c5f-b4ce-c8ad8e1b9c42,VENTE_CLIENT,RECUE,2026-05-04 08:36:00,eac55e82-4cf3-480b-8940-f858c7db0400,1,14.9,14.9
445a97d9-d372-4e7f-9c4d-50f3445f9b1d,VENTE_CLIENT,RECUE,2026-05-22 12:30:00,2f9f7915-0f2d-4aa0-98fa-fbff272def4e,1,14.9,14.9
4c016df8-c72b-4a30-9f02-df5ad5584457,VENTE_CLIENT,RECUE,2026-05-02 12:46:00,61fa2627-0c32-4b7e-867e-a04aaeaf12aa,2,14.9,29.8
71f19ab1-2fff-4416-abd8-85a286ee4fcb,VENTE_CLIENT,RECUE,2026-05-14 09:52:00,80736db9-6fe9-46c5-b942-d8e6d8873264,2,24.9,49.8
a3d136fa-7c02-4a19-a047-56af968b05b8,VENTE_CLIENT,RECUE,2026-05-19 07:35:00,394e86b1-2529-4787-99f0-efc1a9651537,1,9.9,9.9
a3d136fa-7c02-4a19-a047-56af968b05b8,VENTE_CLIENT,RECUE,2026-05-19 07:35:00,2f9f7915-0f2d-4aa0-98fa-fbff272def4e,1,14.9,14.9
1ceed899-1997-41c1-a7b7-432a5588cebb,VENTE_CLIENT,RECUE,2026-05-16 15:09:00,80736db9-6fe9-46c5-b942-d8e6d8873264,2,24.9,49.8
e587d70a-4e1a-4f35-80b9-2d52330d4218,VENTE_CLIENT,RECUE,2026-05-18 07:10:00,2f9f7915-0f2d-4aa0-98fa-fbff272def4e,1,14.9,14.9
e587d70a-4e1a-4f35-80b9-2d52330d4218,VENTE_CLIENT,RECUE,2026-05-18 07:10:00,05c220e2-16b4-44dc-b5fd-5c6af2a0e444,3,54.9,164.7
e5a460c1-acae-4bb0-af95-9e4b64218328,VENTE_CLIENT,RECUE,2026-05-29 11:22:00,2f9f7915-0f2d-4aa0-98fa-fbff272def4e,1,14.9,14.9
5e35116c-1577-4c1b-93bb-668b761a426d,VENTE_CLIENT,RECUE,2026-05-03 13:28:00,80736db9-6fe9-46c5-b942-d8e6d8873264,1,24.9,24.9
5864f55a-3fdb-4120-8bc3-fb0f29298b27,VENTE_CLIENT,RECUE,2026-05-04 13:19:00,2f9f7915-0f2d-4aa0-98fa-fbff272def4e,3,14.9,44.7
5864f55a-3fdb-4120-8bc3-fb0f29298b27,VENTE_CLIENT,RECUE,2026-05-04 13:19:00,80736db9-6fe9-46c5-b942-d8e6d8873264,2,24.9,49.8
72d86fd7-db20-4278-a8bc-a258052ffe0b,VENTE_CLIENT,RECUE,2026-05-07 18:58:00,1d4729fb-527d-4107-b1d8-d718e7f64323,2,44.9,89.8
38f1b575-163f-41ea-9486-abbe0bbd25a0,VENTE_CLIENT,RECUE,2026-05-23 11:33:00,2f9f7915-0f2d-4aa0-98fa-fbff272def4e,1,14.9,14.9
82ce0517-fcdf-4c1c-90b7-2ff020c24c24,VENTE_CLIENT,RECUE,2026-05-05 15:11:00,6807df5e-79b3-4b3d-ad75-2360dc5da848,2,39.9,79.8
e63b6386-4efc-4504-8ec3-1449e1fd8fb8,ACHAT_FOURNISSEUR,RECUE,2026-06-07 08:50:00,b1d3e895-75e6-42ad-a3f8-6bd8b9d22be8,20,15.0,300.0
a73173c5-0716-41c4-a960-61f8da339532,ACHAT_FOURNISSEUR,RECUE,2026-06-21 18:36:00,6807df5e-79b3-4b3d-ad75-2360dc5da848,23,15.0,345.0
53729833-3477-453d-aba8-4f73cbbeef80,ACHAT_FOURNISSEUR,RECUE,2026-06-10 08:58:00,80736db9-6fe9-46c5-b942-d8e6d8873264,22,9.0,198.0
b0a0cdc3-bc8c-4fcd-8066-43a80ff85a89,ACHAT_FOURNISSEUR,RECUE,2026-06-14 09:12:00,dbee0582-7f92-49c0-b98d-beef835602c0,8,7.0,56.0
b0a0cdc3-bc8c-4fcd-8066-43a80ff85a89,ACHAT_FOURNISSEUR,RECUE,2026-06-14 09:12:00,3d69487c-f6bf-4558-b7c5-86dfd5caedb4,8,4.0,32.0
57bb0aec-d7e3-44d8-bc9e-a5bb8903ce41,ACHAT_FOURNISSEUR,ANNULEE,2026-06-05 16:41:00,05c220e2-16b4-44dc-b5fd-5c6af2a0e444,12,22.0,264.0
57bb0aec-d7e3-44d8-bc9e-a5bb8903ce41,ACHAT_FOURNISSEUR,ANNULEE,2026-06-05 16:41:00,3cfcc465-ff37-402e-9c1b-ba5d3ea94f01,8,18.0,144.0
e425086f-6af3-4da2-99f5-bfd54a9f82bc,ACHAT_FOURNISSEUR,RECUE,2026-06-19 18:30:00,3cfcc465-ff37-402e-9c1b-ba5d3ea94f01,21,18.0,378.0
30fd6997-4ca3-42bc-8d2d-095ad2989145,ACHAT_FOURNISSEUR,RECUE,2026-06-15 17:52:00,394e86b1-2529-4787-99f0-efc1a9651537,24,3.0,72.0
53d74a16-e285-4904-8078-12d7260d91b0,ACHAT_FOURNISSEUR,RECUE,2026-06-25 10:06:00,394e86b1-2529-4787-99f0-efc1a9651537,21,3.0,63.0
61ab57ce-9c40-40a9-9c37-1f336ceef30d,ACHAT_FOURNISSEUR,RECUE,2026-06-19 13:15:00,61fa2627-0c32-4b7e-867e-a04aaeaf12aa,23,6.0,138.0
bffaddb1-f0e3-4c63-aa6b-26afd84f6424,ACHAT_FOURNISSEUR,RECUE,2026-06-26 14:31:00,394e86b1-2529-4787-99f0-efc1a9651537,23,3.0,69.0
66a4ba28-22d2-451e-9d8f-0efae45e896d,VENTE_CLIENT,RECUE,2026-06-18 12:52:00,2f9f7915-0f2d-4aa0-98fa-fbff272def4e,3,14.9,44.7
385b6e33-7d6c-4138-8c6a-a6085a994b2a,VENTE_CLIENT,RECUE,2026-06-04 15:32:00,05c220e2-16b4-44dc-b5fd-5c6af2a0e444,3,54.9,164.7
e869c57d-66f1-43d2-86b0-4961a1cffdb0,VENTE_CLIENT,RECUE,2026-06-04 09:18:00,b1d3e895-75e6-42ad-a3f8-6bd8b9d22be8,2,39.9,79.8
cdb9ee5f-ec90-4d9d-ada8-3f6cece3c51f,VENTE_CLIENT,RECUE,2026-06-28 09:19:00,1d4729fb-527d-4107-b1d8-d718e7f64323,3,44.9,134.7
221111bf-76be-4494-b601-965c26eaaf25,VENTE_CLIENT,RECUE,2026-06-28 17:20:00,80736db9-6fe9-46c5-b942-d8e6d8873264,3,24.9,74.69999999999999
c43465e6-8a52-46b0-b925-52b114c378e5,VENTE_CLIENT,RECUE,2026-06-06 15:58:00,3d69487c-f6bf-4558-b7c5-86dfd5caedb4,1,12.9,12.9
85202907-7650-41af-87de-648fa0f43a16,VENTE_CLIENT,RECUE,2026-06-21 07:26:00,3d69487c-f6bf-4558-b7c5-86dfd5caedb4,3,12.9,38.7
0c74d1e0-6df8-4baa-be5e-a0ad408db5bb,VENTE_CLIENT,RECUE,2026-06-24 16:03:00,80736db9-6fe9-46c5-b942-d8e6d8873264,3,24.9,74.69999999999999
95ef703c-2a51-4a77-8224-dd6e03113655,VENTE_CLIENT,RECUE,2026-06-20 09:54:00,dbee0582-7f92-49c0-b98d-beef835602c0,1,19.9,19.9
e6b55a6f-5ea9-4cd3-9802-fcb3a1f45a4e,VENTE_CLIENT,RECUE,2026-06-26 08:37:00,1d4729fb-527d-4107-b1d8-d718e7f64323,1,44.9,44.9
e6b55a6f-5ea9-4cd3-9802-fcb3a1f45a4e,VENTE_CLIENT,RECUE,2026-06-26 08:37:00,2f9f7915-0f2d-4aa0-98fa-fbff272def4e,3,14.9,44.7
69f7c24e-a243-4a87-8926-68f577ddffc0,VENTE_CLIENT,RECUE,2026-06-30 16:17:00,2f9f7915-0f2d-4aa0-98fa-fbff272def4e,1,14.9,14.9
67910664-babb-4779-a2e8-51b2d55b05c1,VENTE_CLIENT,RECUE,2026-06-20 17:49:00,05c220e2-16b4-44dc-b5fd-5c6af2a0e444,3,54.9,164.7
0f73ffb5-f862-4e4a-b0c6-df1d94970f0d,VENTE_CLIENT,RECUE,2026-06-25 08:13:00,61fa2627-0c32-4b7e-867e-a04aaeaf12aa,1,14.9,14.9
0f73ffb5-f862-4e4a-b0c6-df1d94970f0d,VENTE_CLIENT,RECUE,2026-06-25 08:13:00,3cfcc465-ff37-402e-9c1b-ba5d3ea94f01,3,44.9,134.7
66fca243-504b-4e86-8e7d-0a4fc857715c,VENTE_CLIENT,RECUE,2026-06-13 12:41:00,3d69487c-f6bf-4558-b7c5-86dfd5caedb4,3,12.9,38.7
08859ad4-a5ac-460d-b17a-bad00f373aea,VENTE_CLIENT,ANNULEE,2026-06-16 09:16:00,1d4729fb-527d-4107-b1d8-d718e7f64323,3,44.9,134.7
dba79090-dcd8-496e-b75c-e608270207a6,VENTE_CLIENT,RECUE,2026-06-24 13:54:00,3d69487c-f6bf-4558-b7c5-86dfd5caedb4,1,12.9,12.9
dba79090-dcd8-496e-b75c-e608270207a6,VENTE_CLIENT,RECUE,2026-06-24 13:54:00,61fa2627-0c32-4b7e-867e-a04aaeaf12aa,3,14.9,44.7
228e9557-c78d-4968-8a1c-c23390147087,VENTE_CLIENT,RECUE,2026-06-14 17:30:00,dbee0582-7f92-49c0-b98d-beef835602c0,2,19.9,39.8
c3a02e34-c28c-4ed6-9729-4103de3f122a,VENTE_CLIENT,RECUE,2026-06-24 16:40:00,394e86b1-2529-4787-99f0-efc1a9651537,3,9.9,29.700000000000003
c3a02e34-c28c-4ed6-9729-4103de3f122a,VENTE_CLIENT,RECUE,2026-06-24 16:40:00,80736db9-6fe9-46c5-b942-d8e6d8873264,1,24.9,24.9
75375a93-d7ad-422e-b8f0-dc61e3086903,VENTE_CLIENT,RECUE,2026-06-02 10:58:00,b1d3e895-75e6-42ad-a3f8-6bd8b9d22be8,2,39.9,79.8
789fc96e-bf16-4c41-ba22-c0d47e6d2e18,VENTE_CLIENT,RECUE,2026-06-06 18:34:00,2f9f7915-0f2d-4aa0-98fa-fbff272def4e,2,14.9,29.8
789fc96e-bf16-4c41-ba22-c0d47e6d2e18,VENTE_CLIENT,RECUE,2026-06-06 18:34:00,eac55e82-4cf3-480b-8940-f858c7db0400,1,14.9,14.9
f5414cd8-71cc-48a2-b42e-7c76ed014c72,VENTE_CLIENT,RECUE,2026-06-19 11:06:00,394e86b1-2529-4787-99f0-efc1a9651537,3,9.9,29.700000000000003
c47b0578-5c6a-4943-b3b3-8b9350f02596,VENTE_CLIENT,RECUE,2026-06-12 09:03:00,3cfcc465-ff37-402e-9c1b-ba5d3ea94f01,1,44.9,44.9
e4464b0c-55a8-4b98-90a3-975ba8c61be3,VENTE_CLIENT,RECUE,2026-06-25 18:16:00,6807df5e-79b3-4b3d-ad75-2360dc5da848,3,39.9,119.69999999999999
dd7181dd-4fa4-4fd2-b616-f332f7486df2,VENTE_CLIENT,RECUE,2026-06-29 08:29:00,05c220e2-16b4-44dc-b5fd-5c6af2a0e444,3,54.9,164.7
dd7181dd-4fa4-4fd2-b616-f332f7486df2,VENTE_CLIENT,RECUE,2026-06-29 08:29:00,80736db9-6fe9-46c5-b942-d8e6d8873264,1,24.9,24.9
c7ca3b00-1cd9-49b1-bf8d-4c802a5d0212,VENTE_CLIENT,RECUE,2026-06-06 10:49:00,eac55e82-4cf3-480b-8940-f858c7db0400,1,14.9,14.9
c7ca3b00-1cd9-49b1-bf8d-4c802a5d0212,VENTE_CLIENT,RECUE,2026-06-06 10:49:00,05c220e2-16b4-44dc-b5fd-5c6af2a0e444,2,54.9,109.8
da7a6846-fe21-4f73-b307-121433d43c19,VENTE_CLIENT,RECUE,2026-06-18 15:24:00,b1d3e895-75e6-42ad-a3f8-6bd8b9d22be8,2,39.9,79.8
519fcfc3-054d-45d5-8fc4-2cefc4ebd205,VENTE_CLIENT,RECUE,2026-06-03 17:18:00,61fa2627-0c32-4b7e-867e-a04aaeaf12aa,2,14.9,29.8
7eac258d-a803-4b72-bd79-1cb11386b4c2,VENTE_CLIENT,ANNULEE,2026-06-16 18:46:00,61fa2627-0c32-4b7e-867e-a04aaeaf12aa,2,14.9,29.8
fbcd9a8d-976d-46bd-a5e5-839360b7d698,VENTE_CLIENT,RECUE,2026-06-03 17:41:00,394e86b1-2529-4787-99f0-efc1a9651537,2,9.9,19.8
ff148755-cb21-4c11-8f62-8def69b02b65,VENTE_CLIENT,RECUE,2026-06-04 18:07:00,61fa2627-0c32-4b7e-867e-a04aaeaf12aa,3,14.9,44.7
a362f011-8f57-459a-91b5-084f1c1b34bc,VENTE_CLIENT,RECUE,2026-06-08 11:51:00,dbee0582-7f92-49c0-b98d-beef835602c0,1,19.9,19.9
3c56059a-f6ad-4c62-a861-1e7099f3b8ab,VENTE_CLIENT,RECUE,2026-06-09 14:14:00,b1d3e895-75e6-42ad-a3f8-6bd8b9d22be8,1,39.9,39.9
aa8c1b10-06e8-496c-971d-4321444c47bf,VENTE_CLIENT,RECUE,2026-06-13 15:01:00,b1d3e895-75e6-42ad-a3f8-6bd8b9d22be8,1,39.9,39.9
c508aadd-7683-4004-8211-3f7c49b038a8,VENTE_CLIENT,RECUE,2026-06-06 15:29:00,1d4729fb-527d-4107-b1d8-d718e7f64323,2,44.9,89.8
c508aadd-7683-4004-8211-3f7c49b038a8,VENTE_CLIENT,RECUE,2026-06-06 15:29:00,b1d3e895-75e6-42ad-a3f8-6bd8b9d22be8,3,39.9,119.69999999999999
f63b3935-ff94-4e14-a339-ef1047819d58,VENTE_CLIENT,RECUE,2026-06-03 08:27:00,1d4729fb-527d-4107-b1d8-d718e7f64323,2,44.9,89.8
f63b3935-ff94-4e14-a339-ef1047819d58,VENTE_CLIENT,RECUE,2026-06-03 08:27:00,61fa2627-0c32-4b7e-867e-a04aaeaf12aa,1,14.9,14.9
e14da06f-3891-45b2-875e-13038101d816,VENTE_CLIENT,RECUE,2026-06-09 10:06:00,05c220e2-16b4-44dc-b5fd-5c6af2a0e444,3,54.9,164.7
c00e62b3-3ea7-49f0-9259-d8a291f85779,VENTE_CLIENT,RECUE,2026-06-05 10:50:00,3cfcc465-ff37-402e-9c1b-ba5d3ea94f01,3,44.9,134.7
68f544e9-82c7-4876-a1af-53d53be28919,VENTE_CLIENT,RECUE,2026-06-07 15:24:00,05c220e2-16b4-44dc-b5fd-5c6af2a0e444,3,54.9,164.7
cf58a8c9-f1cb-420a-8bb9-9d9c183f9865,VENTE_CLIENT,RECUE,2026-06-27 13:29:00,61fa2627-0c32-4b7e-867e-a04aaeaf12aa,1,14.9,14.9
89517a56-84c4-4ab9-8838-679f8656c2e8,VENTE_CLIENT,RECUE,2026-06-02 09:16:00,2f9f7915-0f2d-4aa0-98fa-fbff272def4e,1,14.9,14.9
20e01201-9c5f-4f7e-9d78-aaa1ed9b2386,VENTE_CLIENT,RECUE,2026-06-09 16:05:00,6807df5e-79b3-4b3d-ad75-2360dc5da848,2,39.9,79.8
eb92f93d-4b40-4d10-87a2-dc92f4b0c4de,VENTE_CLIENT,RECUE,2026-06-09 15:27:00,3cfcc465-ff37-402e-9c1b-ba5d3ea94f01,3,44.9,134.7
eb92f93d-4b40-4d10-87a2-dc92f4b0c4de,VENTE_CLIENT,RECUE,2026-06-09 15:27:00,1d4729fb-527d-4107-b1d8-d718e7f64323,1,44.9,44.9
f77f7479-c6ba-4a66-bea8-234b53ba11be,VENTE_CLIENT,RECUE,2026-06-18 10:42:00,61fa2627-0c32-4b7e-867e-a04aaeaf12aa,3,14.9,44.7
296ad2ef-c6c1-47e7-8fc2-900ef0c8ce2b,VENTE_CLIENT,RECUE,2026-06-08 11:16:00,2f9f7915-0f2d-4aa0-98fa-fbff272def4e,2,14.9,29.8
296ad2ef-c6c1-47e7-8fc2-900ef0c8ce2b,VENTE_CLIENT,RECUE,2026-06-08 11:16:00,1d4729fb-527d-4107-b1d8-d718e7f64323,3,44.9,134.7
b7cd561d-d26f-493c-8c59-20a326137f49,VENTE_CLIENT,RECUE,2026-06-20 07:02:00,61fa2627-0c32-4b7e-867e-a04aaeaf12aa,3,14.9,44.7
b7cd561d-d26f-493c-8c59-20a326137f49,VENTE_CLIENT,RECUE,2026-06-20 07:02:00,b1d3e895-75e6-42ad-a3f8-6bd8b9d22be8,3,39.9,119.69999999999999
94a0b209-05bf-4af3-b1bf-e96bacbef7bf,VENTE_CLIENT,RECUE,2026-06-08 16:36:00,2f9f7915-0f2d-4aa0-98fa-fbff272def4e,2,14.9,29.8
171ff944-aef9-47b5-b2ab-69c54e607985,VENTE_CLIENT,RECUE,2026-06-07 17:22:00,80736db9-6fe9-46c5-b942-d8e6d8873264,2,24.9,49.8
de69b4eb-bc27-4b5e-8446-436b95bdbeee,VENTE_CLIENT,RECUE,2026-06-15 11:25:00,eac55e82-4cf3-480b-8940-f858c7db0400,2,14.9,29.8
490c214d-d6b4-4b69-ab54-b1e78ea425b1,VENTE_CLIENT,ANNULEE,2026-06-04 07:00:00,61fa2627-0c32-4b7e-867e-a04aaeaf12aa,2,14.9,29.8
3e47228c-d76c-4d45-a880-0266dc571d45,VENTE_CLIENT,RECUE,2026-06-02 08:00:00,3cfcc465-ff37-402e-9c1b-ba5d3ea94f01,2,44.9,89.8
b72d3721-74b4-4bce-a061-cb92978e51cb,VENTE_CLIENT,RECUE,2026-06-10 18:08:00,80736db9-6fe9-46c5-b942-d8e6d8873264,2,24.9,49.8
b72d3721-74b4-4bce-a061-cb92978e51cb,VENTE_CLIENT,RECUE,2026-06-10 18:08:00,61fa2627-0c32-4b7e-867e-a04aaeaf12aa,1,14.9,14.9
f828b2af-48a8-4aa3-a6b7-7e6fbaa2fa74,VENTE_CLIENT,RECUE,2026-06-07 07:19:00,394e86b1-2529-4787-99f0-efc1a9651537,1,9.9,9.9
f828b2af-48a8-4aa3-a6b7-7e6fbaa2fa74,VENTE_CLIENT,RECUE,2026-06-07 07:19:00,1d4729fb-527d-4107-b1d8-d718e7f64323,2,44.9,89.8
b3b53285-b904-439c-95d1-24b25a6fb0e3,VENTE_CLIENT,RECUE,2026-06-29 11:21:00,61fa2627-0c32-4b7e-867e-a04aaeaf12aa,2,14.9,29.8
b3b53285-b904-439c-95d1-24b25a6fb0e3,VENTE_CLIENT,RECUE,2026-06-29 11:21:00,2f9f7915-0f2d-4aa0-98fa-fbff272def4e,3,14.9,44.7
78aa4615-a7ba-433c-a5fb-ce6cddc4d137,VENTE_CLIENT,RECUE,2026-06-06 12:36:00,61fa2627-0c32-4b7e-867e-a04aaeaf12aa,2,14.9,29.8
a9d3ec54-c548-4713-ac14-529ba088b81f,VENTE_CLIENT,RECUE,2026-06-15 10:25:00,61fa2627-0c32-4b7e-867e-a04aaeaf12aa,2,14.9,29.8
0a86e464-2d0b-47f5-8300-e2794bbf3615,VENTE_CLIENT,RECUE,2026-06-07 16:51:00,61fa2627-0c32-4b7e-867e-a04aaeaf12aa,3,14.9,44.7
0a86e464-2d0b-47f5-8300-e2794bbf3615,VENTE_CLIENT,RECUE,2026-06-07 16:51:00,2f9f7915-0f2d-4aa0-98fa-fbff272def4e,2,14.9,29.8
7a37675e-7455-49e8-bbd0-935f0906c7f5,VENTE_CLIENT,RECUE,2026-06-29 10:56:00,3cfcc465-ff37-402e-9c1b-ba5d3ea94f01,2,44.9,89.8
54632717-d97d-42ae-a87f-8935d83807c2,VENTE_CLIENT,RECUE,2026-06-24 17:02:00,80736db9-6fe9-46c5-b942-d8e6d8873264,2,24.9,49.8
b56b0770-874c-40be-b7af-1cd42bee7e99,VENTE_CLIENT,RECUE,2026-06-18 15:55:00,3cfcc465-ff37-402e-9c1b-ba5d3ea94f01,3,44.9,134.7
b56b0770-874c-40be-b7af-1cd42bee7e99,VENTE_CLIENT,RECUE,2026-06-18 15:55:00,1d4729fb-527d-4107-b1d8-d718e7f64323,2,44.9,89.8
c4d440dc-0662-4b62-8db2-a390817a2f9d,VENTE_CLIENT,RECUE,2026-06-09 14:31:00,80736db9-6fe9-46c5-b942-d8e6d8873264,1,24.9,24.9
02c0d584-a76f-4a3e-9e98-dfef5b635914,VENTE_CLIENT,RECUE,2026-06-17 16:22:00,3cfcc465-ff37-402e-9c1b-ba5d3ea94f01,3,44.9,134.7
6a7baf0e-fc63-4d03-a7d5-8ee54f71ba31,VENTE_CLIENT,RECUE,2026-06-16 11:08:00,3cfcc465-ff37-402e-9c1b-ba5d3ea94f01,1,44.9,44.9
6a7baf0e-fc63-4d03-a7d5-8ee54f71ba31,VENTE_CLIENT,RECUE,2026-06-16 11:08:00,1d4729fb-527d-4107-b1d8-d718e7f64323,2,44.9,89.8
424a3385-8b87-4537-a777-f3d388bee577,VENTE_CLIENT,RECUE,2026-06-16 14:16:00,80736db9-6fe9-46c5-b942-d8e6d8873264,1,24.9,24.9
424a3385-8b87-4537-a777-f3d388bee577,VENTE_CLIENT,RECUE,2026-06-16 14:16:00,dbee0582-7f92-49c0-b98d-beef835602c0,3,19.9,59.699999999999996
d830d21f-f59d-4932-9775-358c0271230c,VENTE_CLIENT,RECUE,2026-06-14 17:07:00,b1d3e895-75e6-42ad-a3f8-6bd8b9d22be8,2,39.9,79.8
b7bcbf18-bf6b-4829-bd5e-3d5299654059,VENTE_CLIENT,RECUE,2026-06-03 11:39:00,80736db9-6fe9-46c5-b942-d8e6d8873264,2,24.9,49.8
91bef9d0-33a5-4492-be36-7e36dd64e6b4,VENTE_CLIENT,RECUE,2026-06-07 15:19:00,05c220e2-16b4-44dc-b5fd-5c6af2a0e444,3,54.9,164.7
de7b48bf-cf02-40dc-a213-b3059a639b4c,VENTE_CLIENT,RECUE,2026-06-09 18:20:00,1d4729fb-527d-4107-b1d8-d718e7f64323,2,44.9,89.8
de7b48bf-cf02-40dc-a213-b3059a639b4c,VENTE_CLIENT,RECUE,2026-06-09 18:20:00,b1d3e895-75e6-42ad-a3f8-6bd8b9d22be8,3,39.9,119.69999999999999
9fc20406-b09b-404a-aa0d-bd42a8caac10,VENTE_CLIENT,RECUE,2026-06-09 07:25:00,80736db9-6fe9-46c5-b942-d8e6d8873264,1,24.9,24.9
c6e9889f-82c8-4aaf-8004-1fecb852af28,VENTE_CLIENT,RECUE,2026-06-03 18:48:00,6807df5e-79b3-4b3d-ad75-2360dc5da848,3,39.9,119.69999999999999
c6e9889f-82c8-4aaf-8004-1fecb852af28,VENTE_CLIENT,RECUE,2026-06-03 18:48:00,1d4729fb-527d-4107-b1d8-d718e7f64323,2,44.9,89.8
8bb03a22-9f67-4218-8417-9e8e0de0f568,VENTE_CLIENT,RECUE,2026-06-23 15:37:00,b1d3e895-75e6-42ad-a3f8-6bd8b9d22be8,2,39.9,79.8
bf990362-0bb4-46f7-9e45-df85a36098ae,VENTE_CLIENT,RECUE,2026-06-03 17:17:00,dbee0582-7f92-49c0-b98d-beef835602c0,2,19.9,39.8
93890787-6ca6-43bb-b249-89decde8ca39,VENTE_CLIENT,RECUE,2026-06-18 08:14:00,80736db9-6fe9-46c5-b942-d8e6d8873264,1,24.9,24.9
f66ffbe0-b31b-4bd5-90fd-3114de4987c9,VENTE_CLIENT,RECUE,2026-06-09 07:15:00,2f9f7915-0f2d-4aa0-98fa-fbff272def4e,3,14.9,44.7
b17f7de0-9c75-42cc-8183-3c02f20a7d6d,VENTE_CLIENT,RECUE,2026-06-06 12:52:00,1d4729fb-527d-4107-b1d8-d718e7f64323,3,44.9,134.7
ceabd42b-3725-4494-a25c-a34946631dad,ACHAT_FOURNISSEUR,RECUE,2026-07-05 13:06:00,3cfcc465-ff37-402e-9c1b-ba5d3ea94f01,18,18.0,324.0
04cfddda-6c02-450a-94a2-e2e0c58a3705,ACHAT_FOURNISSEUR,RECUE,2026-07-06 16:14:00,3d69487c-f6bf-4558-b7c5-86dfd5caedb4,12,4.0,48.0
04cfddda-6c02-450a-94a2-e2e0c58a3705,ACHAT_FOURNISSEUR,RECUE,2026-07-06 16:14:00,b1d3e895-75e6-42ad-a3f8-6bd8b9d22be8,11,15.0,165.0
c42e008f-3ccd-4992-880d-842f159b9bf5,ACHAT_FOURNISSEUR,ANNULEE,2026-07-22 17:21:00,dbee0582-7f92-49c0-b98d-beef835602c0,11,7.0,77.0
c42e008f-3ccd-4992-880d-842f159b9bf5,ACHAT_FOURNISSEUR,ANNULEE,2026-07-22 17:21:00,2f9f7915-0f2d-4aa0-98fa-fbff272def4e,12,6.0,72.0
816631e0-c837-4697-8d8c-718419bcac2e,ACHAT_FOURNISSEUR,RECUE,2026-07-24 09:07:00,82c9b156-9e48-4772-b6a4-610f88eed060,12,6.0,72.0
816631e0-c837-4697-8d8c-718419bcac2e,ACHAT_FOURNISSEUR,RECUE,2026-07-24 09:07:00,05c220e2-16b4-44dc-b5fd-5c6af2a0e444,12,22.0,264.0
416b3eff-da71-44ef-a549-0fccf59a88c1,ACHAT_FOURNISSEUR,RECUE,2026-07-18 08:47:00,3cfcc465-ff37-402e-9c1b-ba5d3ea94f01,14,18.0,252.0
416b3eff-da71-44ef-a549-0fccf59a88c1,ACHAT_FOURNISSEUR,RECUE,2026-07-18 08:47:00,2f9f7915-0f2d-4aa0-98fa-fbff272def4e,8,6.0,48.0
16473d34-ba97-489c-8a55-49ec666fe7f0,ACHAT_FOURNISSEUR,RECUE,2026-07-30 10:23:00,eac55e82-4cf3-480b-8940-f858c7db0400,21,6.0,126.0
7cf08f01-3913-4f1a-ae79-f318f31f3000,ACHAT_FOURNISSEUR,ANNULEE,2026-07-16 10:17:00,eac55e82-4cf3-480b-8940-f858c7db0400,10,6.0,60.0
7cf08f01-3913-4f1a-ae79-f318f31f3000,ACHAT_FOURNISSEUR,ANNULEE,2026-07-16 10:17:00,82c9b156-9e48-4772-b6a4-610f88eed060,8,6.0,48.0
2215d482-ff78-4fb4-9e47-3db2a2655ce8,ACHAT_FOURNISSEUR,RECUE,2026-07-06 14:44:00,394e86b1-2529-4787-99f0-efc1a9651537,9,3.0,27.0
2215d482-ff78-4fb4-9e47-3db2a2655ce8,ACHAT_FOURNISSEUR,RECUE,2026-07-06 14:44:00,6807df5e-79b3-4b3d-ad75-2360dc5da848,13,15.0,195.0
01dc6abc-5ed9-4762-843a-7a6cd984ef53,ACHAT_FOURNISSEUR,RECUE,2026-07-12 11:41:00,394e86b1-2529-4787-99f0-efc1a9651537,18,3.0,54.0
8e6d95b3-0075-46ed-9b3b-b48b704ed754,ACHAT_FOURNISSEUR,RECUE,2026-07-07 18:37:00,3d69487c-f6bf-4558-b7c5-86dfd5caedb4,11,4.0,44.0
1e4eae3b-c765-4f58-9629-94d42e76072e,VENTE_CLIENT,RECUE,2026-07-25 18:39:00,80736db9-6fe9-46c5-b942-d8e6d8873264,1,24.9,24.9
40bc8e24-91e3-42b2-b014-645cf9aa1e70,VENTE_CLIENT,RECUE,2026-07-19 18:48:00,6807df5e-79b3-4b3d-ad75-2360dc5da848,2,39.9,79.8
869b4e43-6e35-47c9-bed0-2fccf5b800d5,VENTE_CLIENT,RECUE,2026-07-08 16:44:00,2f9f7915-0f2d-4aa0-98fa-fbff272def4e,2,14.9,29.8
35955f78-bf5b-461f-9d06-0fcb1d9bae89,VENTE_CLIENT,RECUE,2026-07-06 11:09:00,2f9f7915-0f2d-4aa0-98fa-fbff272def4e,2,14.9,29.8
2eaa609a-7dad-4ce7-862a-e6f9312548d0,VENTE_CLIENT,RECUE,2026-07-30 08:42:00,80736db9-6fe9-46c5-b942-d8e6d8873264,1,24.9,24.9
2eaa609a-7dad-4ce7-862a-e6f9312548d0,VENTE_CLIENT,RECUE,2026-07-30 08:42:00,eac55e82-4cf3-480b-8940-f858c7db0400,1,14.9,14.9
7db4715f-64d5-4fa6-8157-44d695f38644,VENTE_CLIENT,RECUE,2026-07-13 13:09:00,dbee0582-7f92-49c0-b98d-beef835602c0,1,19.9,19.9
912b3411-541f-4a07-83c8-7dce157a1b42,VENTE_CLIENT,RECUE,2026-07-18 12:01:00,80736db9-6fe9-46c5-b942-d8e6d8873264,3,24.9,74.69999999999999
48c0632d-4b41-4307-af42-1fe65164648e,VENTE_CLIENT,RECUE,2026-07-25 13:51:00,b1d3e895-75e6-42ad-a3f8-6bd8b9d22be8,1,39.9,39.9
7f298dc6-ec32-41d0-8e71-2f18b478681e,VENTE_CLIENT,RECUE,2026-07-19 11:53:00,394e86b1-2529-4787-99f0-efc1a9651537,2,9.9,19.8
336ff3dd-1863-4935-befc-c916ddfbf2fd,VENTE_CLIENT,RECUE,2026-07-20 12:31:00,6807df5e-79b3-4b3d-ad75-2360dc5da848,1,39.9,39.9
e054171b-f055-427b-abe0-1e0c5dd14ec0,VENTE_CLIENT,RECUE,2026-07-13 12:01:00,82c9b156-9e48-4772-b6a4-610f88eed060,3,14.9,44.7
3ba3bb36-a278-4d13-a2cc-656fd4d3e84b,VENTE_CLIENT,RECUE,2026-07-25 08:26:00,6807df5e-79b3-4b3d-ad75-2360dc5da848,1,39.9,39.9
71045d65-aa99-4dc6-a7ba-fdcf499e7045,VENTE_CLIENT,RECUE,2026-07-09 18:47:00,05c220e2-16b4-44dc-b5fd-5c6af2a0e444,3,54.9,164.7
71045d65-aa99-4dc6-a7ba-fdcf499e7045,VENTE_CLIENT,RECUE,2026-07-09 18:47:00,1d4729fb-527d-4107-b1d8-d718e7f64323,1,44.9,44.9
f925037b-2ffe-494b-9306-8180fa769ca3,VENTE_CLIENT,RECUE,2026-07-18 12:09:00,2f9f7915-0f2d-4aa0-98fa-fbff272def4e,1,14.9,14.9
f925037b-2ffe-494b-9306-8180fa769ca3,VENTE_CLIENT,RECUE,2026-07-18 12:09:00,394e86b1-2529-4787-99f0-efc1a9651537,3,9.9,29.700000000000003
5aa431c5-fc11-4d8d-88f1-b2100c3aad65,VENTE_CLIENT,RECUE,2026-07-18 07:28:00,b1d3e895-75e6-42ad-a3f8-6bd8b9d22be8,3,39.9,119.69999999999999
d401d67e-b3d6-4f92-bf88-ba3ab477f82d,VENTE_CLIENT,RECUE,2026-07-20 10:16:00,b1d3e895-75e6-42ad-a3f8-6bd8b9d22be8,2,39.9,79.8
41f14df7-c2b2-40e1-9889-3078356627c4,VENTE_CLIENT,RECUE,2026-07-14 12:08:00,2f9f7915-0f2d-4aa0-98fa-fbff272def4e,1,14.9,14.9
9ad3876b-c312-48e8-9fa9-fd112a7f6b59,VENTE_CLIENT,RECUE,2026-07-09 13:21:00,05c220e2-16b4-44dc-b5fd-5c6af2a0e444,1,54.9,54.9
43a97627-b2cd-4b9e-9dbc-f5ba512304a8,VENTE_CLIENT,RECUE,2026-07-18 15:06:00,eac55e82-4cf3-480b-8940-f858c7db0400,3,14.9,44.7
43a97627-b2cd-4b9e-9dbc-f5ba512304a8,VENTE_CLIENT,RECUE,2026-07-18 15:06:00,394e86b1-2529-4787-99f0-efc1a9651537,3,9.9,29.700000000000003
45843b3f-aefc-40af-ae9b-42eabf128ec2,VENTE_CLIENT,ANNULEE,2026-07-24 15:57:00,6807df5e-79b3-4b3d-ad75-2360dc5da848,3,39.9,119.69999999999999
07cce767-5428-4fe1-8028-8b1ea76623e2,VENTE_CLIENT,RECUE,2026-07-09 09:14:00,61fa2627-0c32-4b7e-867e-a04aaeaf12aa,2,14.9,29.8
a99fcbe9-fce3-4857-9689-423658d2ee7e,VENTE_CLIENT,RECUE,2026-07-17 08:28:00,61fa2627-0c32-4b7e-867e-a04aaeaf12aa,2,14.9,29.8
7b9f40a3-fe3b-4f85-838f-57f4fa7106e1,VENTE_CLIENT,RECUE,2026-07-05 11:58:00,82c9b156-9e48-4772-b6a4-610f88eed060,3,14.9,44.7
7b9f40a3-fe3b-4f85-838f-57f4fa7106e1,VENTE_CLIENT,RECUE,2026-07-05 11:58:00,3cfcc465-ff37-402e-9c1b-ba5d3ea94f01,3,44.9,134.7
024c0a9c-8a32-4601-b23e-b4092f61115c,VENTE_CLIENT,RECUE,2026-07-05 12:47:00,eac55e82-4cf3-480b-8940-f858c7db0400,2,14.9,29.8
e8395e08-a1e8-4b92-bb8f-a05a61868421,VENTE_CLIENT,RECUE,2026-07-31 11:58:00,394e86b1-2529-4787-99f0-efc1a9651537,3,9.9,29.700000000000003
25d7d8d5-1cd0-4fbf-acbd-57670233ada1,VENTE_CLIENT,ANNULEE,2026-07-11 17:18:00,eac55e82-4cf3-480b-8940-f858c7db0400,2,14.9,29.8
bd8de427-da9a-4ae7-843b-4eb01f5766da,VENTE_CLIENT,ANNULEE,2026-07-03 07:54:00,394e86b1-2529-4787-99f0-efc1a9651537,2,9.9,19.8
bd8de427-da9a-4ae7-843b-4eb01f5766da,VENTE_CLIENT,ANNULEE,2026-07-03 07:54:00,3d69487c-f6bf-4558-b7c5-86dfd5caedb4,1,12.9,12.9
eb3d028a-f342-450b-8d39-ce68741b9c2d,VENTE_CLIENT,RECUE,2026-07-30 11:09:00,b1d3e895-75e6-42ad-a3f8-6bd8b9d22be8,2,39.9,79.8
eb3d028a-f342-450b-8d39-ce68741b9c2d,VENTE_CLIENT,RECUE,2026-07-30 11:09:00,eac55e82-4cf3-480b-8940-f858c7db0400,1,14.9,14.9
07eb3a2e-7d78-41db-ba07-94a2fff76baf,VENTE_CLIENT,RECUE,2026-07-01 11:42:00,1d4729fb-527d-4107-b1d8-d718e7f64323,3,44.9,134.7
d51d66a0-c4ef-4801-a960-128b6b71f6f9,VENTE_CLIENT,RECUE,2026-07-03 10:11:00,61fa2627-0c32-4b7e-867e-a04aaeaf12aa,3,14.9,44.7
bf75e801-df06-4d18-8a11-32af42229736,VENTE_CLIENT,ANNULEE,2026-07-25 08:44:00,eac55e82-4cf3-480b-8940-f858c7db0400,1,14.9,14.9
a0b02dc9-989b-4956-a605-dd49986ccdf0,VENTE_CLIENT,RECUE,2026-07-07 15:58:00,82c9b156-9e48-4772-b6a4-610f88eed060,3,14.9,44.7
97b01aba-b3ed-4879-b915-140c63492f9c,VENTE_CLIENT,RECUE,2026-07-06 14:58:00,b1d3e895-75e6-42ad-a3f8-6bd8b9d22be8,1,39.9,39.9
5eca911e-b33f-4a9a-988c-7abb4ad9c75c,VENTE_CLIENT,RECUE,2026-07-14 18:04:00,05c220e2-16b4-44dc-b5fd-5c6af2a0e444,1,54.9,54.9
b3791510-1257-4e40-b354-1b558fa3ac06,VENTE_CLIENT,RECUE,2026-07-13 15:59:00,b1d3e895-75e6-42ad-a3f8-6bd8b9d22be8,3,39.9,119.69999999999999
b461ec29-4136-4b3e-8b33-595db1eb6a71,VENTE_CLIENT,RECUE,2026-07-02 13:46:00,1d4729fb-527d-4107-b1d8-d718e7f64323,3,44.9,134.7
348bfc13-3c0e-4456-912d-eec627b65c1e,VENTE_CLIENT,RECUE,2026-07-23 11:30:00,61fa2627-0c32-4b7e-867e-a04aaeaf12aa,1,14.9,14.9
b50f85eb-dca5-4aa9-a886-a84ca62a24de,VENTE_CLIENT,RECUE,2026-07-29 11:43:00,b1d3e895-75e6-42ad-a3f8-6bd8b9d22be8,1,39.9,39.9
b50f85eb-dca5-4aa9-a886-a84ca62a24de,VENTE_CLIENT,RECUE,2026-07-29 11:43:00,82c9b156-9e48-4772-b6a4-610f88eed060,1,14.9,14.9
8d3ef770-7a73-472d-afb9-a0a58c74b57d,VENTE_CLIENT,RECUE,2026-07-15 10:24:00,2f9f7915-0f2d-4aa0-98fa-fbff272def4e,3,14.9,44.7
ea7f6ff4-e02c-494d-b313-ef8ed3073d5c,VENTE_CLIENT,RECUE,2026-07-11 09:15:00,3cfcc465-ff37-402e-9c1b-ba5d3ea94f01,3,44.9,134.7
e5091a67-dbf6-4112-89ad-bf2cd340eff2,VENTE_CLIENT,ANNULEE,2026-07-24 07:46:00,6807df5e-79b3-4b3d-ad75-2360dc5da848,1,39.9,39.9
e5091a67-dbf6-4112-89ad-bf2cd340eff2,VENTE_CLIENT,ANNULEE,2026-07-24 07:46:00,61fa2627-0c32-4b7e-867e-a04aaeaf12aa,1,14.9,14.9
de222aa1-350a-4a8f-97a6-2569bdc288eb,VENTE_CLIENT,RECUE,2026-07-15 07:51:00,05c220e2-16b4-44dc-b5fd-5c6af2a0e444,2,54.9,109.8
bf037ea0-d388-4b29-b7db-50d39ece9e9f,VENTE_CLIENT,RECUE,2026-07-16 18:02:00,3d69487c-f6bf-4558-b7c5-86dfd5caedb4,1,12.9,12.9
0d1743ea-8a7d-489e-9b08-bcc1134eff27,VENTE_CLIENT,RECUE,2026-07-07 16:07:00,1d4729fb-527d-4107-b1d8-d718e7f64323,2,44.9,89.8
0f423c69-069e-47e1-970a-59ce9c5c5654,VENTE_CLIENT,RECUE,2026-07-25 12:41:00,b1d3e895-75e6-42ad-a3f8-6bd8b9d22be8,3,39.9,119.69999999999999
935465f0-fa45-4b01-96a3-a2c6c6b98a91,VENTE_CLIENT,RECUE,2026-07-29 10:00:00,2f9f7915-0f2d-4aa0-98fa-fbff272def4e,1,14.9,14.9
935465f0-fa45-4b01-96a3-a2c6c6b98a91,VENTE_CLIENT,RECUE,2026-07-29 10:00:00,61fa2627-0c32-4b7e-867e-a04aaeaf12aa,1,14.9,14.9
92c70fab-af9f-4041-a70f-01570be133bf,VENTE_CLIENT,RECUE,2026-07-26 11:33:00,1d4729fb-527d-4107-b1d8-d718e7f64323,3,44.9,134.7
783cf4e5-202a-4d8d-82b8-625a09a1bff7,VENTE_CLIENT,RECUE,2026-07-22 09:52:00,3cfcc465-ff37-402e-9c1b-ba5d3ea94f01,1,44.9,44.9
a24b709e-7a67-41ce-9273-5ef844adc5f3,VENTE_CLIENT,RECUE,2026-07-21 09:18:00,3cfcc465-ff37-402e-9c1b-ba5d3ea94f01,3,44.9,134.7
a24b709e-7a67-41ce-9273-5ef844adc5f3,VENTE_CLIENT,RECUE,2026-07-21 09:18:00,1d4729fb-527d-4107-b1d8-d718e7f64323,3,44.9,134.7
d16c13e9-3ab2-4461-a12b-f2335942bf42,VENTE_CLIENT,RECUE,2026-07-14 15:16:00,6807df5e-79b3-4b3d-ad75-2360dc5da848,1,39.9,39.9
66806760-5079-4bdd-b59e-b59dca68d449,VENTE_CLIENT,RECUE,2026-07-08 18:13:00,eac55e82-4cf3-480b-8940-f858c7db0400,1,14.9,14.9
793e58ee-51de-4181-9784-9a74b4c62081,VENTE_CLIENT,RECUE,2026-07-31 12:00:00,61fa2627-0c32-4b7e-867e-a04aaeaf12aa,2,14.9,29.8
bfd37104-d5de-4088-b2d9-d876c41c234e,VENTE_CLIENT,RECUE,2026-07-07 08:41:00,82c9b156-9e48-4772-b6a4-610f88eed060,2,14.9,29.8
bfd37104-d5de-4088-b2d9-d876c41c234e,VENTE_CLIENT,RECUE,2026-07-07 08:41:00,eac55e82-4cf3-480b-8940-f858c7db0400,2,14.9,29.8
42ba211f-011c-46db-a439-e20ffbb03c14,VENTE_CLIENT,RECUE,2026-07-24 11:55:00,3cfcc465-ff37-402e-9c1b-ba5d3ea94f01,3,44.9,134.7
42ba211f-011c-46db-a439-e20ffbb03c14,VENTE_CLIENT,RECUE,2026-07-24 11:55:00,6807df5e-79b3-4b3d-ad75-2360dc5da848,3,39.9,119.69999999999999
67f67d38-e0a4-4919-bdbe-ed38521afcf1,VENTE_CLIENT,RECUE,2026-07-17 07:42:00,b1d3e895-75e6-42ad-a3f8-6bd8b9d22be8,1,39.9,39.9
67f67d38-e0a4-4919-bdbe-ed38521afcf1,VENTE_CLIENT,RECUE,2026-07-17 07:42:00,3d69487c-f6bf-4558-b7c5-86dfd5caedb4,3,12.9,38.7
09a781a1-78b9-4828-926f-f1bd9b1fca26,VENTE_CLIENT,RECUE,2026-07-22 16:49:00,3d69487c-f6bf-4558-b7c5-86dfd5caedb4,1,12.9,12.9
9a60f9b7-e26c-45fa-99fa-497cad120b00,VENTE_CLIENT,RECUE,2026-07-21 07:20:00,3d69487c-f6bf-4558-b7c5-86dfd5caedb4,1,12.9,12.9
9a60f9b7-e26c-45fa-99fa-497cad120b00,VENTE_CLIENT,RECUE,2026-07-21 07:20:00,61fa2627-0c32-4b7e-867e-a04aaeaf12aa,1,14.9,14.9
e42ef9a1-58ad-4d8e-b11d-8d8754f93f61,VENTE_CLIENT,RECUE,2026-07-18 16:44:00,394e86b1-2529-4787-99f0-efc1a9651537,1,9.9,9.9
e42ef9a1-58ad-4d8e-b11d-8d8754f93f61,VENTE_CLIENT,RECUE,2026-07-18 16:44:00,6807df5e-79b3-4b3d-ad75-2360dc5da848,2,39.9,79.8
07cc33d3-5a6c-43e3-83ac-072920b81bf0,VENTE_CLIENT,RECUE,2026-07-02 17:05:00,1d4729fb-527d-4107-b1d8-d718e7f64323,2,44.9,89.8
067e4a29-1129-4733-a672-cb78e0fa5d77,VENTE_CLIENT,RECUE,2026-07-20 08:13:00,6807df5e-79b3-4b3d-ad75-2360dc5da848,2,39.9,79.8
dc795d28-cc03-4ddf-801c-7b9852bb7a2e,VENTE_CLIENT,RECUE,2026-07-06 12:45:00,6807df5e-79b3-4b3d-ad75-2360dc5da848,1,39.9,39.9
235dbea7-0131-4b48-91d6-f3e5a1e683f2,VENTE_CLIENT,RECUE,2026-07-28 10:11:00,eac55e82-4cf3-480b-8940-f858c7db0400,1,14.9,14.9
9c89abb3-dfce-48bf-bdeb-29f7516a9669,VENTE_CLIENT,ANNULEE,2026-07-13 10:54:00,b1d3e895-75e6-42ad-a3f8-6bd8b9d22be8,3,39.9,119.69999999999999
880dc777-dd20-4e1e-9d99-10e60f44e366,VENTE_CLIENT,RECUE,2026-07-11 12:47:00,61fa2627-0c32-4b7e-867e-a04aaeaf12aa,3,14.9,44.7
df443263-2cf7-41cf-b362-00006c35fcec,VENTE_CLIENT,RECUE,2026-07-27 09:50:00,eac55e82-4cf3-480b-8940-f858c7db0400,1,14.9,14.9
df443263-2cf7-41cf-b362-00006c35fcec,VENTE_CLIENT,RECUE,2026-07-27 09:50:00,3d69487c-f6bf-4558-b7c5-86dfd5caedb4,1,12.9,12.9
ed541bed-e243-4395-a7bc-e84f19cacf63,VENTE_CLIENT,RECUE,2026-07-22 18:35:00,61fa2627-0c32-4b7e-867e-a04aaeaf12aa,2,14.9,29.8
267de114-7baf-4bf1-b6b0-459824968d77,VENTE_CLIENT,RECUE,2026-07-16 07:08:00,3d69487c-f6bf-4558-b7c5-86dfd5caedb4,2,12.9,25.8
d3a61968-5a5e-467d-8614-4bdc9d9117f1,VENTE_CLIENT,RECUE,2026-07-30 07:53:00,394e86b1-2529-4787-99f0-efc1a9651537,1,9.9,9.9
a9ba76fb-64d0-4540-8326-2c634a634b5c,VENTE_CLIENT,RECUE,2026-07-10 07:54:00,3d69487c-f6bf-4558-b7c5-86dfd5caedb4,3,12.9,38.7
3523c85c-0aea-4c4b-9d45-6c669d6ad66e,ACHAT_FOURNISSEUR,RECUE,2026-08-03 15:50:00,05c220e2-16b4-44dc-b5fd-5c6af2a0e444,13,22.0,286.0
3523c85c-0aea-4c4b-9d45-6c669d6ad66e,ACHAT_FOURNISSEUR,RECUE,2026-08-03 15:50:00,61fa2627-0c32-4b7e-867e-a04aaeaf12aa,8,6.0,48.0
d6fb6976-9371-4b47-9c54-035a6b25c755,ACHAT_FOURNISSEUR,RECUE,2026-08-06 18:56:00,3cfcc465-ff37-402e-9c1b-ba5d3ea94f01,22,18.0,396.0
2e2839ac-2f62-4724-8ba7-810950e39ccd,ACHAT_FOURNISSEUR,RECUE,2026-08-08 08:27:00,dbee0582-7f92-49c0-b98d-beef835602c0,22,7.0,154.0
9ad64f71-60de-4063-9844-db421411032a,ACHAT_FOURNISSEUR,RECUE,2026-08-09 13:02:00,394e86b1-2529-4787-99f0-efc1a9651537,12,3.0,36.0
8ab92675-d62e-446e-8c13-1e1ccf1f19a9,VENTE_CLIENT,RECUE,2026-08-11 12:27:00,05c220e2-16b4-44dc-b5fd-5c6af2a0e444,2,54.9,109.8
8ab92675-d62e-446e-8c13-1e1ccf1f19a9,VENTE_CLIENT,RECUE,2026-08-11 12:27:00,3d69487c-f6bf-4558-b7c5-86dfd5caedb4,2,12.9,25.8
1ecdfde8-53ef-453d-bcb5-5ad6b7505cd9,VENTE_CLIENT,RECUE,2026-08-02 14:50:00,1d4729fb-527d-4107-b1d8-d718e7f64323,1,44.9,44.9
1ecdfde8-53ef-453d-bcb5-5ad6b7505cd9,VENTE_CLIENT,RECUE,2026-08-02 14:50:00,6807df5e-79b3-4b3d-ad75-2360dc5da848,1,39.9,39.9
52efb711-025d-4d88-a6a3-e59e93faece0,VENTE_CLIENT,RECUE,2026-08-02 15:45:00,3cfcc465-ff37-402e-9c1b-ba5d3ea94f01,2,44.9,89.8
42214dcf-ef2e-4368-83a5-d95f3b3d3400,VENTE_CLIENT,RECUE,2026-08-03 16:51:00,394e86b1-2529-4787-99f0-efc1a9651537,3,9.9,29.700000000000003
42214dcf-ef2e-4368-83a5-d95f3b3d3400,VENTE_CLIENT,RECUE,2026-08-03 16:51:00,61fa2627-0c32-4b7e-867e-a04aaeaf12aa,3,14.9,44.7
de9e22fa-eceb-4e5f-8ac8-9a148fe2b506,VENTE_CLIENT,RECUE,2026-08-10 09:21:00,394e86b1-2529-4787-99f0-efc1a9651537,3,9.9,29.700000000000003
7b1bc0cc-50fe-4fa9-8a8c-ac3d9a1bf230,VENTE_CLIENT,RECUE,2026-08-12 16:33:00,61fa2627-0c32-4b7e-867e-a04aaeaf12aa,1,14.9,14.9
c1539992-2200-4056-b1fa-95b074e17f51,VENTE_CLIENT,RECUE,2026-08-04 12:32:00,dbee0582-7f92-49c0-b98d-beef835602c0,2,19.9,39.8
c1539992-2200-4056-b1fa-95b074e17f51,VENTE_CLIENT,RECUE,2026-08-04 12:32:00,b1d3e895-75e6-42ad-a3f8-6bd8b9d22be8,3,39.9,119.69999999999999
c08df559-013f-4be2-9b06-81590a1820ab,VENTE_CLIENT,RECUE,2026-08-09 10:14:00,3d69487c-f6bf-4558-b7c5-86dfd5caedb4,2,12.9,25.8
c87ea997-a385-4d08-8fd4-6d6324a2878d,VENTE_CLIENT,RECUE,2026-08-07 09:30:00,6807df5e-79b3-4b3d-ad75-2360dc5da848,2,39.9,79.8
497b1e78-d777-49a3-895b-95918ff33a37,VENTE_CLIENT,RECUE,2026-08-08 18:41:00,eac55e82-4cf3-480b-8940-f858c7db0400,2,14.9,29.8
497b1e78-d777-49a3-895b-95918ff33a37,VENTE_CLIENT,RECUE,2026-08-08 18:41:00,394e86b1-2529-4787-99f0-efc1a9651537,2,9.9,19.8
31e48844-a967-49c5-931e-297de66765bf,VENTE_CLIENT,RECUE,2026-08-06 11:53:00,4b036e43-3c29-4f80-bddb-d0b09c2ddfae,1,16.9,16.9
c7e59fa6-d878-4c8a-b876-45c8c87c49e4,VENTE_CLIENT,RECUE,2026-08-09 11:52:00,61fa2627-0c32-4b7e-867e-a04aaeaf12aa,2,14.9,29.8
c7e59fa6-d878-4c8a-b876-45c8c87c49e4,VENTE_CLIENT,RECUE,2026-08-09 11:52:00,6807df5e-79b3-4b3d-ad75-2360dc5da848,3,39.9,119.69999999999999
a2acae5e-fd3c-4f8a-acf8-5df7f59884b9,VENTE_CLIENT,RECUE,2026-08-05 07:06:00,394e86b1-2529-4787-99f0-efc1a9651537,1,9.9,9.9
06122a28-a06e-44f2-aa95-224ac03e2b46,VENTE_CLIENT,RECUE,2026-08-02 09:40:00,dbee0582-7f92-49c0-b98d-beef835602c0,2,19.9,39.8
f93467da-d6c8-4305-984f-605797c2bf2d,VENTE_CLIENT,ANNULEE,2026-08-04 18:50:00,1d4729fb-527d-4107-b1d8-d718e7f64323,3,44.9,134.7
f2debfea-994a-45a8-8998-4c0efb348d8f,VENTE_CLIENT,ANNULEE,2026-08-06 13:58:00,61fa2627-0c32-4b7e-867e-a04aaeaf12aa,3,14.9,44.7
6a54e97f-4ed1-43fc-82dd-348f7b1f1c5b,VENTE_CLIENT,RECUE,2026-08-09 08:49:00,eac55e82-4cf3-480b-8940-f858c7db0400,3,14.9,44.7
8c7c152f-efb0-4482-bf99-12e8637e1940,VENTE_CLIENT,ANNULEE,2026-08-05 07:14:00,eac55e82-4cf3-480b-8940-f858c7db0400,2,14.9,29.8
5791eeb0-cb20-4cef-be91-aa1f72be4485,VENTE_CLIENT,RECUE,2026-08-10 09:03:00,394e86b1-2529-4787-99f0-efc1a9651537,1,9.9,9.9
ec077cf2-eeea-4df1-9356-64b626d32b11,VENTE_CLIENT,RECUE,2026-08-01 11:55:00,394e86b1-2529-4787-99f0-efc1a9651537,3,9.9,29.700000000000003
d1856f65-d82f-45c1-bf98-d59e422eedd6,VENTE_CLIENT,ANNULEE,2026-08-01 12:27:00,6807df5e-79b3-4b3d-ad75-2360dc5da848,3,39.9,119.69999999999999
d1856f65-d82f-45c1-bf98-d59e422eedd6,VENTE_CLIENT,ANNULEE,2026-08-01 12:27:00,394e86b1-2529-4787-99f0-efc1a9651537,3,9.9,29.700000000000003
7e6bbf2b-4721-4f9e-a7d6-bc1a332dfc7b,VENTE_CLIENT,RECUE,2026-08-08 07:09:00,394e86b1-2529-4787-99f0-efc1a9651537,3,9.9,29.700000000000003
dbf15201-7803-4d23-9dec-bb3579a6794d,VENTE_CLIENT,RECUE,2026-08-01 13:32:00,394e86b1-2529-4787-99f0-efc1a9651537,1,9.9,9.9
dbf15201-7803-4d23-9dec-bb3579a6794d,VENTE_CLIENT,RECUE,2026-08-01 13:32:00,1d4729fb-527d-4107-b1d8-d718e7f64323,3,44.9,134.7
b1e82d38-3e17-45ca-8041-6a80b7fa31d1,VENTE_CLIENT,RECUE,2026-08-03 13:26:00,1d4729fb-527d-4107-b1d8-d718e7f64323,1,44.9,44.9
653e63b6-ba64-4bbe-93e5-6de2a9490386,VENTE_CLIENT,RECUE,2026-08-10 12:34:00,61fa2627-0c32-4b7e-867e-a04aaeaf12aa,2,14.9,29.8
653e63b6-ba64-4bbe-93e5-6de2a9490386,VENTE_CLIENT,RECUE,2026-08-10 12:34:00,394e86b1-2529-4787-99f0-efc1a9651537,3,9.9,29.700000000000003
0aacd8f0-a38e-4016-9a33-4786eb780f6f,VENTE_CLIENT,ANNULEE,2026-08-10 08:48:00,61fa2627-0c32-4b7e-867e-a04aaeaf12aa,2,14.9,29.8
0aacd8f0-a38e-4016-9a33-4786eb780f6f,VENTE_CLIENT,ANNULEE,2026-08-10 08:48:00,eac55e82-4cf3-480b-8940-f858c7db0400,1,14.9,14.9
